
  .   ____          _            __ _ _
 /\\ / ___'_ __ _ _(_)_ __  __ _ \ \ \ \
( ( )\___ | '_ | '_| | '_ \/ _` | \ \ \ \
 \\/  ___)| |_)| | | | | || (_| |  ) ) ) )
  '  |____| .__|_| |_|_| |_\__, | / / / /
 =========|_|==============|___/=/_/_/_/
 :: Spring Boot ::                (v3.2.3)

2026-08-18T00:52:40.391+05:30  INFO 22332 --- [fixmate-backend] [           main] com.fixmate.FixmateApplication           : Starting FixmateApplication v0.0.1-SNAPSHOT using Java 23.0.1 with PID 22332 (D:\Projects\fixmate\target\fixmate-0.0.1-SNAPSHOT.jar started by HP in D:\Projects\fixmate\target)
2026-08-18T00:52:40.399+05:30  INFO 22332 --- [fixmate-backend] [           main] com.fixmate.FixmateApplication           : No active profile set, falling back to 1 default profile: "default"
2026-08-18T00:52:44.517+05:30  INFO 22332 --- [fixmate-backend] [           main] .s.d.r.c.RepositoryConfigurationDelegate : Bootstrapping Spring Data JPA repositories in DEFAULT mode.
2026-08-18T00:52:45.276+05:30  INFO 22332 --- [fixmate-backend] [           main] .s.d.r.c.RepositoryConfigurationDelegate : Finished Spring Data repository scanning in 718 ms. Found 8 JPA repository interfaces.
2026-08-18T00:52:46.280+05:30  INFO 22332 --- [fixmate-backend] [           main] o.s.cloud.context.scope.GenericScope     : BeanFactory id=de516cd8-8d09-3de7-afef-06d38a09c475
2026-08-18T00:52:46.947+05:30  WARN 22332 --- [fixmate-backend] [           main] trationDelegate$BeanPostProcessorChecker : Bean 'org.springframework.cloud.client.loadbalancer.LoadBalancerAutoConfiguration$LoadBalancerInterceptorConfig' of type [org.springframework.cloud.client.loadbalancer.LoadBalancerAutoConfiguration$LoadBalancerInterceptorConfig] is not eligible for getting processed by all BeanPostProcessors (for example: not eligible for auto-proxying). The currently created BeanPostProcessor [lbRestClientPostProcessor] is declared through a non-static factory method on that class; consider declaring it as static instead.
2026-08-18T00:52:46.960+05:30  WARN 22332 --- [fixmate-backend] [           main] trationDelegate$BeanPostProcessorChecker : Bean 'org.springframework.cloud.loadbalancer.config.BlockingLoadBalancerClientAutoConfiguration' of type [org.springframework.cloud.loadbalancer.config.BlockingLoadBalancerClientAutoConfiguration] is not eligible for getting processed by all BeanPostProcessors (for example: not eligible for auto-proxying). Is this bean getting eagerly injected into a currently created BeanPostProcessor [lbRestClientPostProcessor]? Check the corresponding BeanPostProcessor declaration and its dependencies.
2026-08-18T00:52:46.965+05:30  WARN 22332 --- [fixmate-backend] [           main] trationDelegate$BeanPostProcessorChecker : Bean 'org.springframework.cloud.loadbalancer.config.LoadBalancerAutoConfiguration' of type [org.springframework.cloud.loadbalancer.config.LoadBalancerAutoConfiguration] is not eligible for getting processed by all BeanPostProcessors (for example: not eligible for auto-proxying). Is this bean getting eagerly injected into a currently created BeanPostProcessor [lbRestClientPostProcessor]? Check the corresponding BeanPostProcessor declaration and its dependencies.
2026-08-18T00:52:47.003+05:30  WARN 22332 --- [fixmate-backend] [           main] trationDelegate$BeanPostProcessorChecker : Bean 'org.springframework.cloud.commons.config.CommonsConfigAutoConfiguration' of type [org.springframework.cloud.commons.config.CommonsConfigAutoConfiguration] is not eligible for getting processed by all BeanPostProcessors (for example: not eligible for auto-proxying). Is this bean getting eagerly injected into a currently created BeanPostProcessor [lbRestClientPostProcessor]? Check the corresponding BeanPostProcessor declaration and its dependencies.
2026-08-18T00:52:47.013+05:30  WARN 22332 --- [fixmate-backend] [           main] trationDelegate$BeanPostProcessorChecker : Bean 'org.springframework.cloud.client.loadbalancer.LoadBalancerDefaultMappingsProviderAutoConfiguration' of type [org.springframework.cloud.client.loadbalancer.LoadBalancerDefaultMappingsProviderAutoConfiguration] is not eligible for getting processed by all BeanPostProcessors (for example: not eligible for auto-proxying). Is this bean getting eagerly injected into a currently created BeanPostProcessor [lbRestClientPostProcessor]? Check the corresponding BeanPostProcessor declaration and its dependencies.
2026-08-18T00:52:47.022+05:30  WARN 22332 --- [fixmate-backend] [           main] trationDelegate$BeanPostProcessorChecker : Bean 'loadBalancerClientsDefaultsMappingsProvider' of type [org.springframework.cloud.client.loadbalancer.LoadBalancerDefaultMappingsProviderAutoConfiguration$$Lambda/0x000001fb014577e0] is not eligible for getting processed by all BeanPostProcessors (for example: not eligible for auto-proxying). Is this bean getting eagerly injected into a currently created BeanPostProcessor [lbRestClientPostProcessor]? Check the corresponding BeanPostProcessor declaration and its dependencies.
2026-08-18T00:52:47.028+05:30  WARN 22332 --- [fixmate-backend] [           main] trationDelegate$BeanPostProcessorChecker : Bean 'defaultsBindHandlerAdvisor' of type [org.springframework.cloud.commons.config.DefaultsBindHandlerAdvisor] is not eligible for getting processed by all BeanPostProcessors (for example: not eligible for auto-proxying). Is this bean getting eagerly injected into a currently created BeanPostProcessor [lbRestClientPostProcessor]? Check the corresponding BeanPostProcessor declaration and its dependencies.
2026-08-18T00:52:47.064+05:30  WARN 22332 --- [fixmate-backend] [           main] trationDelegate$BeanPostProcessorChecker : Bean 'spring.cloud.loadbalancer-org.springframework.cloud.client.loadbalancer.LoadBalancerClientsProperties' of type [org.springframework.cloud.client.loadbalancer.LoadBalancerClientsProperties] is not eligible for getting processed by all BeanPostProcessors (for example: not eligible for auto-proxying). Is this bean getting eagerly injected into a currently created BeanPostProcessor [lbRestClientPostProcessor]? Check the corresponding BeanPostProcessor declaration and its dependencies.
2026-08-18T00:52:47.078+05:30  WARN 22332 --- [fixmate-backend] [           main] trationDelegate$BeanPostProcessorChecker : Bean 'default.org.springframework.cloud.loadbalancer.config.LoadBalancerAutoConfiguration.LoadBalancerClientSpecification' of type [org.springframework.cloud.loadbalancer.annotation.LoadBalancerClientSpecification] is not eligible for getting processed by all BeanPostProcessors (for example: not eligible for auto-proxying). Is this bean getting eagerly injected into a currently created BeanPostProcessor [lbRestClientPostProcessor]? Check the corresponding BeanPostProcessor declaration and its dependencies.
2026-08-18T00:52:47.080+05:30  WARN 22332 --- [fixmate-backend] [           main] trationDelegate$BeanPostProcessorChecker : Bean 'default.org.springframework.cloud.loadbalancer.config.BlockingLoadBalancerClientAutoConfiguration.LoadBalancerClientSpecification' of type [org.springframework.cloud.loadbalancer.annotation.LoadBalancerClientSpecification] is not eligible for getting processed by all BeanPostProcessors (for example: not eligible for auto-proxying). Is this bean getting eagerly injected into a currently created BeanPostProcessor [lbRestClientPostProcessor]? Check the corresponding BeanPostProcessor declaration and its dependencies.
2026-08-18T00:52:47.084+05:30  WARN 22332 --- [fixmate-backend] [           main] trationDelegate$BeanPostProcessorChecker : Bean 'default.org.springframework.cloud.netflix.eureka.loadbalancer.LoadBalancerEurekaAutoConfiguration.LoadBalancerClientSpecification' of type [org.springframework.cloud.loadbalancer.annotation.LoadBalancerClientSpecification] is not eligible for getting processed by all BeanPostProcessors (for example: not eligible for auto-proxying). Is this bean getting eagerly injected into a currently created BeanPostProcessor [lbRestClientPostProcessor]? Check the corresponding BeanPostProcessor declaration and its dependencies.
2026-08-18T00:52:47.090+05:30  WARN 22332 --- [fixmate-backend] [           main] trationDelegate$BeanPostProcessorChecker : Bean 'loadBalancerClientFactory' of type [org.springframework.cloud.loadbalancer.support.LoadBalancerClientFactory] is not eligible for getting processed by all BeanPostProcessors (for example: not eligible for auto-proxying). Is this bean getting eagerly injected into a currently created BeanPostProcessor [lbRestClientPostProcessor]? Check the corresponding BeanPostProcessor declaration and its dependencies.
2026-08-18T00:52:47.108+05:30  WARN 22332 --- [fixmate-backend] [           main] trationDelegate$BeanPostProcessorChecker : Bean 'blockingLoadBalancerClient' of type [org.springframework.cloud.loadbalancer.blocking.client.BlockingLoadBalancerClient] is not eligible for getting processed by all BeanPostProcessors (for example: not eligible for auto-proxying). Is this bean getting eagerly injected into a currently created BeanPostProcessor [lbRestClientPostProcessor]? Check the corresponding BeanPostProcessor declaration and its dependencies.
2026-08-18T00:52:47.144+05:30  WARN 22332 --- [fixmate-backend] [           main] trationDelegate$BeanPostProcessorChecker : Bean 'loadBalancerServiceInstanceCookieTransformer' of type [org.springframework.cloud.loadbalancer.core.LoadBalancerServiceInstanceCookieTransformer] is not eligible for getting processed by all BeanPostProcessors (for example: not eligible for auto-proxying). Is this bean getting eagerly injected into a currently created BeanPostProcessor [lbRestClientPostProcessor]? Check the corresponding BeanPostProcessor declaration and its dependencies.
2026-08-18T00:52:47.152+05:30  WARN 22332 --- [fixmate-backend] [           main] trationDelegate$BeanPostProcessorChecker : Bean 'xForwarderHeadersTransformer' of type [org.springframework.cloud.loadbalancer.blocking.XForwardedHeadersTransformer] is not eligible for getting processed by all BeanPostProcessors (for example: not eligible for auto-proxying). Is this bean getting eagerly injected into a currently created BeanPostProcessor [lbRestClientPostProcessor]? Check the corresponding BeanPostProcessor declaration and its dependencies.
2026-08-18T00:52:47.159+05:30  WARN 22332 --- [fixmate-backend] [           main] trationDelegate$BeanPostProcessorChecker : Bean 'org.springframework.cloud.client.loadbalancer.LoadBalancerAutoConfiguration' of type [org.springframework.cloud.client.loadbalancer.LoadBalancerAutoConfiguration] is not eligible for getting processed by all BeanPostProcessors (for example: not eligible for auto-proxying). Is this bean getting eagerly injected into a currently created BeanPostProcessor [lbRestClientPostProcessor]? Check the corresponding BeanPostProcessor declaration and its dependencies.
2026-08-18T00:52:47.164+05:30  WARN 22332 --- [fixmate-backend] [           main] trationDelegate$BeanPostProcessorChecker : Bean 'loadBalancerRequestFactory' of type [org.springframework.cloud.client.loadbalancer.LoadBalancerRequestFactory] is not eligible for getting processed by all BeanPostProcessors (for example: not eligible for auto-proxying). Is this bean getting eagerly injected into a currently created BeanPostProcessor [lbRestClientPostProcessor]? Check the corresponding BeanPostProcessor declaration and its dependencies.
2026-08-18T00:52:47.173+05:30  WARN 22332 --- [fixmate-backend] [           main] trationDelegate$BeanPostProcessorChecker : Bean 'loadBalancerInterceptor' of type [org.springframework.cloud.client.loadbalancer.LoadBalancerInterceptor] is not eligible for getting processed by all BeanPostProcessors (for example: not eligible for auto-proxying). Is this bean getting eagerly injected into a currently created BeanPostProcessor [lbRestClientPostProcessor]? Check the corresponding BeanPostProcessor declaration and its dependencies.
2026-08-18T00:52:48.071+05:30  INFO 22332 --- [fixmate-backend] [           main] o.s.b.w.embedded.tomcat.TomcatWebServer  : Tomcat initialized with port 8081 (http)
2026-08-18T00:52:48.136+05:30  INFO 22332 --- [fixmate-backend] [           main] o.apache.catalina.core.StandardService   : Starting service [Tomcat]
2026-08-18T00:52:48.139+05:30  INFO 22332 --- [fixmate-backend] [           main] o.apache.catalina.core.StandardEngine    : Starting Servlet engine: [Apache Tomcat/10.1.19]
2026-08-18T00:52:48.289+05:30  INFO 22332 --- [fixmate-backend] [           main] o.a.c.c.C.[Tomcat].[localhost].[/]       : Initializing Spring embedded WebApplicationContext
2026-08-18T00:52:48.293+05:30  INFO 22332 --- [fixmate-backend] [           main] w.s.c.ServletWebServerApplicationContext : Root WebApplicationContext: initialization completed in 7485 ms
2026-08-18T00:52:48.870+05:30  INFO 22332 --- [fixmate-backend] [           main] o.hibernate.jpa.internal.util.LogHelper  : HHH000204: Processing PersistenceUnitInfo [name: default]
2026-08-18T00:52:49.172+05:30  INFO 22332 --- [fixmate-backend] [           main] org.hibernate.Version                    : HHH000412: Hibernate ORM core version 6.4.4.Final
2026-08-18T00:52:49.344+05:30  INFO 22332 --- [fixmate-backend] [           main] o.h.c.internal.RegionFactoryInitiator    : HHH000026: Second-level cache disabled
2026-08-18T00:52:50.436+05:30  INFO 22332 --- [fixmate-backend] [           main] o.s.o.j.p.SpringPersistenceUnitInfo      : No LoadTimeWeaver setup: ignoring JPA class transformer
2026-08-18T00:52:50.544+05:30  INFO 22332 --- [fixmate-backend] [           main] com.zaxxer.hikari.HikariDataSource       : HikariPool-1 - Starting...
2026-08-18T00:52:51.692+05:30  INFO 22332 --- [fixmate-backend] [           main] com.zaxxer.hikari.pool.HikariPool        : HikariPool-1 - Added connection com.mysql.cj.jdbc.ConnectionImpl@4119346d
2026-08-18T00:52:51.701+05:30  INFO 22332 --- [fixmate-backend] [           main] com.zaxxer.hikari.HikariDataSource       : HikariPool-1 - Start completed.
2026-08-18T00:52:51.887+05:30  WARN 22332 --- [fixmate-backend] [           main] org.hibernate.orm.deprecation            : HHH90000025: MySQLDialect does not need to be specified explicitly using 'hibernate.dialect' (remove the property setting and it will be selected by default)
2026-08-18T00:52:57.238+05:30  INFO 22332 --- [fixmate-backend] [           main] o.h.e.t.j.p.i.JtaPlatformInitiator       : HHH000489: No JTA platform available (set 'hibernate.transaction.jta.platform' to enable JTA platform integration)
2026-08-18T00:52:57.745+05:30  INFO 22332 --- [fixmate-backend] [           main] j.LocalContainerEntityManagerFactoryBean : Initialized JPA EntityManagerFactory for persistence unit 'default'
2026-08-18T00:53:00.049+05:30  INFO 22332 --- [fixmate-backend] [           main] o.s.d.j.r.query.QueryEnhancerFactory     : Hibernate is in classpath; If applicable, HQL parser will be used.
2026-08-18T00:53:02.919+05:30  WARN 22332 --- [fixmate-backend] [           main] JpaBaseConfiguration$JpaWebConfiguration : spring.jpa.open-in-view is enabled by default. Therefore, database queries may be performed during view rendering. Explicitly configure spring.jpa.open-in-view to disable this warning
2026-08-18T00:53:03.990+05:30  INFO 22332 --- [fixmate-backend] [           main] o.s.s.web.DefaultSecurityFilterChain     : Will secure any request with [org.springframework.security.web.session.DisableEncodeUrlFilter@49bc9588, org.springframework.security.web.context.request.async.WebAsyncManagerIntegrationFilter@7b9c54c7, org.springframework.security.web.context.SecurityContextHolderFilter@6d487f2b, org.springframework.security.web.header.HeaderWriterFilter@54898111, org.springframework.web.filter.CorsFilter@496de48b, org.springframework.security.web.authentication.logout.LogoutFilter@107302a5, com.fixmate.config.JwtAuthenticationFilter@23cfc9eb, org.springframework.security.web.savedrequest.RequestCacheAwareFilter@1d546842, org.springframework.security.web.servletapi.SecurityContextHolderAwareRequestFilter@7c458ad3, org.springframework.security.web.authentication.AnonymousAuthenticationFilter@7005b6e, org.springframework.security.web.session.SessionManagementFilter@3a5f0ed5, org.springframework.security.web.access.ExceptionTranslationFilter@77ae2d25, org.springframework.security.web.access.intercept.AuthorizationFilter@2c43da32]
2026-08-18T00:53:05.146+05:30  INFO 22332 --- [fixmate-backend] [           main] DiscoveryClientOptionalArgsConfiguration : Eureka HTTP Client uses RestTemplate.
2026-08-18T00:53:05.271+05:30  WARN 22332 --- [fixmate-backend] [           main] iguration$LoadBalancerCaffeineWarnLogger : Spring Cloud LoadBalancer is currently working with the default cache. While this cache implementation is useful for development and tests, it's recommended to use Caffeine cache in production.You can switch to using Caffeine cache, by adding it and org.springframework.cache.caffeine.CaffeineCacheManager to the classpath.
2026-08-18T00:53:05.349+05:30  INFO 22332 --- [fixmate-backend] [           main] o.s.c.n.eureka.InstanceInfoFactory       : Setting initial instance status as: STARTING
2026-08-18T00:53:05.815+05:30  INFO 22332 --- [fixmate-backend] [           main] com.netflix.discovery.DiscoveryClient    : Initializing Eureka in region us-east-1
2026-08-18T00:53:05.839+05:30  INFO 22332 --- [fixmate-backend] [           main] c.n.d.s.r.aws.ConfigClusterResolver      : Resolving eureka endpoints via configuration
2026-08-18T00:53:05.955+05:30  INFO 22332 --- [fixmate-backend] [           main] com.netflix.discovery.DiscoveryClient    : Disable delta property : false
2026-08-18T00:53:05.956+05:30  INFO 22332 --- [fixmate-backend] [           main] com.netflix.discovery.DiscoveryClient    : Single vip registry refresh property : null
2026-08-18T00:53:05.958+05:30  INFO 22332 --- [fixmate-backend] [           main] com.netflix.discovery.DiscoveryClient    : Force full registry fetch : false
2026-08-18T00:53:05.959+05:30  INFO 22332 --- [fixmate-backend] [           main] com.netflix.discovery.DiscoveryClient    : Application is null : false
2026-08-18T00:53:05.960+05:30  INFO 22332 --- [fixmate-backend] [           main] com.netflix.discovery.DiscoveryClient    : Registered Applications size is zero : true
2026-08-18T00:53:05.961+05:30  INFO 22332 --- [fixmate-backend] [           main] com.netflix.discovery.DiscoveryClient    : Application version is -1: true
2026-08-18T00:53:05.963+05:30  INFO 22332 --- [fixmate-backend] [           main] com.netflix.discovery.DiscoveryClient    : Getting all instance registry info from the eureka server
2026-08-18T00:53:07.391+05:30  INFO 22332 --- [fixmate-backend] [           main] com.netflix.discovery.DiscoveryClient    : The response status is 200
2026-08-18T00:53:07.400+05:30  INFO 22332 --- [fixmate-backend] [           main] com.netflix.discovery.DiscoveryClient    : Starting heartbeat executor: renew interval is: 30
2026-08-18T00:53:07.407+05:30  INFO 22332 --- [fixmate-backend] [           main] c.n.discovery.InstanceInfoReplicator     : InstanceInfoReplicator onDemand update allowed rate per min is 4
2026-08-18T00:53:07.420+05:30  INFO 22332 --- [fixmate-backend] [           main] com.netflix.discovery.DiscoveryClient    : Discovery Client initialized at timestamp 1786994587418 with initial instances count: 2
2026-08-18T00:53:07.430+05:30  INFO 22332 --- [fixmate-backend] [           main] o.s.c.n.e.s.EurekaServiceRegistry        : Registering application FIXMATE-BACKEND with eureka with status UP
2026-08-18T00:53:07.431+05:30  INFO 22332 --- [fixmate-backend] [           main] com.netflix.discovery.DiscoveryClient    : Saw local status change event StatusChangeEvent [timestamp=1786994587431, current=UP, previous=STARTING]
2026-08-18T00:53:07.436+05:30  INFO 22332 --- [fixmate-backend] [nfoReplicator-0] com.netflix.discovery.DiscoveryClient    : DiscoveryClient_FIXMATE-BACKEND/Elitebook-840G7.mshome.net:fixmate-backend:8081: registering service...
2026-08-18T00:53:07.533+05:30  INFO 22332 --- [fixmate-backend] [           main] o.s.b.w.embedded.tomcat.TomcatWebServer  : Tomcat started on port 8081 (http) with context path ''
2026-08-18T00:53:07.535+05:30  INFO 22332 --- [fixmate-backend] [           main] .s.c.n.e.s.EurekaAutoServiceRegistration : Updating port to 8081
2026-08-18T00:53:07.601+05:30  INFO 22332 --- [fixmate-backend] [           main] com.fixmate.FixmateApplication           : Started FixmateApplication in 28.903 seconds (process running for 31.034)
2026-08-18T00:53:07.646+05:30  INFO 22332 --- [fixmate-backend] [nfoReplicator-0] com.netflix.discovery.DiscoveryClient    : DiscoveryClient_FIXMATE-BACKEND/Elitebook-840G7.mshome.net:fixmate-backend:8081 - registration status: 204
Hibernate: select sc1_0.id,sc1_0.description,sc1_0.icon_url,sc1_0.is_active,sc1_0.name from service_categories sc1_0 where sc1_0.name=?
Hibernate: select sc1_0.id,sc1_0.description,sc1_0.icon_url,sc1_0.is_active,sc1_0.name from service_categories sc1_0 where sc1_0.name=?
Hibernate: select sc1_0.id,sc1_0.description,sc1_0.icon_url,sc1_0.is_active,sc1_0.name from service_categories sc1_0 where sc1_0.name=?
Hibernate: select sc1_0.id,sc1_0.description,sc1_0.icon_url,sc1_0.is_active,sc1_0.name from service_categories sc1_0 where sc1_0.name=?
Hibernate: select sc1_0.id,sc1_0.description,sc1_0.icon_url,sc1_0.is_active,sc1_0.name from service_categories sc1_0 where sc1_0.name=?
Hibernate: select sc1_0.id,sc1_0.description,sc1_0.icon_url,sc1_0.is_active,sc1_0.name from service_categories sc1_0 where sc1_0.name=?
Hibernate: select sc1_0.id,sc1_0.description,sc1_0.icon_url,sc1_0.is_active,sc1_0.name from service_categories sc1_0 where sc1_0.name=?
Hibernate: select sc1_0.id,sc1_0.description,sc1_0.icon_url,sc1_0.is_active,sc1_0.name from service_categories sc1_0 where sc1_0.name=?
Hibernate: select sc1_0.id,sc1_0.description,sc1_0.icon_url,sc1_0.is_active,sc1_0.name from service_categories sc1_0 where sc1_0.name=?
Hibernate: select sc1_0.id,sc1_0.description,sc1_0.icon_url,sc1_0.is_active,sc1_0.name from service_categories sc1_0 where sc1_0.name=?
Hibernate: select sc1_0.id,sc1_0.description,sc1_0.icon_url,sc1_0.is_active,sc1_0.name from service_categories sc1_0 where sc1_0.name=?
Hibernate: select sc1_0.id,sc1_0.description,sc1_0.icon_url,sc1_0.is_active,sc1_0.name from service_categories sc1_0 where sc1_0.name=?
Hibernate: select sc1_0.id,sc1_0.description,sc1_0.icon_url,sc1_0.is_active,sc1_0.name from service_categories sc1_0 where sc1_0.name=?
Hibernate: select sc1_0.id,sc1_0.description,sc1_0.icon_url,sc1_0.is_active,sc1_0.name from service_categories sc1_0 where sc1_0.name=?
Hibernate: select sc1_0.id,sc1_0.description,sc1_0.icon_url,sc1_0.is_active,sc1_0.name from service_categories sc1_0 where sc1_0.name=?
Hibernate: select sc1_0.id,sc1_0.description,sc1_0.icon_url,sc1_0.is_active,sc1_0.name from service_categories sc1_0 where sc1_0.name=?
Hibernate: select sc1_0.id,sc1_0.description,sc1_0.icon_url,sc1_0.is_active,sc1_0.name from service_categories sc1_0 where sc1_0.name=?
Hibernate: select sc1_0.id,sc1_0.description,sc1_0.icon_url,sc1_0.is_active,sc1_0.name from service_categories sc1_0 where sc1_0.name=?
Hibernate: select u1_0.id,u1_0.email,u1_0.first_name,u1_0.last_name,u1_0.password,u1_0.phone,u1_0.role from users u1_0 where u1_0.email=?
2026-08-18T00:53:29.775+05:30  INFO 22332 --- [fixmate-backend] [nio-8081-exec-1] o.a.c.c.C.[Tomcat].[localhost].[/]       : Initializing Spring DispatcherServlet 'dispatcherServlet'
2026-08-18T00:53:29.777+05:30  INFO 22332 --- [fixmate-backend] [nio-8081-exec-1] o.s.web.servlet.DispatcherServlet        : Initializing Servlet 'dispatcherServlet'
2026-08-18T00:53:29.784+05:30  INFO 22332 --- [fixmate-backend] [nio-8081-exec-1] o.s.web.servlet.DispatcherServlet        : Completed initialization in 6 ms
Hibernate: select u1_0.id,u1_0.email,u1_0.first_name,u1_0.last_name,u1_0.password,u1_0.phone,u1_0.role from users u1_0 where u1_0.email=?
Hibernate: select u1_0.id,u1_0.email,u1_0.first_name,u1_0.last_name,u1_0.password,u1_0.phone,u1_0.role from users u1_0 where u1_0.email=?
Hibernate: select u1_0.id,u1_0.email,u1_0.first_name,u1_0.last_name,u1_0.password,u1_0.phone,u1_0.role from users u1_0 where u1_0.email=?
Hibernate: select u1_0.id,u1_0.email,u1_0.first_name,u1_0.last_name,u1_0.password,u1_0.phone,u1_0.role from users u1_0 where u1_0.email=?
Hibernate: select u1_0.id,u1_0.email,u1_0.first_name,u1_0.last_name,u1_0.password,u1_0.phone,u1_0.role from users u1_0 where u1_0.email=?
Hibernate: select spp1_0.id,spp1_0.current_latitude,spp1_0.current_longitude,spp1_0.experience_years,spp1_0.hourly_rate,spp1_0.is_available,spp1_0.is_online,spp1_0.kyc_document_ref,spp1_0.kyc_status,spp1_0.last_location_update,spp1_0.smart_service_score,spp1_0.total_reviews,spp1_0.user_id from partner_profiles spp1_0 where spp1_0.user_id=?
Hibernate: update partner_profiles set current_latitude=?,current_longitude=?,experience_years=?,hourly_rate=?,is_available=?,is_online=?,kyc_document_ref=?,kyc_status=?,last_location_update=?,smart_service_score=?,total_reviews=?,user_id=? where id=?
Hibernate: select s1_0.profile_id,s1_0.skill from partner_skills s1_0 where s1_0.profile_id=?
Hibernate: select u1_0.id,u1_0.email,u1_0.first_name,u1_0.last_name,u1_0.password,u1_0.phone,u1_0.role from users u1_0 where u1_0.email=?
Hibernate: select spp1_0.id,spp1_0.current_latitude,spp1_0.current_longitude,spp1_0.experience_years,spp1_0.hourly_rate,spp1_0.is_available,spp1_0.is_online,spp1_0.kyc_document_ref,spp1_0.kyc_status,spp1_0.last_location_update,spp1_0.smart_service_score,spp1_0.total_reviews,spp1_0.user_id from partner_profiles spp1_0 where spp1_0.user_id=?
Hibernate: select u1_0.id,u1_0.email,u1_0.first_name,u1_0.last_name,u1_0.password,u1_0.phone,u1_0.role from users u1_0 where u1_0.email=?
Hibernate: select spp1_0.id,spp1_0.current_latitude,spp1_0.current_longitude,spp1_0.experience_years,spp1_0.hourly_rate,spp1_0.is_available,spp1_0.is_online,spp1_0.kyc_document_ref,spp1_0.kyc_status,spp1_0.last_location_update,spp1_0.smart_service_score,spp1_0.total_reviews,spp1_0.user_id from partner_profiles spp1_0 where spp1_0.user_id=?
Hibernate: select u1_0.id,u1_0.email,u1_0.first_name,u1_0.last_name,u1_0.password,u1_0.phone,u1_0.role from users u1_0 where u1_0.email=?
Hibernate: select spp1_0.id,spp1_0.current_latitude,spp1_0.current_longitude,spp1_0.experience_years,spp1_0.hourly_rate,spp1_0.is_available,spp1_0.is_online,spp1_0.kyc_document_ref,spp1_0.kyc_status,spp1_0.last_location_update,spp1_0.smart_service_score,spp1_0.total_reviews,spp1_0.user_id from partner_profiles spp1_0 where spp1_0.user_id=?
Hibernate: select s1_0.profile_id,s1_0.skill from partner_skills s1_0 where s1_0.profile_id=?
Hibernate: select u1_0.id,u1_0.email,u1_0.first_name,u1_0.last_name,u1_0.password,u1_0.phone,u1_0.role from users u1_0 where u1_0.email=?
Hibernate: select sc1_0.id,sc1_0.description,sc1_0.icon_url,sc1_0.is_active,sc1_0.name from service_categories sc1_0 where sc1_0.id=?
Hibernate: select distinct spp1_0.id,spp1_0.current_latitude,spp1_0.current_longitude,spp1_0.experience_years,spp1_0.hourly_rate,spp1_0.is_available,spp1_0.is_online,spp1_0.kyc_document_ref,spp1_0.kyc_status,spp1_0.last_location_update,spp1_0.smart_service_score,spp1_0.total_reviews,spp1_0.user_id from partner_profiles spp1_0 join partner_skills s1_0 on spp1_0.id=s1_0.profile_id where lower(trim(BOTH from s1_0.skill))=lower(trim(BOTH from ?)) and spp1_0.kyc_status='APPROVED' and spp1_0.is_online=1 and spp1_0.is_available=1 and spp1_0.current_latitude is not null and spp1_0.current_longitude is not null and spp1_0.last_location_update is not null and spp1_0.last_location_update>=?
Hibernate: select u1_0.id,u1_0.email,u1_0.first_name,u1_0.last_name,u1_0.password,u1_0.phone,u1_0.role from users u1_0 where u1_0.id=?
Hibernate: select s1_0.profile_id,s1_0.skill from partner_skills s1_0 where s1_0.profile_id=?
Hibernate: select u1_0.id,u1_0.email,u1_0.first_name,u1_0.last_name,u1_0.password,u1_0.phone,u1_0.role from users u1_0 where u1_0.email=?
Hibernate: select u1_0.id,u1_0.email,u1_0.first_name,u1_0.last_name,u1_0.password,u1_0.phone,u1_0.role from users u1_0 where u1_0.email=?
Hibernate: select u1_0.id,u1_0.email,u1_0.first_name,u1_0.last_name,u1_0.password,u1_0.phone,u1_0.role from users u1_0 where u1_0.email=?
Hibernate: select spp1_0.id,spp1_0.current_latitude,spp1_0.current_longitude,spp1_0.experience_years,spp1_0.hourly_rate,spp1_0.is_available,spp1_0.is_online,spp1_0.kyc_document_ref,spp1_0.kyc_status,spp1_0.last_location_update,spp1_0.smart_service_score,spp1_0.total_reviews,spp1_0.user_id from partner_profiles spp1_0 where spp1_0.user_id=?
Hibernate: select s1_0.profile_id,s1_0.skill from partner_skills s1_0 where s1_0.profile_id=?
Hibernate: select u1_0.id,u1_0.email,u1_0.first_name,u1_0.last_name,u1_0.password,u1_0.phone,u1_0.role from users u1_0 where u1_0.email=?
Hibernate: select u1_0.id,u1_0.email,u1_0.first_name,u1_0.last_name,u1_0.password,u1_0.phone,u1_0.role from users u1_0 where u1_0.email=?
Hibernate: select a1_0.id,a1_0.city,a1_0.country,a1_0.is_default,a1_0.latitude,a1_0.longitude,a1_0.state,a1_0.street,a1_0.user_id,a1_0.zip_code from addresses a1_0 where a1_0.user_id=?
Hibernate: select sc1_0.id,sc1_0.description,sc1_0.icon_url,sc1_0.is_active,sc1_0.name from service_categories sc1_0
Hibernate: select u1_0.id,u1_0.email,u1_0.first_name,u1_0.last_name,u1_0.password,u1_0.phone,u1_0.role from users u1_0 where u1_0.email=?
Hibernate: select sc1_0.id,sc1_0.description,sc1_0.icon_url,sc1_0.is_active,sc1_0.name from service_categories sc1_0 where sc1_0.id=?
Hibernate: select distinct spp1_0.id,spp1_0.current_latitude,spp1_0.current_longitude,spp1_0.experience_years,spp1_0.hourly_rate,spp1_0.is_available,spp1_0.is_online,spp1_0.kyc_document_ref,spp1_0.kyc_status,spp1_0.last_location_update,spp1_0.smart_service_score,spp1_0.total_reviews,spp1_0.user_id from partner_profiles spp1_0 join partner_skills s1_0 on spp1_0.id=s1_0.profile_id where lower(trim(BOTH from s1_0.skill))=lower(trim(BOTH from ?)) and spp1_0.kyc_status='APPROVED' and spp1_0.is_online=1 and spp1_0.is_available=1 and spp1_0.current_latitude is not null and spp1_0.current_longitude is not null and spp1_0.last_location_update is not null and spp1_0.last_location_update>=?
Hibernate: select u1_0.id,u1_0.email,u1_0.first_name,u1_0.last_name,u1_0.password,u1_0.phone,u1_0.role from users u1_0 where u1_0.id=?
Hibernate: select s1_0.profile_id,s1_0.skill from partner_skills s1_0 where s1_0.profile_id=?
Hibernate: select u1_0.id,u1_0.email,u1_0.first_name,u1_0.last_name,u1_0.password,u1_0.phone,u1_0.role from users u1_0 where u1_0.email=?
Hibernate: select sc1_0.id,sc1_0.description,sc1_0.icon_url,sc1_0.is_active,sc1_0.name from service_categories sc1_0 where sc1_0.id=?
Hibernate: select distinct spp1_0.id,spp1_0.current_latitude,spp1_0.current_longitude,spp1_0.experience_years,spp1_0.hourly_rate,spp1_0.is_available,spp1_0.is_online,spp1_0.kyc_document_ref,spp1_0.kyc_status,spp1_0.last_location_update,spp1_0.smart_service_score,spp1_0.total_reviews,spp1_0.user_id from partner_profiles spp1_0 join partner_skills s1_0 on spp1_0.id=s1_0.profile_id where lower(trim(BOTH from s1_0.skill))=lower(trim(BOTH from ?)) and spp1_0.kyc_status='APPROVED' and spp1_0.is_online=1 and spp1_0.is_available=1 and spp1_0.current_latitude is not null and spp1_0.current_longitude is not null and spp1_0.last_location_update is not null and spp1_0.last_location_update>=?
Hibernate: select u1_0.id,u1_0.email,u1_0.first_name,u1_0.last_name,u1_0.password,u1_0.phone,u1_0.role from users u1_0 where u1_0.id=?
Hibernate: select s1_0.profile_id,s1_0.skill from partner_skills s1_0 where s1_0.profile_id=?
Hibernate: select u1_0.id,u1_0.email,u1_0.first_name,u1_0.last_name,u1_0.password,u1_0.phone,u1_0.role from users u1_0 where u1_0.email=?
Hibernate: select u1_0.id,u1_0.email,u1_0.first_name,u1_0.last_name,u1_0.password,u1_0.phone,u1_0.role from users u1_0 where u1_0.email=?
Hibernate: select u1_0.id,u1_0.email,u1_0.first_name,u1_0.last_name,u1_0.password,u1_0.phone,u1_0.role from users u1_0 where u1_0.email=?
Hibernate: select spp1_0.id,spp1_0.current_latitude,spp1_0.current_longitude,spp1_0.experience_years,spp1_0.hourly_rate,spp1_0.is_available,spp1_0.is_online,spp1_0.kyc_document_ref,spp1_0.kyc_status,spp1_0.last_location_update,spp1_0.smart_service_score,spp1_0.total_reviews,spp1_0.user_id from partner_profiles spp1_0 where spp1_0.user_id=?
Hibernate: update partner_profiles set current_latitude=?,current_longitude=?,experience_years=?,hourly_rate=?,is_available=?,is_online=?,kyc_document_ref=?,kyc_status=?,last_location_update=?,smart_service_score=?,total_reviews=?,user_id=? where id=?
2026-08-18T00:55:17.518+05:30  INFO 22332 --- [fixmate-backend] [nio-8081-exec-8] com.fixmate.service.LiveNearbyService    : Partner 33 changed state — refreshing 1 live stream(s)
Hibernate: select sc1_0.id,sc1_0.description,sc1_0.icon_url,sc1_0.is_active,sc1_0.name from service_categories sc1_0 where sc1_0.id=?
Hibernate: select distinct spp1_0.id,spp1_0.current_latitude,spp1_0.current_longitude,spp1_0.experience_years,spp1_0.hourly_rate,spp1_0.is_available,spp1_0.is_online,spp1_0.kyc_document_ref,spp1_0.kyc_status,spp1_0.last_location_update,spp1_0.smart_service_score,spp1_0.total_reviews,spp1_0.user_id from partner_profiles spp1_0 join partner_skills s1_0 on spp1_0.id=s1_0.profile_id where lower(trim(BOTH from s1_0.skill))=lower(trim(BOTH from ?)) and spp1_0.kyc_status='APPROVED' and spp1_0.is_online=1 and spp1_0.is_available=1 and spp1_0.current_latitude is not null and spp1_0.current_longitude is not null and spp1_0.last_location_update is not null and spp1_0.last_location_update>=?
Hibernate: select u1_0.id,u1_0.email,u1_0.first_name,u1_0.last_name,u1_0.password,u1_0.phone,u1_0.role from users u1_0 where u1_0.id=?
Hibernate: select u1_0.id,u1_0.email,u1_0.first_name,u1_0.last_name,u1_0.password,u1_0.phone,u1_0.role from users u1_0 where u1_0.id=?
Hibernate: select s1_0.profile_id,s1_0.skill from partner_skills s1_0 where s1_0.profile_id=?
Hibernate: select s1_0.profile_id,s1_0.skill from partner_skills s1_0 where s1_0.profile_id=?
Hibernate: select u1_0.id,u1_0.email,u1_0.first_name,u1_0.last_name,u1_0.password,u1_0.phone,u1_0.role from users u1_0 where u1_0.email=?
Hibernate: select u1_0.id,u1_0.email,u1_0.first_name,u1_0.last_name,u1_0.password,u1_0.phone,u1_0.role from users u1_0 where u1_0.email=?
Hibernate: select u1_0.id,u1_0.email,u1_0.first_name,u1_0.last_name,u1_0.password,u1_0.phone,u1_0.role from users u1_0 where u1_0.email=?
Hibernate: select u1_0.id,u1_0.email,u1_0.first_name,u1_0.last_name,u1_0.password,u1_0.phone,u1_0.role from users u1_0 where u1_0.email=?
Hibernate: select spp1_0.id,spp1_0.current_latitude,spp1_0.current_longitude,spp1_0.experience_years,spp1_0.hourly_rate,spp1_0.is_available,spp1_0.is_online,spp1_0.kyc_document_ref,spp1_0.kyc_status,spp1_0.last_location_update,spp1_0.smart_service_score,spp1_0.total_reviews,spp1_0.user_id from partner_profiles spp1_0 where spp1_0.user_id=?
Hibernate: select u1_0.id,u1_0.email,u1_0.first_name,u1_0.last_name,u1_0.password,u1_0.phone,u1_0.role from users u1_0 where u1_0.email=?
Hibernate: select s1_0.profile_id,s1_0.skill from partner_skills s1_0 where s1_0.profile_id=?
Hibernate: select b1_0.id,b1_0.address_id,b1_0.category_id,b1_0.customer_id,b1_0.customer_latitude,b1_0.customer_longitude,b1_0.is_emergency,b1_0.notes,b1_0.partner_id,b1_0.partner_latitude,b1_0.partner_longitude,b1_0.scheduled_date,b1_0.status,b1_0.total_amount from bookings b1_0 where b1_0.partner_id=?
Hibernate: select u1_0.id,u1_0.email,u1_0.first_name,u1_0.last_name,u1_0.password,u1_0.phone,u1_0.role from users u1_0 where u1_0.id=?
Hibernate: select sc1_0.id,sc1_0.description,sc1_0.icon_url,sc1_0.is_active,sc1_0.name from service_categories sc1_0
Hibernate: select u1_0.id,u1_0.email,u1_0.first_name,u1_0.last_name,u1_0.password,u1_0.phone,u1_0.role from users u1_0 where u1_0.id=?
Hibernate: select sc1_0.id,sc1_0.description,sc1_0.icon_url,sc1_0.is_active,sc1_0.name from service_categories sc1_0 where sc1_0.id=?
Hibernate: select a1_0.id,a1_0.city,a1_0.country,a1_0.is_default,a1_0.latitude,a1_0.longitude,a1_0.state,a1_0.street,a1_0.user_id,a1_0.zip_code from addresses a1_0 where a1_0.id=?
Hibernate: select u1_0.id,u1_0.email,u1_0.first_name,u1_0.last_name,u1_0.password,u1_0.phone,u1_0.role from users u1_0 where u1_0.email=?
Hibernate: select spp1_0.id,spp1_0.current_latitude,spp1_0.current_longitude,spp1_0.experience_years,spp1_0.hourly_rate,spp1_0.is_available,spp1_0.is_online,spp1_0.kyc_document_ref,spp1_0.kyc_status,spp1_0.last_location_update,spp1_0.smart_service_score,spp1_0.total_reviews,spp1_0.user_id from partner_profiles spp1_0 where spp1_0.user_id=?
Hibernate: select s1_0.profile_id,s1_0.skill from partner_skills s1_0 where s1_0.profile_id=?
Hibernate: select u1_0.id,u1_0.email,u1_0.first_name,u1_0.last_name,u1_0.password,u1_0.phone,u1_0.role from users u1_0 where u1_0.email=?
Hibernate: select u1_0.id,u1_0.email,u1_0.first_name,u1_0.last_name,u1_0.password,u1_0.phone,u1_0.role from users u1_0 where u1_0.email=?
Hibernate: select b1_0.id,b1_0.address_id,b1_0.category_id,b1_0.customer_id,b1_0.customer_latitude,b1_0.customer_longitude,b1_0.is_emergency,b1_0.notes,b1_0.partner_id,b1_0.partner_latitude,b1_0.partner_longitude,b1_0.scheduled_date,b1_0.status,b1_0.total_amount from bookings b1_0 where b1_0.partner_id=?
Hibernate: select sc1_0.id,sc1_0.description,sc1_0.icon_url,sc1_0.is_active,sc1_0.name from service_categories sc1_0
Hibernate: select u1_0.id,u1_0.email,u1_0.first_name,u1_0.last_name,u1_0.password,u1_0.phone,u1_0.role from users u1_0 where u1_0.id=?
Hibernate: select u1_0.id,u1_0.email,u1_0.first_name,u1_0.last_name,u1_0.password,u1_0.phone,u1_0.role from users u1_0 where u1_0.id=?
Hibernate: select sc1_0.id,sc1_0.description,sc1_0.icon_url,sc1_0.is_active,sc1_0.name from service_categories sc1_0 where sc1_0.id=?
Hibernate: select a1_0.id,a1_0.city,a1_0.country,a1_0.is_default,a1_0.latitude,a1_0.longitude,a1_0.state,a1_0.street,a1_0.user_id,a1_0.zip_code from addresses a1_0 where a1_0.id=?
Hibernate: select u1_0.id,u1_0.email,u1_0.first_name,u1_0.last_name,u1_0.password,u1_0.phone,u1_0.role from users u1_0 where u1_0.email=?
Hibernate: select spp1_0.id,spp1_0.current_latitude,spp1_0.current_longitude,spp1_0.experience_years,spp1_0.hourly_rate,spp1_0.is_available,spp1_0.is_online,spp1_0.kyc_document_ref,spp1_0.kyc_status,spp1_0.last_location_update,spp1_0.smart_service_score,spp1_0.total_reviews,spp1_0.user_id from partner_profiles spp1_0 where spp1_0.user_id=?
Hibernate: update partner_profiles set current_latitude=?,current_longitude=?,experience_years=?,hourly_rate=?,is_available=?,is_online=?,kyc_document_ref=?,kyc_status=?,last_location_update=?,smart_service_score=?,total_reviews=?,user_id=? where id=?
2026-08-18T00:56:20.274+05:30  INFO 22332 --- [fixmate-backend] [nio-8081-exec-6] com.fixmate.service.LiveNearbyService    : Partner 32 changed state — refreshing 1 live stream(s)
Hibernate: select sc1_0.id,sc1_0.description,sc1_0.icon_url,sc1_0.is_active,sc1_0.name from service_categories sc1_0 where sc1_0.id=?
Hibernate: select distinct spp1_0.id,spp1_0.current_latitude,spp1_0.current_longitude,spp1_0.experience_years,spp1_0.hourly_rate,spp1_0.is_available,spp1_0.is_online,spp1_0.kyc_document_ref,spp1_0.kyc_status,spp1_0.last_location_update,spp1_0.smart_service_score,spp1_0.total_reviews,spp1_0.user_id from partner_profiles spp1_0 join partner_skills s1_0 on spp1_0.id=s1_0.profile_id where lower(trim(BOTH from s1_0.skill))=lower(trim(BOTH from ?)) and spp1_0.kyc_status='APPROVED' and spp1_0.is_online=1 and spp1_0.is_available=1 and spp1_0.current_latitude is not null and spp1_0.current_longitude is not null and spp1_0.last_location_update is not null and spp1_0.last_location_update>=?
Hibernate: select u1_0.id,u1_0.email,u1_0.first_name,u1_0.last_name,u1_0.password,u1_0.phone,u1_0.role from users u1_0 where u1_0.id=?
Hibernate: select u1_0.id,u1_0.email,u1_0.first_name,u1_0.last_name,u1_0.password,u1_0.phone,u1_0.role from users u1_0 where u1_0.id=?
2026-08-18T00:56:20.313+05:30  WARN 22332 --- [fixmate-backend] [nio-8081-exec-6] com.fixmate.service.LiveNearbyService    : Live stream f4b48488-9ce7-4603-8e69-a8f328a316df dropped: org.apache.catalina.connector.ClientAbortException: java.io.IOException: An established connection was aborted by the software in your host machine
Hibernate: select s1_0.profile_id,s1_0.skill from partner_skills s1_0 where s1_0.profile_id=?
Hibernate: select u1_0.id,u1_0.email,u1_0.first_name,u1_0.last_name,u1_0.password,u1_0.phone,u1_0.role from users u1_0 where u1_0.email=?
Hibernate: select u1_0.id,u1_0.email,u1_0.first_name,u1_0.last_name,u1_0.password,u1_0.phone,u1_0.role from users u1_0 where u1_0.email=?
Hibernate: select u1_0.id,u1_0.email,u1_0.first_name,u1_0.last_name,u1_0.password,u1_0.phone,u1_0.role from users u1_0 where u1_0.email=?
Hibernate: select spp1_0.id,spp1_0.current_latitude,spp1_0.current_longitude,spp1_0.experience_years,spp1_0.hourly_rate,spp1_0.is_available,spp1_0.is_online,spp1_0.kyc_document_ref,spp1_0.kyc_status,spp1_0.last_location_update,spp1_0.smart_service_score,spp1_0.total_reviews,spp1_0.user_id from partner_profiles spp1_0 where spp1_0.user_id=?
Hibernate: select s1_0.profile_id,s1_0.skill from partner_skills s1_0 where s1_0.profile_id=?
Hibernate: select u1_0.id,u1_0.email,u1_0.first_name,u1_0.last_name,u1_0.password,u1_0.phone,u1_0.role from users u1_0 where u1_0.email=?
Hibernate: select u1_0.id,u1_0.email,u1_0.first_name,u1_0.last_name,u1_0.password,u1_0.phone,u1_0.role from users u1_0 where u1_0.email=?
Hibernate: select u1_0.id,u1_0.email,u1_0.first_name,u1_0.last_name,u1_0.password,u1_0.phone,u1_0.role from users u1_0 where u1_0.email=?
Hibernate: select b1_0.id,b1_0.address_id,b1_0.category_id,b1_0.customer_id,b1_0.customer_latitude,b1_0.customer_longitude,b1_0.is_emergency,b1_0.notes,b1_0.partner_id,b1_0.partner_latitude,b1_0.partner_longitude,b1_0.scheduled_date,b1_0.status,b1_0.total_amount from bookings b1_0 where b1_0.customer_id=?
Hibernate: select u1_0.id,u1_0.email,u1_0.first_name,u1_0.last_name,u1_0.password,u1_0.phone,u1_0.role from users u1_0 where u1_0.id=?
Hibernate: select u1_0.id,u1_0.email,u1_0.first_name,u1_0.last_name,u1_0.password,u1_0.phone,u1_0.role from users u1_0 where u1_0.id=?
Hibernate: select sc1_0.id,sc1_0.description,sc1_0.icon_url,sc1_0.is_active,sc1_0.name from service_categories sc1_0 where sc1_0.id=?
Hibernate: select a1_0.id,a1_0.city,a1_0.country,a1_0.is_default,a1_0.latitude,a1_0.longitude,a1_0.state,a1_0.street,a1_0.user_id,a1_0.zip_code from addresses a1_0 where a1_0.id=?
Hibernate: select u1_0.id,u1_0.email,u1_0.first_name,u1_0.last_name,u1_0.password,u1_0.phone,u1_0.role from users u1_0 where u1_0.email=?
Hibernate: select b1_0.id,b1_0.address_id,b1_0.category_id,b1_0.customer_id,b1_0.customer_latitude,b1_0.customer_longitude,b1_0.is_emergency,b1_0.notes,b1_0.partner_id,b1_0.partner_latitude,b1_0.partner_longitude,b1_0.scheduled_date,b1_0.status,b1_0.total_amount from bookings b1_0 where b1_0.customer_id=?
Hibernate: select u1_0.id,u1_0.email,u1_0.first_name,u1_0.last_name,u1_0.password,u1_0.phone,u1_0.role from users u1_0 where u1_0.id=?
Hibernate: select u1_0.id,u1_0.email,u1_0.first_name,u1_0.last_name,u1_0.password,u1_0.phone,u1_0.role from users u1_0 where u1_0.id=?
Hibernate: select sc1_0.id,sc1_0.description,sc1_0.icon_url,sc1_0.is_active,sc1_0.name from service_categories sc1_0 where sc1_0.id=?
Hibernate: select a1_0.id,a1_0.city,a1_0.country,a1_0.is_default,a1_0.latitude,a1_0.longitude,a1_0.state,a1_0.street,a1_0.user_id,a1_0.zip_code from addresses a1_0 where a1_0.id=?
Hibernate: select u1_0.id,u1_0.email,u1_0.first_name,u1_0.last_name,u1_0.password,u1_0.phone,u1_0.role from users u1_0 where u1_0.email=?
Hibernate: select u1_0.id,u1_0.email,u1_0.first_name,u1_0.last_name,u1_0.password,u1_0.phone,u1_0.role from users u1_0 where u1_0.email=?
Hibernate: select a1_0.id,a1_0.city,a1_0.country,a1_0.is_default,a1_0.latitude,a1_0.longitude,a1_0.state,a1_0.street,a1_0.user_id,a1_0.zip_code from addresses a1_0 where a1_0.user_id=?
Hibernate: select sc1_0.id,sc1_0.description,sc1_0.icon_url,sc1_0.is_active,sc1_0.name from service_categories sc1_0
2026-08-18T00:58:05.981+05:30  INFO 22332 --- [fixmate-backend] [trap-executor-0] c.n.d.s.r.aws.ConfigClusterResolver      : Resolving eureka endpoints via configuration
2026-08-18T01:03:06.025+05:30  INFO 22332 --- [fixmate-backend] [trap-executor-0] c.n.d.s.r.aws.ConfigClusterResolver      : Resolving eureka endpoints via configuration
2026-08-18T01:08:06.069+05:30  INFO 22332 --- [fixmate-backend] [trap-executor-0] c.n.d.s.r.aws.ConfigClusterResolver      : Resolving eureka endpoints via configuration
Hibernate: select u1_0.id,u1_0.email,u1_0.first_name,u1_0.last_name,u1_0.password,u1_0.phone,u1_0.role from users u1_0 where u1_0.email=?
Hibernate: select u1_0.id,u1_0.email,u1_0.first_name,u1_0.last_name,u1_0.password,u1_0.phone,u1_0.role from users u1_0 where u1_0.email=?
Hibernate: select u1_0.id,u1_0.email,u1_0.first_name,u1_0.last_name,u1_0.password,u1_0.phone,u1_0.role from users u1_0 where u1_0.email=?
Hibernate: select u1_0.id,u1_0.email,u1_0.first_name,u1_0.last_name,u1_0.password,u1_0.phone,u1_0.role from users u1_0 where u1_0.email=?
Hibernate: select u1_0.id,u1_0.email,u1_0.first_name,u1_0.last_name,u1_0.password,u1_0.phone,u1_0.role from users u1_0 where u1_0.email=?
Hibernate: select u1_0.id,u1_0.email,u1_0.first_name,u1_0.last_name,u1_0.password,u1_0.phone,u1_0.role from users u1_0 where u1_0.email=?
Hibernate: select b1_0.id,b1_0.address_id,b1_0.category_id,b1_0.customer_id,b1_0.customer_latitude,b1_0.customer_longitude,b1_0.is_emergency,b1_0.notes,b1_0.partner_id,b1_0.partner_latitude,b1_0.partner_longitude,b1_0.scheduled_date,b1_0.status,b1_0.total_amount from bookings b1_0 where b1_0.partner_id=?
Hibernate: select spp1_0.id,spp1_0.current_latitude,spp1_0.current_longitude,spp1_0.experience_years,spp1_0.hourly_rate,spp1_0.is_available,spp1_0.is_online,spp1_0.kyc_document_ref,spp1_0.kyc_status,spp1_0.last_location_update,spp1_0.smart_service_score,spp1_0.total_reviews,spp1_0.user_id from partner_profiles spp1_0 where spp1_0.user_id=?
Hibernate: select sc1_0.id,sc1_0.description,sc1_0.icon_url,sc1_0.is_active,sc1_0.name from service_categories sc1_0
Hibernate: select s1_0.profile_id,s1_0.skill from partner_skills s1_0 where s1_0.profile_id=?
Hibernate: select u1_0.id,u1_0.email,u1_0.first_name,u1_0.last_name,u1_0.password,u1_0.phone,u1_0.role from users u1_0 where u1_0.email=?
Hibernate: select u1_0.id,u1_0.email,u1_0.first_name,u1_0.last_name,u1_0.password,u1_0.phone,u1_0.role from users u1_0 where u1_0.email=?
Hibernate: select b1_0.id,b1_0.address_id,b1_0.category_id,b1_0.customer_id,b1_0.customer_latitude,b1_0.customer_longitude,b1_0.is_emergency,b1_0.notes,b1_0.partner_id,b1_0.partner_latitude,b1_0.partner_longitude,b1_0.scheduled_date,b1_0.status,b1_0.total_amount from bookings b1_0 where b1_0.partner_id=?
Hibernate: select u1_0.id,u1_0.email,u1_0.first_name,u1_0.last_name,u1_0.password,u1_0.phone,u1_0.role from users u1_0 where u1_0.email=?
Hibernate: select spp1_0.id,spp1_0.current_latitude,spp1_0.current_longitude,spp1_0.experience_years,spp1_0.hourly_rate,spp1_0.is_available,spp1_0.is_online,spp1_0.kyc_document_ref,spp1_0.kyc_status,spp1_0.last_location_update,spp1_0.smart_service_score,spp1_0.total_reviews,spp1_0.user_id from partner_profiles spp1_0 where spp1_0.user_id=?
Hibernate: select s1_0.profile_id,s1_0.skill from partner_skills s1_0 where s1_0.profile_id=?
Hibernate: select sc1_0.id,sc1_0.description,sc1_0.icon_url,sc1_0.is_active,sc1_0.name from service_categories sc1_0
Hibernate: select u1_0.id,u1_0.email,u1_0.first_name,u1_0.last_name,u1_0.password,u1_0.phone,u1_0.role from users u1_0 where u1_0.email=?
Hibernate: select b1_0.id,b1_0.address_id,b1_0.category_id,b1_0.customer_id,b1_0.customer_latitude,b1_0.customer_longitude,b1_0.is_emergency,b1_0.notes,b1_0.partner_id,b1_0.partner_latitude,b1_0.partner_longitude,b1_0.scheduled_date,b1_0.status,b1_0.total_amount from bookings b1_0 where b1_0.customer_id=?
Hibernate: select u1_0.id,u1_0.email,u1_0.first_name,u1_0.last_name,u1_0.password,u1_0.phone,u1_0.role from users u1_0 where u1_0.id=?
Hibernate: select u1_0.id,u1_0.email,u1_0.first_name,u1_0.last_name,u1_0.password,u1_0.phone,u1_0.role from users u1_0 where u1_0.id=?
Hibernate: select sc1_0.id,sc1_0.description,sc1_0.icon_url,sc1_0.is_active,sc1_0.name from service_categories sc1_0 where sc1_0.id=?
Hibernate: select a1_0.id,a1_0.city,a1_0.country,a1_0.is_default,a1_0.latitude,a1_0.longitude,a1_0.state,a1_0.street,a1_0.user_id,a1_0.zip_code from addresses a1_0 where a1_0.id=?
Hibernate: select u1_0.id,u1_0.email,u1_0.first_name,u1_0.last_name,u1_0.password,u1_0.phone,u1_0.role from users u1_0 where u1_0.email=?
Hibernate: select b1_0.id,b1_0.address_id,b1_0.category_id,b1_0.customer_id,b1_0.customer_latitude,b1_0.customer_longitude,b1_0.is_emergency,b1_0.notes,b1_0.partner_id,b1_0.partner_latitude,b1_0.partner_longitude,b1_0.scheduled_date,b1_0.status,b1_0.total_amount from bookings b1_0 where b1_0.customer_id=?
Hibernate: select u1_0.id,u1_0.email,u1_0.first_name,u1_0.last_name,u1_0.password,u1_0.phone,u1_0.role from users u1_0 where u1_0.id=?
Hibernate: select u1_0.id,u1_0.email,u1_0.first_name,u1_0.last_name,u1_0.password,u1_0.phone,u1_0.role from users u1_0 where u1_0.id=?
Hibernate: select sc1_0.id,sc1_0.description,sc1_0.icon_url,sc1_0.is_active,sc1_0.name from service_categories sc1_0 where sc1_0.id=?
Hibernate: select a1_0.id,a1_0.city,a1_0.country,a1_0.is_default,a1_0.latitude,a1_0.longitude,a1_0.state,a1_0.street,a1_0.user_id,a1_0.zip_code from addresses a1_0 where a1_0.id=?
Hibernate: select u1_0.id,u1_0.email,u1_0.first_name,u1_0.last_name,u1_0.password,u1_0.phone,u1_0.role from users u1_0 where u1_0.email=?
Hibernate: select u1_0.id,u1_0.email,u1_0.first_name,u1_0.last_name,u1_0.password,u1_0.phone,u1_0.role from users u1_0 where u1_0.email=?
Hibernate: insert into users (email,first_name,last_name,password,phone,role) values (?,?,?,?,?,?)
Hibernate: select u1_0.id,u1_0.email,u1_0.first_name,u1_0.last_name,u1_0.password,u1_0.phone,u1_0.role from users u1_0 where u1_0.email=?
Hibernate: select u1_0.id,u1_0.email,u1_0.first_name,u1_0.last_name,u1_0.password,u1_0.phone,u1_0.role from users u1_0 where u1_0.email=?
Hibernate: select u1_0.id,u1_0.email,u1_0.first_name,u1_0.last_name,u1_0.password,u1_0.phone,u1_0.role from users u1_0 where u1_0.email=?
Hibernate: select u1_0.id,u1_0.email,u1_0.first_name,u1_0.last_name,u1_0.password,u1_0.phone,u1_0.role from users u1_0 where u1_0.email=?
Hibernate: select u1_0.id,u1_0.email,u1_0.first_name,u1_0.last_name,u1_0.password,u1_0.phone,u1_0.role from users u1_0 where u1_0.email=?
Hibernate: select u1_0.id,u1_0.email,u1_0.first_name,u1_0.last_name,u1_0.password,u1_0.phone,u1_0.role from users u1_0 where u1_0.email=?
Hibernate: select b1_0.id,b1_0.address_id,b1_0.category_id,b1_0.customer_id,b1_0.customer_latitude,b1_0.customer_longitude,b1_0.is_emergency,b1_0.notes,b1_0.partner_id,b1_0.partner_latitude,b1_0.partner_longitude,b1_0.scheduled_date,b1_0.status,b1_0.total_amount from bookings b1_0 where b1_0.partner_id=?
Hibernate: select spp1_0.id,spp1_0.current_latitude,spp1_0.current_longitude,spp1_0.experience_years,spp1_0.hourly_rate,spp1_0.is_available,spp1_0.is_online,spp1_0.kyc_document_ref,spp1_0.kyc_status,spp1_0.last_location_update,spp1_0.smart_service_score,spp1_0.total_reviews,spp1_0.user_id from partner_profiles spp1_0 where spp1_0.user_id=?
Hibernate: select sc1_0.id,sc1_0.description,sc1_0.icon_url,sc1_0.is_active,sc1_0.name from service_categories sc1_0
Hibernate: select u1_0.id,u1_0.email,u1_0.first_name,u1_0.last_name,u1_0.password,u1_0.phone,u1_0.role from users u1_0 where u1_0.email=?
Hibernate: select u1_0.id,u1_0.email,u1_0.first_name,u1_0.last_name,u1_0.password,u1_0.phone,u1_0.role from users u1_0 where u1_0.email=?
Hibernate: select u1_0.id,u1_0.email,u1_0.first_name,u1_0.last_name,u1_0.password,u1_0.phone,u1_0.role from users u1_0 where u1_0.email=?
Hibernate: select spp1_0.id,spp1_0.current_latitude,spp1_0.current_longitude,spp1_0.experience_years,spp1_0.hourly_rate,spp1_0.is_available,spp1_0.is_online,spp1_0.kyc_document_ref,spp1_0.kyc_status,spp1_0.last_location_update,spp1_0.smart_service_score,spp1_0.total_reviews,spp1_0.user_id from partner_profiles spp1_0 where spp1_0.user_id=?
Hibernate: select b1_0.id,b1_0.address_id,b1_0.category_id,b1_0.customer_id,b1_0.customer_latitude,b1_0.customer_longitude,b1_0.is_emergency,b1_0.notes,b1_0.partner_id,b1_0.partner_latitude,b1_0.partner_longitude,b1_0.scheduled_date,b1_0.status,b1_0.total_amount from bookings b1_0 where b1_0.partner_id=?
Hibernate: select sc1_0.id,sc1_0.description,sc1_0.icon_url,sc1_0.is_active,sc1_0.name from service_categories sc1_0
2026-08-18T01:13:06.073+05:30  INFO 22332 --- [fixmate-backend] [trap-executor-0] c.n.d.s.r.aws.ConfigClusterResolver      : Resolving eureka endpoints via configuration
2026-08-18T01:18:06.120+05:30  INFO 22332 --- [fixmate-backend] [trap-executor-0] c.n.d.s.r.aws.ConfigClusterResolver      : Resolving eureka endpoints via configuration
Hibernate: select u1_0.id,u1_0.email,u1_0.first_name,u1_0.last_name,u1_0.password,u1_0.phone,u1_0.role from users u1_0 where u1_0.email=?
Hibernate: select spp1_0.id,spp1_0.current_latitude,spp1_0.current_longitude,spp1_0.experience_years,spp1_0.hourly_rate,spp1_0.is_available,spp1_0.is_online,spp1_0.kyc_document_ref,spp1_0.kyc_status,spp1_0.last_location_update,spp1_0.smart_service_score,spp1_0.total_reviews,spp1_0.user_id from partner_profiles spp1_0 where spp1_0.user_id=?
Hibernate: insert into partner_profiles (current_latitude,current_longitude,experience_years,hourly_rate,is_available,is_online,kyc_document_ref,kyc_status,last_location_update,smart_service_score,total_reviews,user_id) values (?,?,?,?,?,?,?,?,?,?,?,?)
Hibernate: insert into partner_skills (profile_id,skill) values (?,?)
Hibernate: insert into partner_skills (profile_id,skill) values (?,?)
Hibernate: select u1_0.id,u1_0.email,u1_0.first_name,u1_0.last_name,u1_0.password,u1_0.phone,u1_0.role from users u1_0 where u1_0.email=?
Hibernate: select spp1_0.id,spp1_0.current_latitude,spp1_0.current_longitude,spp1_0.experience_years,spp1_0.hourly_rate,spp1_0.is_available,spp1_0.is_online,spp1_0.kyc_document_ref,spp1_0.kyc_status,spp1_0.last_location_update,spp1_0.smart_service_score,spp1_0.total_reviews,spp1_0.user_id from partner_profiles spp1_0 where spp1_0.user_id=?
Hibernate: select s1_0.profile_id,s1_0.skill from partner_skills s1_0 where s1_0.profile_id=?
Hibernate: select u1_0.id,u1_0.email,u1_0.first_name,u1_0.last_name,u1_0.password,u1_0.phone,u1_0.role from users u1_0 where u1_0.email=?
Hibernate: select spp1_0.id,spp1_0.current_latitude,spp1_0.current_longitude,spp1_0.experience_years,spp1_0.hourly_rate,spp1_0.is_available,spp1_0.is_online,spp1_0.kyc_document_ref,spp1_0.kyc_status,spp1_0.last_location_update,spp1_0.smart_service_score,spp1_0.total_reviews,spp1_0.user_id from partner_profiles spp1_0 where spp1_0.user_id=?
Hibernate: update partner_profiles set current_latitude=?,current_longitude=?,experience_years=?,hourly_rate=?,is_available=?,is_online=?,kyc_document_ref=?,kyc_status=?,last_location_update=?,smart_service_score=?,total_reviews=?,user_id=? where id=?
Hibernate: select s1_0.profile_id,s1_0.skill from partner_skills s1_0 where s1_0.profile_id=?
Hibernate: select u1_0.id,u1_0.email,u1_0.first_name,u1_0.last_name,u1_0.password,u1_0.phone,u1_0.role from users u1_0 where u1_0.email=?
Hibernate: select spp1_0.id,spp1_0.current_latitude,spp1_0.current_longitude,spp1_0.experience_years,spp1_0.hourly_rate,spp1_0.is_available,spp1_0.is_online,spp1_0.kyc_document_ref,spp1_0.kyc_status,spp1_0.last_location_update,spp1_0.smart_service_score,spp1_0.total_reviews,spp1_0.user_id from partner_profiles spp1_0 where spp1_0.user_id=?
Hibernate: select u1_0.id,u1_0.email,u1_0.first_name,u1_0.last_name,u1_0.password,u1_0.phone,u1_0.role from users u1_0 where u1_0.email=?
Hibernate: select spp1_0.id,spp1_0.current_latitude,spp1_0.current_longitude,spp1_0.experience_years,spp1_0.hourly_rate,spp1_0.is_available,spp1_0.is_online,spp1_0.kyc_document_ref,spp1_0.kyc_status,spp1_0.last_location_update,spp1_0.smart_service_score,spp1_0.total_reviews,spp1_0.user_id from partner_profiles spp1_0 where spp1_0.user_id=?
Hibernate: select u1_0.id,u1_0.email,u1_0.first_name,u1_0.last_name,u1_0.password,u1_0.phone,u1_0.role from users u1_0 where u1_0.email=?
Hibernate: select spp1_0.id,spp1_0.current_latitude,spp1_0.current_longitude,spp1_0.experience_years,spp1_0.hourly_rate,spp1_0.is_available,spp1_0.is_online,spp1_0.kyc_document_ref,spp1_0.kyc_status,spp1_0.last_location_update,spp1_0.smart_service_score,spp1_0.total_reviews,spp1_0.user_id from partner_profiles spp1_0 where spp1_0.user_id=?
Hibernate: select u1_0.id,u1_0.email,u1_0.first_name,u1_0.last_name,u1_0.password,u1_0.phone,u1_0.role from users u1_0 where u1_0.email=?
Hibernate: select spp1_0.id,spp1_0.current_latitude,spp1_0.current_longitude,spp1_0.experience_years,spp1_0.hourly_rate,spp1_0.is_available,spp1_0.is_online,spp1_0.kyc_document_ref,spp1_0.kyc_status,spp1_0.last_location_update,spp1_0.smart_service_score,spp1_0.total_reviews,spp1_0.user_id from partner_profiles spp1_0 where spp1_0.user_id=?
Hibernate: select u1_0.id,u1_0.email,u1_0.first_name,u1_0.last_name,u1_0.password,u1_0.phone,u1_0.role from users u1_0 where u1_0.email=?
Hibernate: select spp1_0.id,spp1_0.current_latitude,spp1_0.current_longitude,spp1_0.experience_years,spp1_0.hourly_rate,spp1_0.is_available,spp1_0.is_online,spp1_0.kyc_document_ref,spp1_0.kyc_status,spp1_0.last_location_update,spp1_0.smart_service_score,spp1_0.total_reviews,spp1_0.user_id from partner_profiles spp1_0 where spp1_0.user_id=?
Hibernate: update partner_profiles set current_latitude=?,current_longitude=?,experience_years=?,hourly_rate=?,is_available=?,is_online=?,kyc_document_ref=?,kyc_status=?,last_location_update=?,smart_service_score=?,total_reviews=?,user_id=? where id=?
Hibernate: select s1_0.profile_id,s1_0.skill from partner_skills s1_0 where s1_0.profile_id=?
Hibernate: select u1_0.id,u1_0.email,u1_0.first_name,u1_0.last_name,u1_0.password,u1_0.phone,u1_0.role from users u1_0 where u1_0.email=?
Hibernate: select spp1_0.id,spp1_0.current_latitude,spp1_0.current_longitude,spp1_0.experience_years,spp1_0.hourly_rate,spp1_0.is_available,spp1_0.is_online,spp1_0.kyc_document_ref,spp1_0.kyc_status,spp1_0.last_location_update,spp1_0.smart_service_score,spp1_0.total_reviews,spp1_0.user_id from partner_profiles spp1_0 where spp1_0.user_id=?
Hibernate: select u1_0.id,u1_0.email,u1_0.first_name,u1_0.last_name,u1_0.password,u1_0.phone,u1_0.role from users u1_0 where u1_0.email=?
Hibernate: select spp1_0.id,spp1_0.current_latitude,spp1_0.current_longitude,spp1_0.experience_years,spp1_0.hourly_rate,spp1_0.is_available,spp1_0.is_online,spp1_0.kyc_document_ref,spp1_0.kyc_status,spp1_0.last_location_update,spp1_0.smart_service_score,spp1_0.total_reviews,spp1_0.user_id from partner_profiles spp1_0 where spp1_0.user_id=?
Hibernate: update partner_profiles set current_latitude=?,current_longitude=?,experience_years=?,hourly_rate=?,is_available=?,is_online=?,kyc_document_ref=?,kyc_status=?,last_location_update=?,smart_service_score=?,total_reviews=?,user_id=? where id=?
Hibernate: select s1_0.profile_id,s1_0.skill from partner_skills s1_0 where s1_0.profile_id=?
Hibernate: select u1_0.id,u1_0.email,u1_0.first_name,u1_0.last_name,u1_0.password,u1_0.phone,u1_0.role from users u1_0 where u1_0.email=?
Hibernate: select spp1_0.id,spp1_0.current_latitude,spp1_0.current_longitude,spp1_0.experience_years,spp1_0.hourly_rate,spp1_0.is_available,spp1_0.is_online,spp1_0.kyc_document_ref,spp1_0.kyc_status,spp1_0.last_location_update,spp1_0.smart_service_score,spp1_0.total_reviews,spp1_0.user_id from partner_profiles spp1_0 where spp1_0.user_id=?
Hibernate: update partner_profiles set current_latitude=?,current_longitude=?,experience_years=?,hourly_rate=?,is_available=?,is_online=?,kyc_document_ref=?,kyc_status=?,last_location_update=?,smart_service_score=?,total_reviews=?,user_id=? where id=?
Hibernate: select s1_0.profile_id,s1_0.skill from partner_skills s1_0 where s1_0.profile_id=?
Hibernate: select u1_0.id,u1_0.email,u1_0.first_name,u1_0.last_name,u1_0.password,u1_0.phone,u1_0.role from users u1_0 where u1_0.email=?
Hibernate: select spp1_0.id,spp1_0.current_latitude,spp1_0.current_longitude,spp1_0.experience_years,spp1_0.hourly_rate,spp1_0.is_available,spp1_0.is_online,spp1_0.kyc_document_ref,spp1_0.kyc_status,spp1_0.last_location_update,spp1_0.smart_service_score,spp1_0.total_reviews,spp1_0.user_id from partner_profiles spp1_0 where spp1_0.user_id=?
Hibernate: update partner_profiles set current_latitude=?,current_longitude=?,experience_years=?,hourly_rate=?,is_available=?,is_online=?,kyc_document_ref=?,kyc_status=?,last_location_update=?,smart_service_score=?,total_reviews=?,user_id=? where id=?
Hibernate: select s1_0.profile_id,s1_0.skill from partner_skills s1_0 where s1_0.profile_id=?
Hibernate: select u1_0.id,u1_0.email,u1_0.first_name,u1_0.last_name,u1_0.password,u1_0.phone,u1_0.role from users u1_0 where u1_0.email=?
Hibernate: select spp1_0.id,spp1_0.current_latitude,spp1_0.current_longitude,spp1_0.experience_years,spp1_0.hourly_rate,spp1_0.is_available,spp1_0.is_online,spp1_0.kyc_document_ref,spp1_0.kyc_status,spp1_0.last_location_update,spp1_0.smart_service_score,spp1_0.total_reviews,spp1_0.user_id from partner_profiles spp1_0 where spp1_0.user_id=?
Hibernate: select u1_0.id,u1_0.email,u1_0.first_name,u1_0.last_name,u1_0.password,u1_0.phone,u1_0.role from users u1_0 where u1_0.email=?
Hibernate: select spp1_0.id,spp1_0.current_latitude,spp1_0.current_longitude,spp1_0.experience_years,spp1_0.hourly_rate,spp1_0.is_available,spp1_0.is_online,spp1_0.kyc_document_ref,spp1_0.kyc_status,spp1_0.last_location_update,spp1_0.smart_service_score,spp1_0.total_reviews,spp1_0.user_id from partner_profiles spp1_0 where spp1_0.user_id=?
Hibernate: select u1_0.id,u1_0.email,u1_0.first_name,u1_0.last_name,u1_0.password,u1_0.phone,u1_0.role from users u1_0 where u1_0.email=?
Hibernate: select u1_0.id,u1_0.email,u1_0.first_name,u1_0.last_name,u1_0.password,u1_0.phone,u1_0.role from users u1_0 where u1_0.email=?
Hibernate: select u1_0.id,u1_0.email,u1_0.first_name,u1_0.last_name,u1_0.password,u1_0.phone,u1_0.role from users u1_0 where u1_0.email=?
Hibernate: select b1_0.id,b1_0.address_id,b1_0.category_id,b1_0.customer_id,b1_0.customer_latitude,b1_0.customer_longitude,b1_0.is_emergency,b1_0.notes,b1_0.partner_id,b1_0.partner_latitude,b1_0.partner_longitude,b1_0.scheduled_date,b1_0.status,b1_0.total_amount from bookings b1_0 where b1_0.partner_id=?
Hibernate: select spp1_0.id,spp1_0.current_latitude,spp1_0.current_longitude,spp1_0.experience_years,spp1_0.hourly_rate,spp1_0.is_available,spp1_0.is_online,spp1_0.kyc_document_ref,spp1_0.kyc_status,spp1_0.last_location_update,spp1_0.smart_service_score,spp1_0.total_reviews,spp1_0.user_id from partner_profiles spp1_0 where spp1_0.user_id=?
Hibernate: select sc1_0.id,sc1_0.description,sc1_0.icon_url,sc1_0.is_active,sc1_0.name from service_categories sc1_0
Hibernate: select s1_0.profile_id,s1_0.skill from partner_skills s1_0 where s1_0.profile_id=?
Hibernate: select u1_0.id,u1_0.email,u1_0.first_name,u1_0.last_name,u1_0.password,u1_0.phone,u1_0.role from users u1_0 where u1_0.email=?
Hibernate: select u1_0.id,u1_0.email,u1_0.first_name,u1_0.last_name,u1_0.password,u1_0.phone,u1_0.role from users u1_0 where u1_0.email=?
Hibernate: select u1_0.id,u1_0.email,u1_0.first_name,u1_0.last_name,u1_0.password,u1_0.phone,u1_0.role from users u1_0 where u1_0.email=?
Hibernate: select b1_0.id,b1_0.address_id,b1_0.category_id,b1_0.customer_id,b1_0.customer_latitude,b1_0.customer_longitude,b1_0.is_emergency,b1_0.notes,b1_0.partner_id,b1_0.partner_latitude,b1_0.partner_longitude,b1_0.scheduled_date,b1_0.status,b1_0.total_amount from bookings b1_0 where b1_0.partner_id=?
Hibernate: select spp1_0.id,spp1_0.current_latitude,spp1_0.current_longitude,spp1_0.experience_years,spp1_0.hourly_rate,spp1_0.is_available,spp1_0.is_online,spp1_0.kyc_document_ref,spp1_0.kyc_status,spp1_0.last_location_update,spp1_0.smart_service_score,spp1_0.total_reviews,spp1_0.user_id from partner_profiles spp1_0 where spp1_0.user_id=?
Hibernate: select s1_0.profile_id,s1_0.skill from partner_skills s1_0 where s1_0.profile_id=?
Hibernate: select sc1_0.id,sc1_0.description,sc1_0.icon_url,sc1_0.is_active,sc1_0.name from service_categories sc1_0
Hibernate: select u1_0.id,u1_0.email,u1_0.first_name,u1_0.last_name,u1_0.password,u1_0.phone,u1_0.role from users u1_0 where u1_0.email=?
Hibernate: select spp1_0.id,spp1_0.current_latitude,spp1_0.current_longitude,spp1_0.experience_years,spp1_0.hourly_rate,spp1_0.is_available,spp1_0.is_online,spp1_0.kyc_document_ref,spp1_0.kyc_status,spp1_0.last_location_update,spp1_0.smart_service_score,spp1_0.total_reviews,spp1_0.user_id from partner_profiles spp1_0 where spp1_0.user_id=?
Hibernate: select u1_0.id,u1_0.email,u1_0.first_name,u1_0.last_name,u1_0.password,u1_0.phone,u1_0.role from users u1_0 where u1_0.email=?
Hibernate: select spp1_0.id,spp1_0.current_latitude,spp1_0.current_longitude,spp1_0.experience_years,spp1_0.hourly_rate,spp1_0.is_available,spp1_0.is_online,spp1_0.kyc_document_ref,spp1_0.kyc_status,spp1_0.last_location_update,spp1_0.smart_service_score,spp1_0.total_reviews,spp1_0.user_id from partner_profiles spp1_0 where spp1_0.user_id=?
Hibernate: select u1_0.id,u1_0.email,u1_0.first_name,u1_0.last_name,u1_0.password,u1_0.phone,u1_0.role from users u1_0 where u1_0.email=?
Hibernate: select spp1_0.id,spp1_0.current_latitude,spp1_0.current_longitude,spp1_0.experience_years,spp1_0.hourly_rate,spp1_0.is_available,spp1_0.is_online,spp1_0.kyc_document_ref,spp1_0.kyc_status,spp1_0.last_location_update,spp1_0.smart_service_score,spp1_0.total_reviews,spp1_0.user_id from partner_profiles spp1_0 where spp1_0.user_id=?
Hibernate: select u1_0.id,u1_0.email,u1_0.first_name,u1_0.last_name,u1_0.password,u1_0.phone,u1_0.role from users u1_0 where u1_0.email=?
Hibernate: select spp1_0.id,spp1_0.current_latitude,spp1_0.current_longitude,spp1_0.experience_years,spp1_0.hourly_rate,spp1_0.is_available,spp1_0.is_online,spp1_0.kyc_document_ref,spp1_0.kyc_status,spp1_0.last_location_update,spp1_0.smart_service_score,spp1_0.total_reviews,spp1_0.user_id from partner_profiles spp1_0 where spp1_0.user_id=?
Hibernate: select u1_0.id,u1_0.email,u1_0.first_name,u1_0.last_name,u1_0.password,u1_0.phone,u1_0.role from users u1_0 where u1_0.email=?
Hibernate: select spp1_0.id,spp1_0.current_latitude,spp1_0.current_longitude,spp1_0.experience_years,spp1_0.hourly_rate,spp1_0.is_available,spp1_0.is_online,spp1_0.kyc_document_ref,spp1_0.kyc_status,spp1_0.last_location_update,spp1_0.smart_service_score,spp1_0.total_reviews,spp1_0.user_id from partner_profiles spp1_0 where spp1_0.user_id=?
Hibernate: select u1_0.id,u1_0.email,u1_0.first_name,u1_0.last_name,u1_0.password,u1_0.phone,u1_0.role from users u1_0 where u1_0.email=?
Hibernate: select spp1_0.id,spp1_0.current_latitude,spp1_0.current_longitude,spp1_0.experience_years,spp1_0.hourly_rate,spp1_0.is_available,spp1_0.is_online,spp1_0.kyc_document_ref,spp1_0.kyc_status,spp1_0.last_location_update,spp1_0.smart_service_score,spp1_0.total_reviews,spp1_0.user_id from partner_profiles spp1_0 where spp1_0.user_id=?
Hibernate: select u1_0.id,u1_0.email,u1_0.first_name,u1_0.last_name,u1_0.password,u1_0.phone,u1_0.role from users u1_0 where u1_0.email=?
Hibernate: select spp1_0.id,spp1_0.current_latitude,spp1_0.current_longitude,spp1_0.experience_years,spp1_0.hourly_rate,spp1_0.is_available,spp1_0.is_online,spp1_0.kyc_document_ref,spp1_0.kyc_status,spp1_0.last_location_update,spp1_0.smart_service_score,spp1_0.total_reviews,spp1_0.user_id from partner_profiles spp1_0 where spp1_0.user_id=?
Hibernate: select u1_0.id,u1_0.email,u1_0.first_name,u1_0.last_name,u1_0.password,u1_0.phone,u1_0.role from users u1_0 where u1_0.email=?
Hibernate: select spp1_0.id,spp1_0.current_latitude,spp1_0.current_longitude,spp1_0.experience_years,spp1_0.hourly_rate,spp1_0.is_available,spp1_0.is_online,spp1_0.kyc_document_ref,spp1_0.kyc_status,spp1_0.last_location_update,spp1_0.smart_service_score,spp1_0.total_reviews,spp1_0.user_id from partner_profiles spp1_0 where spp1_0.user_id=?
Hibernate: delete from partner_skills where profile_id=?
Hibernate: insert into partner_skills (profile_id,skill) values (?,?)
Hibernate: insert into partner_skills (profile_id,skill) values (?,?)
Hibernate: select u1_0.id,u1_0.email,u1_0.first_name,u1_0.last_name,u1_0.password,u1_0.phone,u1_0.role from users u1_0 where u1_0.email=?
Hibernate: select spp1_0.id,spp1_0.current_latitude,spp1_0.current_longitude,spp1_0.experience_years,spp1_0.hourly_rate,spp1_0.is_available,spp1_0.is_online,spp1_0.kyc_document_ref,spp1_0.kyc_status,spp1_0.last_location_update,spp1_0.smart_service_score,spp1_0.total_reviews,spp1_0.user_id from partner_profiles spp1_0 where spp1_0.user_id=?
Hibernate: update partner_profiles set current_latitude=?,current_longitude=?,experience_years=?,hourly_rate=?,is_available=?,is_online=?,kyc_document_ref=?,kyc_status=?,last_location_update=?,smart_service_score=?,total_reviews=?,user_id=? where id=?
Hibernate: select s1_0.profile_id,s1_0.skill from partner_skills s1_0 where s1_0.profile_id=?
Hibernate: select u1_0.id,u1_0.email,u1_0.first_name,u1_0.last_name,u1_0.password,u1_0.phone,u1_0.role from users u1_0 where u1_0.email=?
Hibernate: select spp1_0.id,spp1_0.current_latitude,spp1_0.current_longitude,spp1_0.experience_years,spp1_0.hourly_rate,spp1_0.is_available,spp1_0.is_online,spp1_0.kyc_document_ref,spp1_0.kyc_status,spp1_0.last_location_update,spp1_0.smart_service_score,spp1_0.total_reviews,spp1_0.user_id from partner_profiles spp1_0 where spp1_0.user_id=?
Hibernate: select s1_0.profile_id,s1_0.skill from partner_skills s1_0 where s1_0.profile_id=?
Hibernate: select u1_0.id,u1_0.email,u1_0.first_name,u1_0.last_name,u1_0.password,u1_0.phone,u1_0.role from users u1_0 where u1_0.email=?
Hibernate: select spp1_0.id,spp1_0.current_latitude,spp1_0.current_longitude,spp1_0.experience_years,spp1_0.hourly_rate,spp1_0.is_available,spp1_0.is_online,spp1_0.kyc_document_ref,spp1_0.kyc_status,spp1_0.last_location_update,spp1_0.smart_service_score,spp1_0.total_reviews,spp1_0.user_id from partner_profiles spp1_0 where spp1_0.user_id=?
Hibernate: update partner_profiles set current_latitude=?,current_longitude=?,experience_years=?,hourly_rate=?,is_available=?,is_online=?,kyc_document_ref=?,kyc_status=?,last_location_update=?,smart_service_score=?,total_reviews=?,user_id=? where id=?
Hibernate: select s1_0.profile_id,s1_0.skill from partner_skills s1_0 where s1_0.profile_id=?
Hibernate: select u1_0.id,u1_0.email,u1_0.first_name,u1_0.last_name,u1_0.password,u1_0.phone,u1_0.role from users u1_0 where u1_0.email=?
Hibernate: select spp1_0.id,spp1_0.current_latitude,spp1_0.current_longitude,spp1_0.experience_years,spp1_0.hourly_rate,spp1_0.is_available,spp1_0.is_online,spp1_0.kyc_document_ref,spp1_0.kyc_status,spp1_0.last_location_update,spp1_0.smart_service_score,spp1_0.total_reviews,spp1_0.user_id from partner_profiles spp1_0 where spp1_0.user_id=?
Hibernate: update partner_profiles set current_latitude=?,current_longitude=?,experience_years=?,hourly_rate=?,is_available=?,is_online=?,kyc_document_ref=?,kyc_status=?,last_location_update=?,smart_service_score=?,total_reviews=?,user_id=? where id=?
Hibernate: select s1_0.profile_id,s1_0.skill from partner_skills s1_0 where s1_0.profile_id=?
Hibernate: select u1_0.id,u1_0.email,u1_0.first_name,u1_0.last_name,u1_0.password,u1_0.phone,u1_0.role from users u1_0 where u1_0.email=?
Hibernate: select spp1_0.id,spp1_0.current_latitude,spp1_0.current_longitude,spp1_0.experience_years,spp1_0.hourly_rate,spp1_0.is_available,spp1_0.is_online,spp1_0.kyc_document_ref,spp1_0.kyc_status,spp1_0.last_location_update,spp1_0.smart_service_score,spp1_0.total_reviews,spp1_0.user_id from partner_profiles spp1_0 where spp1_0.user_id=?
Hibernate: update partner_profiles set current_latitude=?,current_longitude=?,experience_years=?,hourly_rate=?,is_available=?,is_online=?,kyc_document_ref=?,kyc_status=?,last_location_update=?,smart_service_score=?,total_reviews=?,user_id=? where id=?
Hibernate: select s1_0.profile_id,s1_0.skill from partner_skills s1_0 where s1_0.profile_id=?
Hibernate: select u1_0.id,u1_0.email,u1_0.first_name,u1_0.last_name,u1_0.password,u1_0.phone,u1_0.role from users u1_0 where u1_0.email=?
Hibernate: select spp1_0.id,spp1_0.current_latitude,spp1_0.current_longitude,spp1_0.experience_years,spp1_0.hourly_rate,spp1_0.is_available,spp1_0.is_online,spp1_0.kyc_document_ref,spp1_0.kyc_status,spp1_0.last_location_update,spp1_0.smart_service_score,spp1_0.total_reviews,spp1_0.user_id from partner_profiles spp1_0 where spp1_0.user_id=?
Hibernate: update partner_profiles set current_latitude=?,current_longitude=?,experience_years=?,hourly_rate=?,is_available=?,is_online=?,kyc_document_ref=?,kyc_status=?,last_location_update=?,smart_service_score=?,total_reviews=?,user_id=? where id=?
Hibernate: select s1_0.profile_id,s1_0.skill from partner_skills s1_0 where s1_0.profile_id=?
Hibernate: select u1_0.id,u1_0.email,u1_0.first_name,u1_0.last_name,u1_0.password,u1_0.phone,u1_0.role from users u1_0 where u1_0.email=?
Hibernate: select spp1_0.id,spp1_0.current_latitude,spp1_0.current_longitude,spp1_0.experience_years,spp1_0.hourly_rate,spp1_0.is_available,spp1_0.is_online,spp1_0.kyc_document_ref,spp1_0.kyc_status,spp1_0.last_location_update,spp1_0.smart_service_score,spp1_0.total_reviews,spp1_0.user_id from partner_profiles spp1_0 where spp1_0.user_id=?
Hibernate: update partner_profiles set current_latitude=?,current_longitude=?,experience_years=?,hourly_rate=?,is_available=?,is_online=?,kyc_document_ref=?,kyc_status=?,last_location_update=?,smart_service_score=?,total_reviews=?,user_id=? where id=?
Hibernate: select s1_0.profile_id,s1_0.skill from partner_skills s1_0 where s1_0.profile_id=?
Hibernate: select u1_0.id,u1_0.email,u1_0.first_name,u1_0.last_name,u1_0.password,u1_0.phone,u1_0.role from users u1_0 where u1_0.email=?
Hibernate: select spp1_0.id,spp1_0.current_latitude,spp1_0.current_longitude,spp1_0.experience_years,spp1_0.hourly_rate,spp1_0.is_available,spp1_0.is_online,spp1_0.kyc_document_ref,spp1_0.kyc_status,spp1_0.last_location_update,spp1_0.smart_service_score,spp1_0.total_reviews,spp1_0.user_id from partner_profiles spp1_0 where spp1_0.user_id=?
Hibernate: update partner_profiles set current_latitude=?,current_longitude=?,experience_years=?,hourly_rate=?,is_available=?,is_online=?,kyc_document_ref=?,kyc_status=?,last_location_update=?,smart_service_score=?,total_reviews=?,user_id=? where id=?
Hibernate: select s1_0.profile_id,s1_0.skill from partner_skills s1_0 where s1_0.profile_id=?
Hibernate: select u1_0.id,u1_0.email,u1_0.first_name,u1_0.last_name,u1_0.password,u1_0.phone,u1_0.role from users u1_0 where u1_0.email=?
Hibernate: select spp1_0.id,spp1_0.current_latitude,spp1_0.current_longitude,spp1_0.experience_years,spp1_0.hourly_rate,spp1_0.is_available,spp1_0.is_online,spp1_0.kyc_document_ref,spp1_0.kyc_status,spp1_0.last_location_update,spp1_0.smart_service_score,spp1_0.total_reviews,spp1_0.user_id from partner_profiles spp1_0 where spp1_0.user_id=?
Hibernate: update partner_profiles set current_latitude=?,current_longitude=?,experience_years=?,hourly_rate=?,is_available=?,is_online=?,kyc_document_ref=?,kyc_status=?,last_location_update=?,smart_service_score=?,total_reviews=?,user_id=? where id=?
Hibernate: select s1_0.profile_id,s1_0.skill from partner_skills s1_0 where s1_0.profile_id=?
Hibernate: select u1_0.id,u1_0.email,u1_0.first_name,u1_0.last_name,u1_0.password,u1_0.phone,u1_0.role from users u1_0 where u1_0.email=?
Hibernate: select spp1_0.id,spp1_0.current_latitude,spp1_0.current_longitude,spp1_0.experience_years,spp1_0.hourly_rate,spp1_0.is_available,spp1_0.is_online,spp1_0.kyc_document_ref,spp1_0.kyc_status,spp1_0.last_location_update,spp1_0.smart_service_score,spp1_0.total_reviews,spp1_0.user_id from partner_profiles spp1_0 where spp1_0.user_id=?
Hibernate: update partner_profiles set current_latitude=?,current_longitude=?,experience_years=?,hourly_rate=?,is_available=?,is_online=?,kyc_document_ref=?,kyc_status=?,last_location_update=?,smart_service_score=?,total_reviews=?,user_id=? where id=?
Hibernate: select s1_0.profile_id,s1_0.skill from partner_skills s1_0 where s1_0.profile_id=?
Hibernate: select u1_0.id,u1_0.email,u1_0.first_name,u1_0.last_name,u1_0.password,u1_0.phone,u1_0.role from users u1_0 where u1_0.email=?
Hibernate: select spp1_0.id,spp1_0.current_latitude,spp1_0.current_longitude,spp1_0.experience_years,spp1_0.hourly_rate,spp1_0.is_available,spp1_0.is_online,spp1_0.kyc_document_ref,spp1_0.kyc_status,spp1_0.last_location_update,spp1_0.smart_service_score,spp1_0.total_reviews,spp1_0.user_id from partner_profiles spp1_0 where spp1_0.user_id=?
Hibernate: update partner_profiles set current_latitude=?,current_longitude=?,experience_years=?,hourly_rate=?,is_available=?,is_online=?,kyc_document_ref=?,kyc_status=?,last_location_update=?,smart_service_score=?,total_reviews=?,user_id=? where id=?
Hibernate: select s1_0.profile_id,s1_0.skill from partner_skills s1_0 where s1_0.profile_id=?
Hibernate: select u1_0.id,u1_0.email,u1_0.first_name,u1_0.last_name,u1_0.password,u1_0.phone,u1_0.role from users u1_0 where u1_0.email=?
Hibernate: select spp1_0.id,spp1_0.current_latitude,spp1_0.current_longitude,spp1_0.experience_years,spp1_0.hourly_rate,spp1_0.is_available,spp1_0.is_online,spp1_0.kyc_document_ref,spp1_0.kyc_status,spp1_0.last_location_update,spp1_0.smart_service_score,spp1_0.total_reviews,spp1_0.user_id from partner_profiles spp1_0 where spp1_0.user_id=?
Hibernate: update partner_profiles set current_latitude=?,current_longitude=?,experience_years=?,hourly_rate=?,is_available=?,is_online=?,kyc_document_ref=?,kyc_status=?,last_location_update=?,smart_service_score=?,total_reviews=?,user_id=? where id=?
Hibernate: select s1_0.profile_id,s1_0.skill from partner_skills s1_0 where s1_0.profile_id=?
Hibernate: select u1_0.id,u1_0.email,u1_0.first_name,u1_0.last_name,u1_0.password,u1_0.phone,u1_0.role from users u1_0 where u1_0.email=?
Hibernate: select spp1_0.id,spp1_0.current_latitude,spp1_0.current_longitude,spp1_0.experience_years,spp1_0.hourly_rate,spp1_0.is_available,spp1_0.is_online,spp1_0.kyc_document_ref,spp1_0.kyc_status,spp1_0.last_location_update,spp1_0.smart_service_score,spp1_0.total_reviews,spp1_0.user_id from partner_profiles spp1_0 where spp1_0.user_id=?
Hibernate: update partner_profiles set current_latitude=?,current_longitude=?,experience_years=?,hourly_rate=?,is_available=?,is_online=?,kyc_document_ref=?,kyc_status=?,last_location_update=?,smart_service_score=?,total_reviews=?,user_id=? where id=?
Hibernate: select s1_0.profile_id,s1_0.skill from partner_skills s1_0 where s1_0.profile_id=?
Hibernate: select u1_0.id,u1_0.email,u1_0.first_name,u1_0.last_name,u1_0.password,u1_0.phone,u1_0.role from users u1_0 where u1_0.email=?
Hibernate: select spp1_0.id,spp1_0.current_latitude,spp1_0.current_longitude,spp1_0.experience_years,spp1_0.hourly_rate,spp1_0.is_available,spp1_0.is_online,spp1_0.kyc_document_ref,spp1_0.kyc_status,spp1_0.last_location_update,spp1_0.smart_service_score,spp1_0.total_reviews,spp1_0.user_id from partner_profiles spp1_0 where spp1_0.user_id=?
Hibernate: update partner_profiles set current_latitude=?,current_longitude=?,experience_years=?,hourly_rate=?,is_available=?,is_online=?,kyc_document_ref=?,kyc_status=?,last_location_update=?,smart_service_score=?,total_reviews=?,user_id=? where id=?
Hibernate: select s1_0.profile_id,s1_0.skill from partner_skills s1_0 where s1_0.profile_id=?
Hibernate: select u1_0.id,u1_0.email,u1_0.first_name,u1_0.last_name,u1_0.password,u1_0.phone,u1_0.role from users u1_0 where u1_0.email=?
Hibernate: select spp1_0.id,spp1_0.current_latitude,spp1_0.current_longitude,spp1_0.experience_years,spp1_0.hourly_rate,spp1_0.is_available,spp1_0.is_online,spp1_0.kyc_document_ref,spp1_0.kyc_status,spp1_0.last_location_update,spp1_0.smart_service_score,spp1_0.total_reviews,spp1_0.user_id from partner_profiles spp1_0 where spp1_0.user_id=?
Hibernate: update partner_profiles set current_latitude=?,current_longitude=?,experience_years=?,hourly_rate=?,is_available=?,is_online=?,kyc_document_ref=?,kyc_status=?,last_location_update=?,smart_service_score=?,total_reviews=?,user_id=? where id=?
Hibernate: select s1_0.profile_id,s1_0.skill from partner_skills s1_0 where s1_0.profile_id=?
Hibernate: select u1_0.id,u1_0.email,u1_0.first_name,u1_0.last_name,u1_0.password,u1_0.phone,u1_0.role from users u1_0 where u1_0.email=?
Hibernate: select spp1_0.id,spp1_0.current_latitude,spp1_0.current_longitude,spp1_0.experience_years,spp1_0.hourly_rate,spp1_0.is_available,spp1_0.is_online,spp1_0.kyc_document_ref,spp1_0.kyc_status,spp1_0.last_location_update,spp1_0.smart_service_score,spp1_0.total_reviews,spp1_0.user_id from partner_profiles spp1_0 where spp1_0.user_id=?
Hibernate: update partner_profiles set current_latitude=?,current_longitude=?,experience_years=?,hourly_rate=?,is_available=?,is_online=?,kyc_document_ref=?,kyc_status=?,last_location_update=?,smart_service_score=?,total_reviews=?,user_id=? where id=?
Hibernate: select s1_0.profile_id,s1_0.skill from partner_skills s1_0 where s1_0.profile_id=?
Hibernate: select u1_0.id,u1_0.email,u1_0.first_name,u1_0.last_name,u1_0.password,u1_0.phone,u1_0.role from users u1_0 where u1_0.email=?
Hibernate: select spp1_0.id,spp1_0.current_latitude,spp1_0.current_longitude,spp1_0.experience_years,spp1_0.hourly_rate,spp1_0.is_available,spp1_0.is_online,spp1_0.kyc_document_ref,spp1_0.kyc_status,spp1_0.last_location_update,spp1_0.smart_service_score,spp1_0.total_reviews,spp1_0.user_id from partner_profiles spp1_0 where spp1_0.user_id=?
Hibernate: update partner_profiles set current_latitude=?,current_longitude=?,experience_years=?,hourly_rate=?,is_available=?,is_online=?,kyc_document_ref=?,kyc_status=?,last_location_update=?,smart_service_score=?,total_reviews=?,user_id=? where id=?
Hibernate: select s1_0.profile_id,s1_0.skill from partner_skills s1_0 where s1_0.profile_id=?
Hibernate: select u1_0.id,u1_0.email,u1_0.first_name,u1_0.last_name,u1_0.password,u1_0.phone,u1_0.role from users u1_0 where u1_0.email=?
Hibernate: select spp1_0.id,spp1_0.current_latitude,spp1_0.current_longitude,spp1_0.experience_years,spp1_0.hourly_rate,spp1_0.is_available,spp1_0.is_online,spp1_0.kyc_document_ref,spp1_0.kyc_status,spp1_0.last_location_update,spp1_0.smart_service_score,spp1_0.total_reviews,spp1_0.user_id from partner_profiles spp1_0 where spp1_0.user_id=?
Hibernate: update partner_profiles set current_latitude=?,current_longitude=?,experience_years=?,hourly_rate=?,is_available=?,is_online=?,kyc_document_ref=?,kyc_status=?,last_location_update=?,smart_service_score=?,total_reviews=?,user_id=? where id=?
Hibernate: select s1_0.profile_id,s1_0.skill from partner_skills s1_0 where s1_0.profile_id=?
Hibernate: select u1_0.id,u1_0.email,u1_0.first_name,u1_0.last_name,u1_0.password,u1_0.phone,u1_0.role from users u1_0 where u1_0.email=?
Hibernate: select spp1_0.id,spp1_0.current_latitude,spp1_0.current_longitude,spp1_0.experience_years,spp1_0.hourly_rate,spp1_0.is_available,spp1_0.is_online,spp1_0.kyc_document_ref,spp1_0.kyc_status,spp1_0.last_location_update,spp1_0.smart_service_score,spp1_0.total_reviews,spp1_0.user_id from partner_profiles spp1_0 where spp1_0.user_id=?
Hibernate: update partner_profiles set current_latitude=?,current_longitude=?,experience_years=?,hourly_rate=?,is_available=?,is_online=?,kyc_document_ref=?,kyc_status=?,last_location_update=?,smart_service_score=?,total_reviews=?,user_id=? where id=?
Hibernate: select s1_0.profile_id,s1_0.skill from partner_skills s1_0 where s1_0.profile_id=?
Hibernate: select u1_0.id,u1_0.email,u1_0.first_name,u1_0.last_name,u1_0.password,u1_0.phone,u1_0.role from users u1_0 where u1_0.email=?
Hibernate: select spp1_0.id,spp1_0.current_latitude,spp1_0.current_longitude,spp1_0.experience_years,spp1_0.hourly_rate,spp1_0.is_available,spp1_0.is_online,spp1_0.kyc_document_ref,spp1_0.kyc_status,spp1_0.last_location_update,spp1_0.smart_service_score,spp1_0.total_reviews,spp1_0.user_id from partner_profiles spp1_0 where spp1_0.user_id=?
Hibernate: update partner_profiles set current_latitude=?,current_longitude=?,experience_years=?,hourly_rate=?,is_available=?,is_online=?,kyc_document_ref=?,kyc_status=?,last_location_update=?,smart_service_score=?,total_reviews=?,user_id=? where id=?
Hibernate: select s1_0.profile_id,s1_0.skill from partner_skills s1_0 where s1_0.profile_id=?
Hibernate: select u1_0.id,u1_0.email,u1_0.first_name,u1_0.last_name,u1_0.password,u1_0.phone,u1_0.role from users u1_0 where u1_0.email=?
Hibernate: select spp1_0.id,spp1_0.current_latitude,spp1_0.current_longitude,spp1_0.experience_years,spp1_0.hourly_rate,spp1_0.is_available,spp1_0.is_online,spp1_0.kyc_document_ref,spp1_0.kyc_status,spp1_0.last_location_update,spp1_0.smart_service_score,spp1_0.total_reviews,spp1_0.user_id from partner_profiles spp1_0 where spp1_0.user_id=?
Hibernate: update partner_profiles set current_latitude=?,current_longitude=?,experience_years=?,hourly_rate=?,is_available=?,is_online=?,kyc_document_ref=?,kyc_status=?,last_location_update=?,smart_service_score=?,total_reviews=?,user_id=? where id=?
Hibernate: select s1_0.profile_id,s1_0.skill from partner_skills s1_0 where s1_0.profile_id=?
Hibernate: select u1_0.id,u1_0.email,u1_0.first_name,u1_0.last_name,u1_0.password,u1_0.phone,u1_0.role from users u1_0 where u1_0.email=?
Hibernate: select spp1_0.id,spp1_0.current_latitude,spp1_0.current_longitude,spp1_0.experience_years,spp1_0.hourly_rate,spp1_0.is_available,spp1_0.is_online,spp1_0.kyc_document_ref,spp1_0.kyc_status,spp1_0.last_location_update,spp1_0.smart_service_score,spp1_0.total_reviews,spp1_0.user_id from partner_profiles spp1_0 where spp1_0.user_id=?
Hibernate: update partner_profiles set current_latitude=?,current_longitude=?,experience_years=?,hourly_rate=?,is_available=?,is_online=?,kyc_document_ref=?,kyc_status=?,last_location_update=?,smart_service_score=?,total_reviews=?,user_id=? where id=?
Hibernate: select s1_0.profile_id,s1_0.skill from partner_skills s1_0 where s1_0.profile_id=?
Hibernate: select u1_0.id,u1_0.email,u1_0.first_name,u1_0.last_name,u1_0.password,u1_0.phone,u1_0.role from users u1_0 where u1_0.email=?
Hibernate: select spp1_0.id,spp1_0.current_latitude,spp1_0.current_longitude,spp1_0.experience_years,spp1_0.hourly_rate,spp1_0.is_available,spp1_0.is_online,spp1_0.kyc_document_ref,spp1_0.kyc_status,spp1_0.last_location_update,spp1_0.smart_service_score,spp1_0.total_reviews,spp1_0.user_id from partner_profiles spp1_0 where spp1_0.user_id=?
Hibernate: update partner_profiles set current_latitude=?,current_longitude=?,experience_years=?,hourly_rate=?,is_available=?,is_online=?,kyc_document_ref=?,kyc_status=?,last_location_update=?,smart_service_score=?,total_reviews=?,user_id=? where id=?
Hibernate: select s1_0.profile_id,s1_0.skill from partner_skills s1_0 where s1_0.profile_id=?
Hibernate: select u1_0.id,u1_0.email,u1_0.first_name,u1_0.last_name,u1_0.password,u1_0.phone,u1_0.role from users u1_0 where u1_0.email=?
Hibernate: select spp1_0.id,spp1_0.current_latitude,spp1_0.current_longitude,spp1_0.experience_years,spp1_0.hourly_rate,spp1_0.is_available,spp1_0.is_online,spp1_0.kyc_document_ref,spp1_0.kyc_status,spp1_0.last_location_update,spp1_0.smart_service_score,spp1_0.total_reviews,spp1_0.user_id from partner_profiles spp1_0 where spp1_0.user_id=?
Hibernate: update partner_profiles set current_latitude=?,current_longitude=?,experience_years=?,hourly_rate=?,is_available=?,is_online=?,kyc_document_ref=?,kyc_status=?,last_location_update=?,smart_service_score=?,total_reviews=?,user_id=? where id=?
Hibernate: select s1_0.profile_id,s1_0.skill from partner_skills s1_0 where s1_0.profile_id=?
Hibernate: select u1_0.id,u1_0.email,u1_0.first_name,u1_0.last_name,u1_0.password,u1_0.phone,u1_0.role from users u1_0 where u1_0.email=?
Hibernate: select spp1_0.id,spp1_0.current_latitude,spp1_0.current_longitude,spp1_0.experience_years,spp1_0.hourly_rate,spp1_0.is_available,spp1_0.is_online,spp1_0.kyc_document_ref,spp1_0.kyc_status,spp1_0.last_location_update,spp1_0.smart_service_score,spp1_0.total_reviews,spp1_0.user_id from partner_profiles spp1_0 where spp1_0.user_id=?
Hibernate: update partner_profiles set current_latitude=?,current_longitude=?,experience_years=?,hourly_rate=?,is_available=?,is_online=?,kyc_document_ref=?,kyc_status=?,last_location_update=?,smart_service_score=?,total_reviews=?,user_id=? where id=?
Hibernate: select s1_0.profile_id,s1_0.skill from partner_skills s1_0 where s1_0.profile_id=?
Hibernate: select u1_0.id,u1_0.email,u1_0.first_name,u1_0.last_name,u1_0.password,u1_0.phone,u1_0.role from users u1_0 where u1_0.email=?
Hibernate: select spp1_0.id,spp1_0.current_latitude,spp1_0.current_longitude,spp1_0.experience_years,spp1_0.hourly_rate,spp1_0.is_available,spp1_0.is_online,spp1_0.kyc_document_ref,spp1_0.kyc_status,spp1_0.last_location_update,spp1_0.smart_service_score,spp1_0.total_reviews,spp1_0.user_id from partner_profiles spp1_0 where spp1_0.user_id=?
Hibernate: update partner_profiles set current_latitude=?,current_longitude=?,experience_years=?,hourly_rate=?,is_available=?,is_online=?,kyc_document_ref=?,kyc_status=?,last_location_update=?,smart_service_score=?,total_reviews=?,user_id=? where id=?
Hibernate: select s1_0.profile_id,s1_0.skill from partner_skills s1_0 where s1_0.profile_id=?
Hibernate: select u1_0.id,u1_0.email,u1_0.first_name,u1_0.last_name,u1_0.password,u1_0.phone,u1_0.role from users u1_0 where u1_0.email=?
Hibernate: select spp1_0.id,spp1_0.current_latitude,spp1_0.current_longitude,spp1_0.experience_years,spp1_0.hourly_rate,spp1_0.is_available,spp1_0.is_online,spp1_0.kyc_document_ref,spp1_0.kyc_status,spp1_0.last_location_update,spp1_0.smart_service_score,spp1_0.total_reviews,spp1_0.user_id from partner_profiles spp1_0 where spp1_0.user_id=?
Hibernate: update partner_profiles set current_latitude=?,current_longitude=?,experience_years=?,hourly_rate=?,is_available=?,is_online=?,kyc_document_ref=?,kyc_status=?,last_location_update=?,smart_service_score=?,total_reviews=?,user_id=? where id=?
Hibernate: select s1_0.profile_id,s1_0.skill from partner_skills s1_0 where s1_0.profile_id=?
Hibernate: select u1_0.id,u1_0.email,u1_0.first_name,u1_0.last_name,u1_0.password,u1_0.phone,u1_0.role from users u1_0 where u1_0.email=?
Hibernate: select spp1_0.id,spp1_0.current_latitude,spp1_0.current_longitude,spp1_0.experience_years,spp1_0.hourly_rate,spp1_0.is_available,spp1_0.is_online,spp1_0.kyc_document_ref,spp1_0.kyc_status,spp1_0.last_location_update,spp1_0.smart_service_score,spp1_0.total_reviews,spp1_0.user_id from partner_profiles spp1_0 where spp1_0.user_id=?
Hibernate: update partner_profiles set current_latitude=?,current_longitude=?,experience_years=?,hourly_rate=?,is_available=?,is_online=?,kyc_document_ref=?,kyc_status=?,last_location_update=?,smart_service_score=?,total_reviews=?,user_id=? where id=?
Hibernate: select s1_0.profile_id,s1_0.skill from partner_skills s1_0 where s1_0.profile_id=?
Hibernate: select u1_0.id,u1_0.email,u1_0.first_name,u1_0.last_name,u1_0.password,u1_0.phone,u1_0.role from users u1_0 where u1_0.email=?
Hibernate: select spp1_0.id,spp1_0.current_latitude,spp1_0.current_longitude,spp1_0.experience_years,spp1_0.hourly_rate,spp1_0.is_available,spp1_0.is_online,spp1_0.kyc_document_ref,spp1_0.kyc_status,spp1_0.last_location_update,spp1_0.smart_service_score,spp1_0.total_reviews,spp1_0.user_id from partner_profiles spp1_0 where spp1_0.user_id=?
Hibernate: update partner_profiles set current_latitude=?,current_longitude=?,experience_years=?,hourly_rate=?,is_available=?,is_online=?,kyc_document_ref=?,kyc_status=?,last_location_update=?,smart_service_score=?,total_reviews=?,user_id=? where id=?
Hibernate: select s1_0.profile_id,s1_0.skill from partner_skills s1_0 where s1_0.profile_id=?
Hibernate: select u1_0.id,u1_0.email,u1_0.first_name,u1_0.last_name,u1_0.password,u1_0.phone,u1_0.role from users u1_0 where u1_0.email=?
Hibernate: select spp1_0.id,spp1_0.current_latitude,spp1_0.current_longitude,spp1_0.experience_years,spp1_0.hourly_rate,spp1_0.is_available,spp1_0.is_online,spp1_0.kyc_document_ref,spp1_0.kyc_status,spp1_0.last_location_update,spp1_0.smart_service_score,spp1_0.total_reviews,spp1_0.user_id from partner_profiles spp1_0 where spp1_0.user_id=?
Hibernate: update partner_profiles set current_latitude=?,current_longitude=?,experience_years=?,hourly_rate=?,is_available=?,is_online=?,kyc_document_ref=?,kyc_status=?,last_location_update=?,smart_service_score=?,total_reviews=?,user_id=? where id=?
Hibernate: select s1_0.profile_id,s1_0.skill from partner_skills s1_0 where s1_0.profile_id=?
Hibernate: select u1_0.id,u1_0.email,u1_0.first_name,u1_0.last_name,u1_0.password,u1_0.phone,u1_0.role from users u1_0 where u1_0.email=?
Hibernate: select spp1_0.id,spp1_0.current_latitude,spp1_0.current_longitude,spp1_0.experience_years,spp1_0.hourly_rate,spp1_0.is_available,spp1_0.is_online,spp1_0.kyc_document_ref,spp1_0.kyc_status,spp1_0.last_location_update,spp1_0.smart_service_score,spp1_0.total_reviews,spp1_0.user_id from partner_profiles spp1_0 where spp1_0.user_id=?
Hibernate: update partner_profiles set current_latitude=?,current_longitude=?,experience_years=?,hourly_rate=?,is_available=?,is_online=?,kyc_document_ref=?,kyc_status=?,last_location_update=?,smart_service_score=?,total_reviews=?,user_id=? where id=?
Hibernate: select s1_0.profile_id,s1_0.skill from partner_skills s1_0 where s1_0.profile_id=?
Hibernate: select u1_0.id,u1_0.email,u1_0.first_name,u1_0.last_name,u1_0.password,u1_0.phone,u1_0.role from users u1_0 where u1_0.email=?
Hibernate: select u1_0.id,u1_0.email,u1_0.first_name,u1_0.last_name,u1_0.password,u1_0.phone,u1_0.role from users u1_0 where u1_0.email=?
Hibernate: select u1_0.id,u1_0.email,u1_0.first_name,u1_0.last_name,u1_0.password,u1_0.phone,u1_0.role from users u1_0 where u1_0.email=?
Hibernate: select b1_0.id,b1_0.address_id,b1_0.category_id,b1_0.customer_id,b1_0.customer_latitude,b1_0.customer_longitude,b1_0.is_emergency,b1_0.notes,b1_0.partner_id,b1_0.partner_latitude,b1_0.partner_longitude,b1_0.scheduled_date,b1_0.status,b1_0.total_amount from bookings b1_0 where b1_0.customer_id=?
Hibernate: select u1_0.id,u1_0.email,u1_0.first_name,u1_0.last_name,u1_0.password,u1_0.phone,u1_0.role from users u1_0 where u1_0.id=?
Hibernate: select u1_0.id,u1_0.email,u1_0.first_name,u1_0.last_name,u1_0.password,u1_0.phone,u1_0.role from users u1_0 where u1_0.id=?
Hibernate: select sc1_0.id,sc1_0.description,sc1_0.icon_url,sc1_0.is_active,sc1_0.name from service_categories sc1_0 where sc1_0.id=?
Hibernate: select a1_0.id,a1_0.city,a1_0.country,a1_0.is_default,a1_0.latitude,a1_0.longitude,a1_0.state,a1_0.street,a1_0.user_id,a1_0.zip_code from addresses a1_0 where a1_0.id=?
Hibernate: select u1_0.id,u1_0.email,u1_0.first_name,u1_0.last_name,u1_0.password,u1_0.phone,u1_0.role from users u1_0 where u1_0.email=?
Hibernate: select b1_0.id,b1_0.address_id,b1_0.category_id,b1_0.customer_id,b1_0.customer_latitude,b1_0.customer_longitude,b1_0.is_emergency,b1_0.notes,b1_0.partner_id,b1_0.partner_latitude,b1_0.partner_longitude,b1_0.scheduled_date,b1_0.status,b1_0.total_amount from bookings b1_0 where b1_0.customer_id=?
Hibernate: select u1_0.id,u1_0.email,u1_0.first_name,u1_0.last_name,u1_0.password,u1_0.phone,u1_0.role from users u1_0 where u1_0.id=?
Hibernate: select u1_0.id,u1_0.email,u1_0.first_name,u1_0.last_name,u1_0.password,u1_0.phone,u1_0.role from users u1_0 where u1_0.id=?
Hibernate: select sc1_0.id,sc1_0.description,sc1_0.icon_url,sc1_0.is_active,sc1_0.name from service_categories sc1_0 where sc1_0.id=?
Hibernate: select a1_0.id,a1_0.city,a1_0.country,a1_0.is_default,a1_0.latitude,a1_0.longitude,a1_0.state,a1_0.street,a1_0.user_id,a1_0.zip_code from addresses a1_0 where a1_0.id=?
Hibernate: select u1_0.id,u1_0.email,u1_0.first_name,u1_0.last_name,u1_0.password,u1_0.phone,u1_0.role from users u1_0 where u1_0.email=?
Hibernate: select spp1_0.id,spp1_0.current_latitude,spp1_0.current_longitude,spp1_0.experience_years,spp1_0.hourly_rate,spp1_0.is_available,spp1_0.is_online,spp1_0.kyc_document_ref,spp1_0.kyc_status,spp1_0.last_location_update,spp1_0.smart_service_score,spp1_0.total_reviews,spp1_0.user_id from partner_profiles spp1_0 where spp1_0.user_id=?
Hibernate: update partner_profiles set current_latitude=?,current_longitude=?,experience_years=?,hourly_rate=?,is_available=?,is_online=?,kyc_document_ref=?,kyc_status=?,last_location_update=?,smart_service_score=?,total_reviews=?,user_id=? where id=?
Hibernate: select s1_0.profile_id,s1_0.skill from partner_skills s1_0 where s1_0.profile_id=?
Hibernate: select u1_0.id,u1_0.email,u1_0.first_name,u1_0.last_name,u1_0.password,u1_0.phone,u1_0.role from users u1_0 where u1_0.email=?
Hibernate: select spp1_0.id,spp1_0.current_latitude,spp1_0.current_longitude,spp1_0.experience_years,spp1_0.hourly_rate,spp1_0.is_available,spp1_0.is_online,spp1_0.kyc_document_ref,spp1_0.kyc_status,spp1_0.last_location_update,spp1_0.smart_service_score,spp1_0.total_reviews,spp1_0.user_id from partner_profiles spp1_0 where spp1_0.user_id=?
Hibernate: update partner_profiles set current_latitude=?,current_longitude=?,experience_years=?,hourly_rate=?,is_available=?,is_online=?,kyc_document_ref=?,kyc_status=?,last_location_update=?,smart_service_score=?,total_reviews=?,user_id=? where id=?
Hibernate: select s1_0.profile_id,s1_0.skill from partner_skills s1_0 where s1_0.profile_id=?
Hibernate: select u1_0.id,u1_0.email,u1_0.first_name,u1_0.last_name,u1_0.password,u1_0.phone,u1_0.role from users u1_0 where u1_0.email=?
Hibernate: select u1_0.id,u1_0.email,u1_0.first_name,u1_0.last_name,u1_0.password,u1_0.phone,u1_0.role from users u1_0 where u1_0.email=?
Hibernate: select a1_0.id,a1_0.city,a1_0.country,a1_0.is_default,a1_0.latitude,a1_0.longitude,a1_0.state,a1_0.street,a1_0.user_id,a1_0.zip_code from addresses a1_0 where a1_0.user_id=?
Hibernate: select sc1_0.id,sc1_0.description,sc1_0.icon_url,sc1_0.is_active,sc1_0.name from service_categories sc1_0
Hibernate: select u1_0.id,u1_0.email,u1_0.first_name,u1_0.last_name,u1_0.password,u1_0.phone,u1_0.role from users u1_0 where u1_0.email=?
Hibernate: select spp1_0.id,spp1_0.current_latitude,spp1_0.current_longitude,spp1_0.experience_years,spp1_0.hourly_rate,spp1_0.is_available,spp1_0.is_online,spp1_0.kyc_document_ref,spp1_0.kyc_status,spp1_0.last_location_update,spp1_0.smart_service_score,spp1_0.total_reviews,spp1_0.user_id from partner_profiles spp1_0 where spp1_0.user_id=?
Hibernate: update partner_profiles set current_latitude=?,current_longitude=?,experience_years=?,hourly_rate=?,is_available=?,is_online=?,kyc_document_ref=?,kyc_status=?,last_location_update=?,smart_service_score=?,total_reviews=?,user_id=? where id=?
Hibernate: select s1_0.profile_id,s1_0.skill from partner_skills s1_0 where s1_0.profile_id=?
Hibernate: select u1_0.id,u1_0.email,u1_0.first_name,u1_0.last_name,u1_0.password,u1_0.phone,u1_0.role from users u1_0 where u1_0.email=?
Hibernate: select spp1_0.id,spp1_0.current_latitude,spp1_0.current_longitude,spp1_0.experience_years,spp1_0.hourly_rate,spp1_0.is_available,spp1_0.is_online,spp1_0.kyc_document_ref,spp1_0.kyc_status,spp1_0.last_location_update,spp1_0.smart_service_score,spp1_0.total_reviews,spp1_0.user_id from partner_profiles spp1_0 where spp1_0.user_id=?
Hibernate: update partner_profiles set current_latitude=?,current_longitude=?,experience_years=?,hourly_rate=?,is_available=?,is_online=?,kyc_document_ref=?,kyc_status=?,last_location_update=?,smart_service_score=?,total_reviews=?,user_id=? where id=?
Hibernate: select s1_0.profile_id,s1_0.skill from partner_skills s1_0 where s1_0.profile_id=?
Hibernate: select u1_0.id,u1_0.email,u1_0.first_name,u1_0.last_name,u1_0.password,u1_0.phone,u1_0.role from users u1_0 where u1_0.email=?
Hibernate: select spp1_0.id,spp1_0.current_latitude,spp1_0.current_longitude,spp1_0.experience_years,spp1_0.hourly_rate,spp1_0.is_available,spp1_0.is_online,spp1_0.kyc_document_ref,spp1_0.kyc_status,spp1_0.last_location_update,spp1_0.smart_service_score,spp1_0.total_reviews,spp1_0.user_id from partner_profiles spp1_0 where spp1_0.user_id=?
Hibernate: update partner_profiles set current_latitude=?,current_longitude=?,experience_years=?,hourly_rate=?,is_available=?,is_online=?,kyc_document_ref=?,kyc_status=?,last_location_update=?,smart_service_score=?,total_reviews=?,user_id=? where id=?
Hibernate: select s1_0.profile_id,s1_0.skill from partner_skills s1_0 where s1_0.profile_id=?
Hibernate: select u1_0.id,u1_0.email,u1_0.first_name,u1_0.last_name,u1_0.password,u1_0.phone,u1_0.role from users u1_0 where u1_0.email=?
Hibernate: select spp1_0.id,spp1_0.current_latitude,spp1_0.current_longitude,spp1_0.experience_years,spp1_0.hourly_rate,spp1_0.is_available,spp1_0.is_online,spp1_0.kyc_document_ref,spp1_0.kyc_status,spp1_0.last_location_update,spp1_0.smart_service_score,spp1_0.total_reviews,spp1_0.user_id from partner_profiles spp1_0 where spp1_0.user_id=?
Hibernate: update partner_profiles set current_latitude=?,current_longitude=?,experience_years=?,hourly_rate=?,is_available=?,is_online=?,kyc_document_ref=?,kyc_status=?,last_location_update=?,smart_service_score=?,total_reviews=?,user_id=? where id=?
Hibernate: select s1_0.profile_id,s1_0.skill from partner_skills s1_0 where s1_0.profile_id=?
Hibernate: select u1_0.id,u1_0.email,u1_0.first_name,u1_0.last_name,u1_0.password,u1_0.phone,u1_0.role from users u1_0 where u1_0.email=?
Hibernate: select spp1_0.id,spp1_0.current_latitude,spp1_0.current_longitude,spp1_0.experience_years,spp1_0.hourly_rate,spp1_0.is_available,spp1_0.is_online,spp1_0.kyc_document_ref,spp1_0.kyc_status,spp1_0.last_location_update,spp1_0.smart_service_score,spp1_0.total_reviews,spp1_0.user_id from partner_profiles spp1_0 where spp1_0.user_id=?
Hibernate: update partner_profiles set current_latitude=?,current_longitude=?,experience_years=?,hourly_rate=?,is_available=?,is_online=?,kyc_document_ref=?,kyc_status=?,last_location_update=?,smart_service_score=?,total_reviews=?,user_id=? where id=?
Hibernate: select s1_0.profile_id,s1_0.skill from partner_skills s1_0 where s1_0.profile_id=?
2026-08-18T01:23:06.168+05:30  INFO 22332 --- [fixmate-backend] [trap-executor-0] c.n.d.s.r.aws.ConfigClusterResolver      : Resolving eureka endpoints via configuration
Hibernate: select u1_0.id,u1_0.email,u1_0.first_name,u1_0.last_name,u1_0.password,u1_0.phone,u1_0.role from users u1_0 where u1_0.email=?
Hibernate: select u1_0.id,u1_0.email,u1_0.first_name,u1_0.last_name,u1_0.password,u1_0.phone,u1_0.role from users u1_0 where u1_0.email=?
Hibernate: select u1_0.id,u1_0.email,u1_0.first_name,u1_0.last_name,u1_0.password,u1_0.phone,u1_0.role from users u1_0 where u1_0.email=?
Hibernate: select u1_0.id,u1_0.email,u1_0.first_name,u1_0.last_name,u1_0.password,u1_0.phone,u1_0.role from users u1_0 where u1_0.email=?
Hibernate: select u1_0.id,u1_0.email,u1_0.first_name,u1_0.last_name,u1_0.password,u1_0.phone,u1_0.role from users u1_0 where u1_0.email=?
Hibernate: select spp1_0.id,spp1_0.current_latitude,spp1_0.current_longitude,spp1_0.experience_years,spp1_0.hourly_rate,spp1_0.is_available,spp1_0.is_online,spp1_0.kyc_document_ref,spp1_0.kyc_status,spp1_0.last_location_update,spp1_0.smart_service_score,spp1_0.total_reviews,spp1_0.user_id from partner_profiles spp1_0 where spp1_0.user_id=?
Hibernate: select spp1_0.id,spp1_0.current_latitude,spp1_0.current_longitude,spp1_0.experience_years,spp1_0.hourly_rate,spp1_0.is_available,spp1_0.is_online,spp1_0.kyc_document_ref,spp1_0.kyc_status,spp1_0.last_location_update,spp1_0.smart_service_score,spp1_0.total_reviews,spp1_0.user_id from partner_profiles spp1_0 where spp1_0.user_id=?
Hibernate: update partner_profiles set current_latitude=?,current_longitude=?,experience_years=?,hourly_rate=?,is_available=?,is_online=?,kyc_document_ref=?,kyc_status=?,last_location_update=?,smart_service_score=?,total_reviews=?,user_id=? where id=?
Hibernate: select spp1_0.id,spp1_0.current_latitude,spp1_0.current_longitude,spp1_0.experience_years,spp1_0.hourly_rate,spp1_0.is_available,spp1_0.is_online,spp1_0.kyc_document_ref,spp1_0.kyc_status,spp1_0.last_location_update,spp1_0.smart_service_score,spp1_0.total_reviews,spp1_0.user_id from partner_profiles spp1_0 where spp1_0.user_id=?
Hibernate: select spp1_0.id,spp1_0.current_latitude,spp1_0.current_longitude,spp1_0.experience_years,spp1_0.hourly_rate,spp1_0.is_available,spp1_0.is_online,spp1_0.kyc_document_ref,spp1_0.kyc_status,spp1_0.last_location_update,spp1_0.smart_service_score,spp1_0.total_reviews,spp1_0.user_id from partner_profiles spp1_0 where spp1_0.user_id=?
Hibernate: update partner_profiles set current_latitude=?,current_longitude=?,experience_years=?,hourly_rate=?,is_available=?,is_online=?,kyc_document_ref=?,kyc_status=?,last_location_update=?,smart_service_score=?,total_reviews=?,user_id=? where id=?
Hibernate: update partner_profiles set current_latitude=?,current_longitude=?,experience_years=?,hourly_rate=?,is_available=?,is_online=?,kyc_document_ref=?,kyc_status=?,last_location_update=?,smart_service_score=?,total_reviews=?,user_id=? where id=?
Hibernate: select spp1_0.id,spp1_0.current_latitude,spp1_0.current_longitude,spp1_0.experience_years,spp1_0.hourly_rate,spp1_0.is_available,spp1_0.is_online,spp1_0.kyc_document_ref,spp1_0.kyc_status,spp1_0.last_location_update,spp1_0.smart_service_score,spp1_0.total_reviews,spp1_0.user_id from partner_profiles spp1_0 where spp1_0.user_id=?
Hibernate: select s1_0.profile_id,s1_0.skill from partner_skills s1_0 where s1_0.profile_id=?
Hibernate: update partner_profiles set current_latitude=?,current_longitude=?,experience_years=?,hourly_rate=?,is_available=?,is_online=?,kyc_document_ref=?,kyc_status=?,last_location_update=?,smart_service_score=?,total_reviews=?,user_id=? where id=?
Hibernate: select s1_0.profile_id,s1_0.skill from partner_skills s1_0 where s1_0.profile_id=?
Hibernate: update partner_profiles set current_latitude=?,current_longitude=?,experience_years=?,hourly_rate=?,is_available=?,is_online=?,kyc_document_ref=?,kyc_status=?,last_location_update=?,smart_service_score=?,total_reviews=?,user_id=? where id=?
Hibernate: select s1_0.profile_id,s1_0.skill from partner_skills s1_0 where s1_0.profile_id=?
Hibernate: select s1_0.profile_id,s1_0.skill from partner_skills s1_0 where s1_0.profile_id=?
Hibernate: select s1_0.profile_id,s1_0.skill from partner_skills s1_0 where s1_0.profile_id=?
Hibernate: select u1_0.id,u1_0.email,u1_0.first_name,u1_0.last_name,u1_0.password,u1_0.phone,u1_0.role from users u1_0 where u1_0.email=?
Hibernate: select spp1_0.id,spp1_0.current_latitude,spp1_0.current_longitude,spp1_0.experience_years,spp1_0.hourly_rate,spp1_0.is_available,spp1_0.is_online,spp1_0.kyc_document_ref,spp1_0.kyc_status,spp1_0.last_location_update,spp1_0.smart_service_score,spp1_0.total_reviews,spp1_0.user_id from partner_profiles spp1_0 where spp1_0.user_id=?
Hibernate: update partner_profiles set current_latitude=?,current_longitude=?,experience_years=?,hourly_rate=?,is_available=?,is_online=?,kyc_document_ref=?,kyc_status=?,last_location_update=?,smart_service_score=?,total_reviews=?,user_id=? where id=?
Hibernate: select s1_0.profile_id,s1_0.skill from partner_skills s1_0 where s1_0.profile_id=?
Hibernate: select u1_0.id,u1_0.email,u1_0.first_name,u1_0.last_name,u1_0.password,u1_0.phone,u1_0.role from users u1_0 where u1_0.email=?
Hibernate: select spp1_0.id,spp1_0.current_latitude,spp1_0.current_longitude,spp1_0.experience_years,spp1_0.hourly_rate,spp1_0.is_available,spp1_0.is_online,spp1_0.kyc_document_ref,spp1_0.kyc_status,spp1_0.last_location_update,spp1_0.smart_service_score,spp1_0.total_reviews,spp1_0.user_id from partner_profiles spp1_0 where spp1_0.user_id=?
Hibernate: update partner_profiles set current_latitude=?,current_longitude=?,experience_years=?,hourly_rate=?,is_available=?,is_online=?,kyc_document_ref=?,kyc_status=?,last_location_update=?,smart_service_score=?,total_reviews=?,user_id=? where id=?
Hibernate: select s1_0.profile_id,s1_0.skill from partner_skills s1_0 where s1_0.profile_id=?
Hibernate: select u1_0.id,u1_0.email,u1_0.first_name,u1_0.last_name,u1_0.password,u1_0.phone,u1_0.role from users u1_0 where u1_0.email=?
Hibernate: select spp1_0.id,spp1_0.current_latitude,spp1_0.current_longitude,spp1_0.experience_years,spp1_0.hourly_rate,spp1_0.is_available,spp1_0.is_online,spp1_0.kyc_document_ref,spp1_0.kyc_status,spp1_0.last_location_update,spp1_0.smart_service_score,spp1_0.total_reviews,spp1_0.user_id from partner_profiles spp1_0 where spp1_0.user_id=?
Hibernate: update partner_profiles set current_latitude=?,current_longitude=?,experience_years=?,hourly_rate=?,is_available=?,is_online=?,kyc_document_ref=?,kyc_status=?,last_location_update=?,smart_service_score=?,total_reviews=?,user_id=? where id=?
Hibernate: select s1_0.profile_id,s1_0.skill from partner_skills s1_0 where s1_0.profile_id=?
Hibernate: select u1_0.id,u1_0.email,u1_0.first_name,u1_0.last_name,u1_0.password,u1_0.phone,u1_0.role from users u1_0 where u1_0.email=?
Hibernate: select spp1_0.id,spp1_0.current_latitude,spp1_0.current_longitude,spp1_0.experience_years,spp1_0.hourly_rate,spp1_0.is_available,spp1_0.is_online,spp1_0.kyc_document_ref,spp1_0.kyc_status,spp1_0.last_location_update,spp1_0.smart_service_score,spp1_0.total_reviews,spp1_0.user_id from partner_profiles spp1_0 where spp1_0.user_id=?
Hibernate: update partner_profiles set current_latitude=?,current_longitude=?,experience_years=?,hourly_rate=?,is_available=?,is_online=?,kyc_document_ref=?,kyc_status=?,last_location_update=?,smart_service_score=?,total_reviews=?,user_id=? where id=?
Hibernate: select s1_0.profile_id,s1_0.skill from partner_skills s1_0 where s1_0.profile_id=?
Hibernate: select u1_0.id,u1_0.email,u1_0.first_name,u1_0.last_name,u1_0.password,u1_0.phone,u1_0.role from users u1_0 where u1_0.email=?
Hibernate: select spp1_0.id,spp1_0.current_latitude,spp1_0.current_longitude,spp1_0.experience_years,spp1_0.hourly_rate,spp1_0.is_available,spp1_0.is_online,spp1_0.kyc_document_ref,spp1_0.kyc_status,spp1_0.last_location_update,spp1_0.smart_service_score,spp1_0.total_reviews,spp1_0.user_id from partner_profiles spp1_0 where spp1_0.user_id=?
Hibernate: update partner_profiles set current_latitude=?,current_longitude=?,experience_years=?,hourly_rate=?,is_available=?,is_online=?,kyc_document_ref=?,kyc_status=?,last_location_update=?,smart_service_score=?,total_reviews=?,user_id=? where id=?
Hibernate: select s1_0.profile_id,s1_0.skill from partner_skills s1_0 where s1_0.profile_id=?
Hibernate: select u1_0.id,u1_0.email,u1_0.first_name,u1_0.last_name,u1_0.password,u1_0.phone,u1_0.role from users u1_0 where u1_0.email=?
Hibernate: select spp1_0.id,spp1_0.current_latitude,spp1_0.current_longitude,spp1_0.experience_years,spp1_0.hourly_rate,spp1_0.is_available,spp1_0.is_online,spp1_0.kyc_document_ref,spp1_0.kyc_status,spp1_0.last_location_update,spp1_0.smart_service_score,spp1_0.total_reviews,spp1_0.user_id from partner_profiles spp1_0 where spp1_0.user_id=?
Hibernate: update partner_profiles set current_latitude=?,current_longitude=?,experience_years=?,hourly_rate=?,is_available=?,is_online=?,kyc_document_ref=?,kyc_status=?,last_location_update=?,smart_service_score=?,total_reviews=?,user_id=? where id=?
Hibernate: select s1_0.profile_id,s1_0.skill from partner_skills s1_0 where s1_0.profile_id=?
Hibernate: select u1_0.id,u1_0.email,u1_0.first_name,u1_0.last_name,u1_0.password,u1_0.phone,u1_0.role from users u1_0 where u1_0.email=?
Hibernate: select sc1_0.id,sc1_0.description,sc1_0.icon_url,sc1_0.is_active,sc1_0.name from service_categories sc1_0 where sc1_0.id=?
Hibernate: select distinct spp1_0.id,spp1_0.current_latitude,spp1_0.current_longitude,spp1_0.experience_years,spp1_0.hourly_rate,spp1_0.is_available,spp1_0.is_online,spp1_0.kyc_document_ref,spp1_0.kyc_status,spp1_0.last_location_update,spp1_0.smart_service_score,spp1_0.total_reviews,spp1_0.user_id from partner_profiles spp1_0 join partner_skills s1_0 on spp1_0.id=s1_0.profile_id where lower(trim(BOTH from s1_0.skill))=lower(trim(BOTH from ?)) and spp1_0.kyc_status='APPROVED' and spp1_0.is_online=1 and spp1_0.is_available=1 and spp1_0.current_latitude is not null and spp1_0.current_longitude is not null and spp1_0.last_location_update is not null and spp1_0.last_location_update>=?
Hibernate: select u1_0.id,u1_0.email,u1_0.first_name,u1_0.last_name,u1_0.password,u1_0.phone,u1_0.role from users u1_0 where u1_0.id=?
Hibernate: select s1_0.profile_id,s1_0.skill from partner_skills s1_0 where s1_0.profile_id=?
Hibernate: select u1_0.id,u1_0.email,u1_0.first_name,u1_0.last_name,u1_0.password,u1_0.phone,u1_0.role from users u1_0 where u1_0.email=?
Hibernate: select sc1_0.id,sc1_0.description,sc1_0.icon_url,sc1_0.is_active,sc1_0.name from service_categories sc1_0 where sc1_0.id=?
Hibernate: select distinct spp1_0.id,spp1_0.current_latitude,spp1_0.current_longitude,spp1_0.experience_years,spp1_0.hourly_rate,spp1_0.is_available,spp1_0.is_online,spp1_0.kyc_document_ref,spp1_0.kyc_status,spp1_0.last_location_update,spp1_0.smart_service_score,spp1_0.total_reviews,spp1_0.user_id from partner_profiles spp1_0 join partner_skills s1_0 on spp1_0.id=s1_0.profile_id where lower(trim(BOTH from s1_0.skill))=lower(trim(BOTH from ?)) and spp1_0.kyc_status='APPROVED' and spp1_0.is_online=1 and spp1_0.is_available=1 and spp1_0.current_latitude is not null and spp1_0.current_longitude is not null and spp1_0.last_location_update is not null and spp1_0.last_location_update>=?
Hibernate: select u1_0.id,u1_0.email,u1_0.first_name,u1_0.last_name,u1_0.password,u1_0.phone,u1_0.role from users u1_0 where u1_0.id=?
Hibernate: select s1_0.profile_id,s1_0.skill from partner_skills s1_0 where s1_0.profile_id=?
Hibernate: select u1_0.id,u1_0.email,u1_0.first_name,u1_0.last_name,u1_0.password,u1_0.phone,u1_0.role from users u1_0 where u1_0.email=?
Hibernate: select spp1_0.id,spp1_0.current_latitude,spp1_0.current_longitude,spp1_0.experience_years,spp1_0.hourly_rate,spp1_0.is_available,spp1_0.is_online,spp1_0.kyc_document_ref,spp1_0.kyc_status,spp1_0.last_location_update,spp1_0.smart_service_score,spp1_0.total_reviews,spp1_0.user_id from partner_profiles spp1_0 where spp1_0.user_id=?
Hibernate: update partner_profiles set current_latitude=?,current_longitude=?,experience_years=?,hourly_rate=?,is_available=?,is_online=?,kyc_document_ref=?,kyc_status=?,last_location_update=?,smart_service_score=?,total_reviews=?,user_id=? where id=?
2026-08-18T01:23:58.707+05:30  INFO 22332 --- [fixmate-backend] [nio-8081-exec-5] com.fixmate.service.LiveNearbyService    : Partner 35 changed state — refreshing 1 live stream(s)
Hibernate: select sc1_0.id,sc1_0.description,sc1_0.icon_url,sc1_0.is_active,sc1_0.name from service_categories sc1_0 where sc1_0.id=?
Hibernate: select distinct spp1_0.id,spp1_0.current_latitude,spp1_0.current_longitude,spp1_0.experience_years,spp1_0.hourly_rate,spp1_0.is_available,spp1_0.is_online,spp1_0.kyc_document_ref,spp1_0.kyc_status,spp1_0.last_location_update,spp1_0.smart_service_score,spp1_0.total_reviews,spp1_0.user_id from partner_profiles spp1_0 join partner_skills s1_0 on spp1_0.id=s1_0.profile_id where lower(trim(BOTH from s1_0.skill))=lower(trim(BOTH from ?)) and spp1_0.kyc_status='APPROVED' and spp1_0.is_online=1 and spp1_0.is_available=1 and spp1_0.current_latitude is not null and spp1_0.current_longitude is not null and spp1_0.last_location_update is not null and spp1_0.last_location_update>=?
Hibernate: select u1_0.id,u1_0.email,u1_0.first_name,u1_0.last_name,u1_0.password,u1_0.phone,u1_0.role from users u1_0 where u1_0.id=?
Hibernate: select s1_0.profile_id,s1_0.skill from partner_skills s1_0 where s1_0.profile_id=?
Hibernate: select s1_0.profile_id,s1_0.skill from partner_skills s1_0 where s1_0.profile_id=?
Hibernate: select u1_0.id,u1_0.email,u1_0.first_name,u1_0.last_name,u1_0.password,u1_0.phone,u1_0.role from users u1_0 where u1_0.email=?
Hibernate: select spp1_0.id,spp1_0.current_latitude,spp1_0.current_longitude,spp1_0.experience_years,spp1_0.hourly_rate,spp1_0.is_available,spp1_0.is_online,spp1_0.kyc_document_ref,spp1_0.kyc_status,spp1_0.last_location_update,spp1_0.smart_service_score,spp1_0.total_reviews,spp1_0.user_id from partner_profiles spp1_0 where spp1_0.user_id=?
Hibernate: update partner_profiles set current_latitude=?,current_longitude=?,experience_years=?,hourly_rate=?,is_available=?,is_online=?,kyc_document_ref=?,kyc_status=?,last_location_update=?,smart_service_score=?,total_reviews=?,user_id=? where id=?
2026-08-18T01:24:00.686+05:30  INFO 22332 --- [fixmate-backend] [nio-8081-exec-7] com.fixmate.service.LiveNearbyService    : Partner 35 changed state — refreshing 1 live stream(s)
Hibernate: select sc1_0.id,sc1_0.description,sc1_0.icon_url,sc1_0.is_active,sc1_0.name from service_categories sc1_0 where sc1_0.id=?
Hibernate: select distinct spp1_0.id,spp1_0.current_latitude,spp1_0.current_longitude,spp1_0.experience_years,spp1_0.hourly_rate,spp1_0.is_available,spp1_0.is_online,spp1_0.kyc_document_ref,spp1_0.kyc_status,spp1_0.last_location_update,spp1_0.smart_service_score,spp1_0.total_reviews,spp1_0.user_id from partner_profiles spp1_0 join partner_skills s1_0 on spp1_0.id=s1_0.profile_id where lower(trim(BOTH from s1_0.skill))=lower(trim(BOTH from ?)) and spp1_0.kyc_status='APPROVED' and spp1_0.is_online=1 and spp1_0.is_available=1 and spp1_0.current_latitude is not null and spp1_0.current_longitude is not null and spp1_0.last_location_update is not null and spp1_0.last_location_update>=?
Hibernate: select u1_0.id,u1_0.email,u1_0.first_name,u1_0.last_name,u1_0.password,u1_0.phone,u1_0.role from users u1_0 where u1_0.id=?
Hibernate: select s1_0.profile_id,s1_0.skill from partner_skills s1_0 where s1_0.profile_id=?
Hibernate: select s1_0.profile_id,s1_0.skill from partner_skills s1_0 where s1_0.profile_id=?
Hibernate: select u1_0.id,u1_0.email,u1_0.first_name,u1_0.last_name,u1_0.password,u1_0.phone,u1_0.role from users u1_0 where u1_0.email=?
Hibernate: select sc1_0.id,sc1_0.description,sc1_0.icon_url,sc1_0.is_active,sc1_0.name from service_categories sc1_0 where sc1_0.id=?
Hibernate: select distinct spp1_0.id,spp1_0.current_latitude,spp1_0.current_longitude,spp1_0.experience_years,spp1_0.hourly_rate,spp1_0.is_available,spp1_0.is_online,spp1_0.kyc_document_ref,spp1_0.kyc_status,spp1_0.last_location_update,spp1_0.smart_service_score,spp1_0.total_reviews,spp1_0.user_id from partner_profiles spp1_0 join partner_skills s1_0 on spp1_0.id=s1_0.profile_id where lower(trim(BOTH from s1_0.skill))=lower(trim(BOTH from ?)) and spp1_0.kyc_status='APPROVED' and spp1_0.is_online=1 and spp1_0.is_available=1 and spp1_0.current_latitude is not null and spp1_0.current_longitude is not null and spp1_0.last_location_update is not null and spp1_0.last_location_update>=?
Hibernate: select u1_0.id,u1_0.email,u1_0.first_name,u1_0.last_name,u1_0.password,u1_0.phone,u1_0.role from users u1_0 where u1_0.id=?
Hibernate: select s1_0.profile_id,s1_0.skill from partner_skills s1_0 where s1_0.profile_id=?
Hibernate: select u1_0.id,u1_0.email,u1_0.first_name,u1_0.last_name,u1_0.password,u1_0.phone,u1_0.role from users u1_0 where u1_0.email=?
Hibernate: select sc1_0.id,sc1_0.description,sc1_0.icon_url,sc1_0.is_active,sc1_0.name from service_categories sc1_0 where sc1_0.id=?
Hibernate: select distinct spp1_0.id,spp1_0.current_latitude,spp1_0.current_longitude,spp1_0.experience_years,spp1_0.hourly_rate,spp1_0.is_available,spp1_0.is_online,spp1_0.kyc_document_ref,spp1_0.kyc_status,spp1_0.last_location_update,spp1_0.smart_service_score,spp1_0.total_reviews,spp1_0.user_id from partner_profiles spp1_0 join partner_skills s1_0 on spp1_0.id=s1_0.profile_id where lower(trim(BOTH from s1_0.skill))=lower(trim(BOTH from ?)) and spp1_0.kyc_status='APPROVED' and spp1_0.is_online=1 and spp1_0.is_available=1 and spp1_0.current_latitude is not null and spp1_0.current_longitude is not null and spp1_0.last_location_update is not null and spp1_0.last_location_update>=?
Hibernate: select u1_0.id,u1_0.email,u1_0.first_name,u1_0.last_name,u1_0.password,u1_0.phone,u1_0.role from users u1_0 where u1_0.id=?
Hibernate: select s1_0.profile_id,s1_0.skill from partner_skills s1_0 where s1_0.profile_id=?
Hibernate: select u1_0.id,u1_0.email,u1_0.first_name,u1_0.last_name,u1_0.password,u1_0.phone,u1_0.role from users u1_0 where u1_0.email=?
Hibernate: select spp1_0.id,spp1_0.current_latitude,spp1_0.current_longitude,spp1_0.experience_years,spp1_0.hourly_rate,spp1_0.is_available,spp1_0.is_online,spp1_0.kyc_document_ref,spp1_0.kyc_status,spp1_0.last_location_update,spp1_0.smart_service_score,spp1_0.total_reviews,spp1_0.user_id from partner_profiles spp1_0 where spp1_0.user_id=?
Hibernate: update partner_profiles set current_latitude=?,current_longitude=?,experience_years=?,hourly_rate=?,is_available=?,is_online=?,kyc_document_ref=?,kyc_status=?,last_location_update=?,smart_service_score=?,total_reviews=?,user_id=? where id=?
2026-08-18T01:24:10.693+05:30  INFO 22332 --- [fixmate-backend] [nio-8081-exec-1] com.fixmate.service.LiveNearbyService    : Partner 35 changed state — refreshing 2 live stream(s)
Hibernate: select sc1_0.id,sc1_0.description,sc1_0.icon_url,sc1_0.is_active,sc1_0.name from service_categories sc1_0 where sc1_0.id=?
Hibernate: select distinct spp1_0.id,spp1_0.current_latitude,spp1_0.current_longitude,spp1_0.experience_years,spp1_0.hourly_rate,spp1_0.is_available,spp1_0.is_online,spp1_0.kyc_document_ref,spp1_0.kyc_status,spp1_0.last_location_update,spp1_0.smart_service_score,spp1_0.total_reviews,spp1_0.user_id from partner_profiles spp1_0 join partner_skills s1_0 on spp1_0.id=s1_0.profile_id where lower(trim(BOTH from s1_0.skill))=lower(trim(BOTH from ?)) and spp1_0.kyc_status='APPROVED' and spp1_0.is_online=1 and spp1_0.is_available=1 and spp1_0.current_latitude is not null and spp1_0.current_longitude is not null and spp1_0.last_location_update is not null and spp1_0.last_location_update>=?
Hibernate: select u1_0.id,u1_0.email,u1_0.first_name,u1_0.last_name,u1_0.password,u1_0.phone,u1_0.role from users u1_0 where u1_0.id=?
Hibernate: select s1_0.profile_id,s1_0.skill from partner_skills s1_0 where s1_0.profile_id=?
2026-08-18T01:24:10.736+05:30  WARN 22332 --- [fixmate-backend] [nio-8081-exec-1] com.fixmate.service.LiveNearbyService    : Live stream 93f24b3e-0123-4d20-8193-660299667d94 dropped: org.apache.catalina.connector.ClientAbortException: java.io.IOException: An established connection was aborted by the software in your host machine
Hibernate: select sc1_0.id,sc1_0.description,sc1_0.icon_url,sc1_0.is_active,sc1_0.name from service_categories sc1_0 where sc1_0.id=?
Hibernate: select distinct spp1_0.id,spp1_0.current_latitude,spp1_0.current_longitude,spp1_0.experience_years,spp1_0.hourly_rate,spp1_0.is_available,spp1_0.is_online,spp1_0.kyc_document_ref,spp1_0.kyc_status,spp1_0.last_location_update,spp1_0.smart_service_score,spp1_0.total_reviews,spp1_0.user_id from partner_profiles spp1_0 join partner_skills s1_0 on spp1_0.id=s1_0.profile_id where lower(trim(BOTH from s1_0.skill))=lower(trim(BOTH from ?)) and spp1_0.kyc_status='APPROVED' and spp1_0.is_online=1 and spp1_0.is_available=1 and spp1_0.current_latitude is not null and spp1_0.current_longitude is not null and spp1_0.last_location_update is not null and spp1_0.last_location_update>=?
Hibernate: select s1_0.profile_id,s1_0.skill from partner_skills s1_0 where s1_0.profile_id=?
Hibernate: select u1_0.id,u1_0.email,u1_0.first_name,u1_0.last_name,u1_0.password,u1_0.phone,u1_0.role from users u1_0 where u1_0.email=?
Hibernate: select spp1_0.id,spp1_0.current_latitude,spp1_0.current_longitude,spp1_0.experience_years,spp1_0.hourly_rate,spp1_0.is_available,spp1_0.is_online,spp1_0.kyc_document_ref,spp1_0.kyc_status,spp1_0.last_location_update,spp1_0.smart_service_score,spp1_0.total_reviews,spp1_0.user_id from partner_profiles spp1_0 where spp1_0.user_id=?
Hibernate: update partner_profiles set current_latitude=?,current_longitude=?,experience_years=?,hourly_rate=?,is_available=?,is_online=?,kyc_document_ref=?,kyc_status=?,last_location_update=?,smart_service_score=?,total_reviews=?,user_id=? where id=?
2026-08-18T01:24:11.653+05:30  INFO 22332 --- [fixmate-backend] [io-8081-exec-10] com.fixmate.service.LiveNearbyService    : Partner 35 changed state — refreshing 1 live stream(s)
Hibernate: select sc1_0.id,sc1_0.description,sc1_0.icon_url,sc1_0.is_active,sc1_0.name from service_categories sc1_0 where sc1_0.id=?
Hibernate: select distinct spp1_0.id,spp1_0.current_latitude,spp1_0.current_longitude,spp1_0.experience_years,spp1_0.hourly_rate,spp1_0.is_available,spp1_0.is_online,spp1_0.kyc_document_ref,spp1_0.kyc_status,spp1_0.last_location_update,spp1_0.smart_service_score,spp1_0.total_reviews,spp1_0.user_id from partner_profiles spp1_0 join partner_skills s1_0 on spp1_0.id=s1_0.profile_id where lower(trim(BOTH from s1_0.skill))=lower(trim(BOTH from ?)) and spp1_0.kyc_status='APPROVED' and spp1_0.is_online=1 and spp1_0.is_available=1 and spp1_0.current_latitude is not null and spp1_0.current_longitude is not null and spp1_0.last_location_update is not null and spp1_0.last_location_update>=?
Hibernate: select u1_0.id,u1_0.email,u1_0.first_name,u1_0.last_name,u1_0.password,u1_0.phone,u1_0.role from users u1_0 where u1_0.id=?
Hibernate: select s1_0.profile_id,s1_0.skill from partner_skills s1_0 where s1_0.profile_id=?
Hibernate: select s1_0.profile_id,s1_0.skill from partner_skills s1_0 where s1_0.profile_id=?
Hibernate: select u1_0.id,u1_0.email,u1_0.first_name,u1_0.last_name,u1_0.password,u1_0.phone,u1_0.role from users u1_0 where u1_0.email=?
Hibernate: select spp1_0.id,spp1_0.current_latitude,spp1_0.current_longitude,spp1_0.experience_years,spp1_0.hourly_rate,spp1_0.is_available,spp1_0.is_online,spp1_0.kyc_document_ref,spp1_0.kyc_status,spp1_0.last_location_update,spp1_0.smart_service_score,spp1_0.total_reviews,spp1_0.user_id from partner_profiles spp1_0 where spp1_0.user_id=?
Hibernate: update partner_profiles set current_latitude=?,current_longitude=?,experience_years=?,hourly_rate=?,is_available=?,is_online=?,kyc_document_ref=?,kyc_status=?,last_location_update=?,smart_service_score=?,total_reviews=?,user_id=? where id=?
2026-08-18T01:24:13.736+05:30  INFO 22332 --- [fixmate-backend] [nio-8081-exec-4] com.fixmate.service.LiveNearbyService    : Partner 35 changed state — refreshing 1 live stream(s)
Hibernate: select sc1_0.id,sc1_0.description,sc1_0.icon_url,sc1_0.is_active,sc1_0.name from service_categories sc1_0 where sc1_0.id=?
Hibernate: select distinct spp1_0.id,spp1_0.current_latitude,spp1_0.current_longitude,spp1_0.experience_years,spp1_0.hourly_rate,spp1_0.is_available,spp1_0.is_online,spp1_0.kyc_document_ref,spp1_0.kyc_status,spp1_0.last_location_update,spp1_0.smart_service_score,spp1_0.total_reviews,spp1_0.user_id from partner_profiles spp1_0 join partner_skills s1_0 on spp1_0.id=s1_0.profile_id where lower(trim(BOTH from s1_0.skill))=lower(trim(BOTH from ?)) and spp1_0.kyc_status='APPROVED' and spp1_0.is_online=1 and spp1_0.is_available=1 and spp1_0.current_latitude is not null and spp1_0.current_longitude is not null and spp1_0.last_location_update is not null and spp1_0.last_location_update>=?
Hibernate: select u1_0.id,u1_0.email,u1_0.first_name,u1_0.last_name,u1_0.password,u1_0.phone,u1_0.role from users u1_0 where u1_0.id=?
Hibernate: select s1_0.profile_id,s1_0.skill from partner_skills s1_0 where s1_0.profile_id=?
Hibernate: select s1_0.profile_id,s1_0.skill from partner_skills s1_0 where s1_0.profile_id=?
Hibernate: select u1_0.id,u1_0.email,u1_0.first_name,u1_0.last_name,u1_0.password,u1_0.phone,u1_0.role from users u1_0 where u1_0.email=?
Hibernate: select spp1_0.id,spp1_0.current_latitude,spp1_0.current_longitude,spp1_0.experience_years,spp1_0.hourly_rate,spp1_0.is_available,spp1_0.is_online,spp1_0.kyc_document_ref,spp1_0.kyc_status,spp1_0.last_location_update,spp1_0.smart_service_score,spp1_0.total_reviews,spp1_0.user_id from partner_profiles spp1_0 where spp1_0.user_id=?
Hibernate: update partner_profiles set current_latitude=?,current_longitude=?,experience_years=?,hourly_rate=?,is_available=?,is_online=?,kyc_document_ref=?,kyc_status=?,last_location_update=?,smart_service_score=?,total_reviews=?,user_id=? where id=?
2026-08-18T01:24:20.737+05:30  INFO 22332 --- [fixmate-backend] [nio-8081-exec-3] com.fixmate.service.LiveNearbyService    : Partner 35 changed state — refreshing 1 live stream(s)
Hibernate: select sc1_0.id,sc1_0.description,sc1_0.icon_url,sc1_0.is_active,sc1_0.name from service_categories sc1_0 where sc1_0.id=?
Hibernate: select distinct spp1_0.id,spp1_0.current_latitude,spp1_0.current_longitude,spp1_0.experience_years,spp1_0.hourly_rate,spp1_0.is_available,spp1_0.is_online,spp1_0.kyc_document_ref,spp1_0.kyc_status,spp1_0.last_location_update,spp1_0.smart_service_score,spp1_0.total_reviews,spp1_0.user_id from partner_profiles spp1_0 join partner_skills s1_0 on spp1_0.id=s1_0.profile_id where lower(trim(BOTH from s1_0.skill))=lower(trim(BOTH from ?)) and spp1_0.kyc_status='APPROVED' and spp1_0.is_online=1 and spp1_0.is_available=1 and spp1_0.current_latitude is not null and spp1_0.current_longitude is not null and spp1_0.last_location_update is not null and spp1_0.last_location_update>=?
Hibernate: select u1_0.id,u1_0.email,u1_0.first_name,u1_0.last_name,u1_0.password,u1_0.phone,u1_0.role from users u1_0 where u1_0.id=?
Hibernate: select s1_0.profile_id,s1_0.skill from partner_skills s1_0 where s1_0.profile_id=?
Hibernate: select s1_0.profile_id,s1_0.skill from partner_skills s1_0 where s1_0.profile_id=?
Hibernate: select u1_0.id,u1_0.email,u1_0.first_name,u1_0.last_name,u1_0.password,u1_0.phone,u1_0.role from users u1_0 where u1_0.email=?
Hibernate: select sc1_0.id,sc1_0.description,sc1_0.icon_url,sc1_0.is_active,sc1_0.name from service_categories sc1_0 where sc1_0.id=?
Hibernate: select distinct spp1_0.id,spp1_0.current_latitude,spp1_0.current_longitude,spp1_0.experience_years,spp1_0.hourly_rate,spp1_0.is_available,spp1_0.is_online,spp1_0.kyc_document_ref,spp1_0.kyc_status,spp1_0.last_location_update,spp1_0.smart_service_score,spp1_0.total_reviews,spp1_0.user_id from partner_profiles spp1_0 join partner_skills s1_0 on spp1_0.id=s1_0.profile_id where lower(trim(BOTH from s1_0.skill))=lower(trim(BOTH from ?)) and spp1_0.kyc_status='APPROVED' and spp1_0.is_online=1 and spp1_0.is_available=1 and spp1_0.current_latitude is not null and spp1_0.current_longitude is not null and spp1_0.last_location_update is not null and spp1_0.last_location_update>=?
Hibernate: select u1_0.id,u1_0.email,u1_0.first_name,u1_0.last_name,u1_0.password,u1_0.phone,u1_0.role from users u1_0 where u1_0.id=?
Hibernate: select s1_0.profile_id,s1_0.skill from partner_skills s1_0 where s1_0.profile_id=?
Hibernate: select u1_0.id,u1_0.email,u1_0.first_name,u1_0.last_name,u1_0.password,u1_0.phone,u1_0.role from users u1_0 where u1_0.email=?
Hibernate: select sc1_0.id,sc1_0.description,sc1_0.icon_url,sc1_0.is_active,sc1_0.name from service_categories sc1_0 where sc1_0.id=?
Hibernate: select distinct spp1_0.id,spp1_0.current_latitude,spp1_0.current_longitude,spp1_0.experience_years,spp1_0.hourly_rate,spp1_0.is_available,spp1_0.is_online,spp1_0.kyc_document_ref,spp1_0.kyc_status,spp1_0.last_location_update,spp1_0.smart_service_score,spp1_0.total_reviews,spp1_0.user_id from partner_profiles spp1_0 join partner_skills s1_0 on spp1_0.id=s1_0.profile_id where lower(trim(BOTH from s1_0.skill))=lower(trim(BOTH from ?)) and spp1_0.kyc_status='APPROVED' and spp1_0.is_online=1 and spp1_0.is_available=1 and spp1_0.current_latitude is not null and spp1_0.current_longitude is not null and spp1_0.last_location_update is not null and spp1_0.last_location_update>=?
Hibernate: select u1_0.id,u1_0.email,u1_0.first_name,u1_0.last_name,u1_0.password,u1_0.phone,u1_0.role from users u1_0 where u1_0.id=?
Hibernate: select s1_0.profile_id,s1_0.skill from partner_skills s1_0 where s1_0.profile_id=?
Hibernate: select u1_0.id,u1_0.email,u1_0.first_name,u1_0.last_name,u1_0.password,u1_0.phone,u1_0.role from users u1_0 where u1_0.email=?
Hibernate: select spp1_0.id,spp1_0.current_latitude,spp1_0.current_longitude,spp1_0.experience_years,spp1_0.hourly_rate,spp1_0.is_available,spp1_0.is_online,spp1_0.kyc_document_ref,spp1_0.kyc_status,spp1_0.last_location_update,spp1_0.smart_service_score,spp1_0.total_reviews,spp1_0.user_id from partner_profiles spp1_0 where spp1_0.user_id=?
Hibernate: update partner_profiles set current_latitude=?,current_longitude=?,experience_years=?,hourly_rate=?,is_available=?,is_online=?,kyc_document_ref=?,kyc_status=?,last_location_update=?,smart_service_score=?,total_reviews=?,user_id=? where id=?
2026-08-18T01:24:28.697+05:30  INFO 22332 --- [fixmate-backend] [nio-8081-exec-8] com.fixmate.service.LiveNearbyService    : Partner 35 changed state — refreshing 2 live stream(s)
Hibernate: select sc1_0.id,sc1_0.description,sc1_0.icon_url,sc1_0.is_active,sc1_0.name from service_categories sc1_0 where sc1_0.id=?
Hibernate: select distinct spp1_0.id,spp1_0.current_latitude,spp1_0.current_longitude,spp1_0.experience_years,spp1_0.hourly_rate,spp1_0.is_available,spp1_0.is_online,spp1_0.kyc_document_ref,spp1_0.kyc_status,spp1_0.last_location_update,spp1_0.smart_service_score,spp1_0.total_reviews,spp1_0.user_id from partner_profiles spp1_0 join partner_skills s1_0 on spp1_0.id=s1_0.profile_id where lower(trim(BOTH from s1_0.skill))=lower(trim(BOTH from ?)) and spp1_0.kyc_status='APPROVED' and spp1_0.is_online=1 and spp1_0.is_available=1 and spp1_0.current_latitude is not null and spp1_0.current_longitude is not null and spp1_0.last_location_update is not null and spp1_0.last_location_update>=?
Hibernate: select u1_0.id,u1_0.email,u1_0.first_name,u1_0.last_name,u1_0.password,u1_0.phone,u1_0.role from users u1_0 where u1_0.id=?
Hibernate: select s1_0.profile_id,s1_0.skill from partner_skills s1_0 where s1_0.profile_id=?
Hibernate: select sc1_0.id,sc1_0.description,sc1_0.icon_url,sc1_0.is_active,sc1_0.name from service_categories sc1_0 where sc1_0.id=?
Hibernate: select distinct spp1_0.id,spp1_0.current_latitude,spp1_0.current_longitude,spp1_0.experience_years,spp1_0.hourly_rate,spp1_0.is_available,spp1_0.is_online,spp1_0.kyc_document_ref,spp1_0.kyc_status,spp1_0.last_location_update,spp1_0.smart_service_score,spp1_0.total_reviews,spp1_0.user_id from partner_profiles spp1_0 join partner_skills s1_0 on spp1_0.id=s1_0.profile_id where lower(trim(BOTH from s1_0.skill))=lower(trim(BOTH from ?)) and spp1_0.kyc_status='APPROVED' and spp1_0.is_online=1 and spp1_0.is_available=1 and spp1_0.current_latitude is not null and spp1_0.current_longitude is not null and spp1_0.last_location_update is not null and spp1_0.last_location_update>=?
Hibernate: select u1_0.id,u1_0.email,u1_0.first_name,u1_0.last_name,u1_0.password,u1_0.phone,u1_0.role from users u1_0 where u1_0.id=?
Hibernate: select s1_0.profile_id,s1_0.skill from partner_skills s1_0 where s1_0.profile_id=?
2026-08-18T01:24:28.778+05:30  WARN 22332 --- [fixmate-backend] [nio-8081-exec-8] com.fixmate.service.LiveNearbyService    : Live stream 74b598ea-a072-48a1-9bc1-af9b76a93fb8 dropped: org.apache.catalina.connector.ClientAbortException: java.io.IOException: An established connection was aborted by the software in your host machine
Hibernate: select u1_0.id,u1_0.email,u1_0.first_name,u1_0.last_name,u1_0.password,u1_0.phone,u1_0.role from users u1_0 where u1_0.email=?
Hibernate: select spp1_0.id,spp1_0.current_latitude,spp1_0.current_longitude,spp1_0.experience_years,spp1_0.hourly_rate,spp1_0.is_available,spp1_0.is_online,spp1_0.kyc_document_ref,spp1_0.kyc_status,spp1_0.last_location_update,spp1_0.smart_service_score,spp1_0.total_reviews,spp1_0.user_id from partner_profiles spp1_0 where spp1_0.user_id=?
Hibernate: update partner_profiles set current_latitude=?,current_longitude=?,experience_years=?,hourly_rate=?,is_available=?,is_online=?,kyc_document_ref=?,kyc_status=?,last_location_update=?,smart_service_score=?,total_reviews=?,user_id=? where id=?
2026-08-18T01:24:30.686+05:30  INFO 22332 --- [fixmate-backend] [nio-8081-exec-2] com.fixmate.service.LiveNearbyService    : Partner 35 changed state — refreshing 1 live stream(s)
Hibernate: select sc1_0.id,sc1_0.description,sc1_0.icon_url,sc1_0.is_active,sc1_0.name from service_categories sc1_0 where sc1_0.id=?
Hibernate: select distinct spp1_0.id,spp1_0.current_latitude,spp1_0.current_longitude,spp1_0.experience_years,spp1_0.hourly_rate,spp1_0.is_available,spp1_0.is_online,spp1_0.kyc_document_ref,spp1_0.kyc_status,spp1_0.last_location_update,spp1_0.smart_service_score,spp1_0.total_reviews,spp1_0.user_id from partner_profiles spp1_0 join partner_skills s1_0 on spp1_0.id=s1_0.profile_id where lower(trim(BOTH from s1_0.skill))=lower(trim(BOTH from ?)) and spp1_0.kyc_status='APPROVED' and spp1_0.is_online=1 and spp1_0.is_available=1 and spp1_0.current_latitude is not null and spp1_0.current_longitude is not null and spp1_0.last_location_update is not null and spp1_0.last_location_update>=?
Hibernate: select u1_0.id,u1_0.email,u1_0.first_name,u1_0.last_name,u1_0.password,u1_0.phone,u1_0.role from users u1_0 where u1_0.id=?
Hibernate: select s1_0.profile_id,s1_0.skill from partner_skills s1_0 where s1_0.profile_id=?
Hibernate: select u1_0.id,u1_0.email,u1_0.first_name,u1_0.last_name,u1_0.password,u1_0.phone,u1_0.role from users u1_0 where u1_0.email=?
Hibernate: select u1_0.id,u1_0.email,u1_0.first_name,u1_0.last_name,u1_0.password,u1_0.phone,u1_0.role from users u1_0 where u1_0.email=?
Hibernate: select u1_0.id,u1_0.email,u1_0.first_name,u1_0.last_name,u1_0.password,u1_0.phone,u1_0.role from users u1_0 where u1_0.email=?
Hibernate: select spp1_0.id,spp1_0.current_latitude,spp1_0.current_longitude,spp1_0.experience_years,spp1_0.hourly_rate,spp1_0.is_available,spp1_0.is_online,spp1_0.kyc_document_ref,spp1_0.kyc_status,spp1_0.last_location_update,spp1_0.smart_service_score,spp1_0.total_reviews,spp1_0.user_id from partner_profiles spp1_0 where spp1_0.user_id=?
Hibernate: update partner_profiles set current_latitude=?,current_longitude=?,experience_years=?,hourly_rate=?,is_available=?,is_online=?,kyc_document_ref=?,kyc_status=?,last_location_update=?,smart_service_score=?,total_reviews=?,user_id=? where id=?
Hibernate: select spp1_0.id,spp1_0.current_latitude,spp1_0.current_longitude,spp1_0.experience_years,spp1_0.hourly_rate,spp1_0.is_available,spp1_0.is_online,spp1_0.kyc_document_ref,spp1_0.kyc_status,spp1_0.last_location_update,spp1_0.smart_service_score,spp1_0.total_reviews,spp1_0.user_id from partner_profiles spp1_0 where spp1_0.user_id=?
Hibernate: select spp1_0.id,spp1_0.current_latitude,spp1_0.current_longitude,spp1_0.experience_years,spp1_0.hourly_rate,spp1_0.is_available,spp1_0.is_online,spp1_0.kyc_document_ref,spp1_0.kyc_status,spp1_0.last_location_update,spp1_0.smart_service_score,spp1_0.total_reviews,spp1_0.user_id from partner_profiles spp1_0 where spp1_0.user_id=?
2026-08-18T01:24:46.077+05:30  INFO 22332 --- [fixmate-backend] [nio-8081-exec-1] com.fixmate.service.LiveNearbyService    : Partner 35 changed state — refreshing 1 live stream(s)
Hibernate: update partner_profiles set current_latitude=?,current_longitude=?,experience_years=?,hourly_rate=?,is_available=?,is_online=?,kyc_document_ref=?,kyc_status=?,last_location_update=?,smart_service_score=?,total_reviews=?,user_id=? where id=?
Hibernate: select sc1_0.id,sc1_0.description,sc1_0.icon_url,sc1_0.is_active,sc1_0.name from service_categories sc1_0 where sc1_0.id=?
Hibernate: update partner_profiles set current_latitude=?,current_longitude=?,experience_years=?,hourly_rate=?,is_available=?,is_online=?,kyc_document_ref=?,kyc_status=?,last_location_update=?,smart_service_score=?,total_reviews=?,user_id=? where id=?
2026-08-18T01:24:46.088+05:30  INFO 22332 --- [fixmate-backend] [io-8081-exec-10] com.fixmate.service.LiveNearbyService    : Partner 35 changed state — refreshing 1 live stream(s)
Hibernate: select sc1_0.id,sc1_0.description,sc1_0.icon_url,sc1_0.is_active,sc1_0.name from service_categories sc1_0 where sc1_0.id=?
Hibernate: select distinct spp1_0.id,spp1_0.current_latitude,spp1_0.current_longitude,spp1_0.experience_years,spp1_0.hourly_rate,spp1_0.is_available,spp1_0.is_online,spp1_0.kyc_document_ref,spp1_0.kyc_status,spp1_0.last_location_update,spp1_0.smart_service_score,spp1_0.total_reviews,spp1_0.user_id from partner_profiles spp1_0 join partner_skills s1_0 on spp1_0.id=s1_0.profile_id where lower(trim(BOTH from s1_0.skill))=lower(trim(BOTH from ?)) and spp1_0.kyc_status='APPROVED' and spp1_0.is_online=1 and spp1_0.is_available=1 and spp1_0.current_latitude is not null and spp1_0.current_longitude is not null and spp1_0.last_location_update is not null and spp1_0.last_location_update>=?
2026-08-18T01:24:46.093+05:30  INFO 22332 --- [fixmate-backend] [nio-8081-exec-4] com.fixmate.service.LiveNearbyService    : Partner 35 changed state — refreshing 1 live stream(s)
Hibernate: select u1_0.id,u1_0.email,u1_0.first_name,u1_0.last_name,u1_0.password,u1_0.phone,u1_0.role from users u1_0 where u1_0.id=?
Hibernate: select sc1_0.id,sc1_0.description,sc1_0.icon_url,sc1_0.is_active,sc1_0.name from service_categories sc1_0 where sc1_0.id=?
Hibernate: select distinct spp1_0.id,spp1_0.current_latitude,spp1_0.current_longitude,spp1_0.experience_years,spp1_0.hourly_rate,spp1_0.is_available,spp1_0.is_online,spp1_0.kyc_document_ref,spp1_0.kyc_status,spp1_0.last_location_update,spp1_0.smart_service_score,spp1_0.total_reviews,spp1_0.user_id from partner_profiles spp1_0 join partner_skills s1_0 on spp1_0.id=s1_0.profile_id where lower(trim(BOTH from s1_0.skill))=lower(trim(BOTH from ?)) and spp1_0.kyc_status='APPROVED' and spp1_0.is_online=1 and spp1_0.is_available=1 and spp1_0.current_latitude is not null and spp1_0.current_longitude is not null and spp1_0.last_location_update is not null and spp1_0.last_location_update>=?
Hibernate: select s1_0.profile_id,s1_0.skill from partner_skills s1_0 where s1_0.profile_id=?
Hibernate: select u1_0.id,u1_0.email,u1_0.first_name,u1_0.last_name,u1_0.password,u1_0.phone,u1_0.role from users u1_0 where u1_0.id=?
Hibernate: select distinct spp1_0.id,spp1_0.current_latitude,spp1_0.current_longitude,spp1_0.experience_years,spp1_0.hourly_rate,spp1_0.is_available,spp1_0.is_online,spp1_0.kyc_document_ref,spp1_0.kyc_status,spp1_0.last_location_update,spp1_0.smart_service_score,spp1_0.total_reviews,spp1_0.user_id from partner_profiles spp1_0 join partner_skills s1_0 on spp1_0.id=s1_0.profile_id where lower(trim(BOTH from s1_0.skill))=lower(trim(BOTH from ?)) and spp1_0.kyc_status='APPROVED' and spp1_0.is_online=1 and spp1_0.is_available=1 and spp1_0.current_latitude is not null and spp1_0.current_longitude is not null and spp1_0.last_location_update is not null and spp1_0.last_location_update>=?
Hibernate: select s1_0.profile_id,s1_0.skill from partner_skills s1_0 where s1_0.profile_id=?
Hibernate: select u1_0.id,u1_0.email,u1_0.first_name,u1_0.last_name,u1_0.password,u1_0.phone,u1_0.role from users u1_0 where u1_0.id=?
Hibernate: select s1_0.profile_id,s1_0.skill from partner_skills s1_0 where s1_0.profile_id=?
Hibernate: select u1_0.id,u1_0.email,u1_0.first_name,u1_0.last_name,u1_0.password,u1_0.phone,u1_0.role from users u1_0 where u1_0.email=?
Hibernate: select spp1_0.id,spp1_0.current_latitude,spp1_0.current_longitude,spp1_0.experience_years,spp1_0.hourly_rate,spp1_0.is_available,spp1_0.is_online,spp1_0.kyc_document_ref,spp1_0.kyc_status,spp1_0.last_location_update,spp1_0.smart_service_score,spp1_0.total_reviews,spp1_0.user_id from partner_profiles spp1_0 where spp1_0.user_id=?
Hibernate: update partner_profiles set current_latitude=?,current_longitude=?,experience_years=?,hourly_rate=?,is_available=?,is_online=?,kyc_document_ref=?,kyc_status=?,last_location_update=?,smart_service_score=?,total_reviews=?,user_id=? where id=?
2026-08-18T01:24:50.121+05:30  INFO 22332 --- [fixmate-backend] [nio-8081-exec-3] com.fixmate.service.LiveNearbyService    : Partner 35 changed state — refreshing 1 live stream(s)
Hibernate: select sc1_0.id,sc1_0.description,sc1_0.icon_url,sc1_0.is_active,sc1_0.name from service_categories sc1_0 where sc1_0.id=?
Hibernate: select distinct spp1_0.id,spp1_0.current_latitude,spp1_0.current_longitude,spp1_0.experience_years,spp1_0.hourly_rate,spp1_0.is_available,spp1_0.is_online,spp1_0.kyc_document_ref,spp1_0.kyc_status,spp1_0.last_location_update,spp1_0.smart_service_score,spp1_0.total_reviews,spp1_0.user_id from partner_profiles spp1_0 join partner_skills s1_0 on spp1_0.id=s1_0.profile_id where lower(trim(BOTH from s1_0.skill))=lower(trim(BOTH from ?)) and spp1_0.kyc_status='APPROVED' and spp1_0.is_online=1 and spp1_0.is_available=1 and spp1_0.current_latitude is not null and spp1_0.current_longitude is not null and spp1_0.last_location_update is not null and spp1_0.last_location_update>=?
Hibernate: select u1_0.id,u1_0.email,u1_0.first_name,u1_0.last_name,u1_0.password,u1_0.phone,u1_0.role from users u1_0 where u1_0.id=?
Hibernate: select s1_0.profile_id,s1_0.skill from partner_skills s1_0 where s1_0.profile_id=?
Hibernate: select u1_0.id,u1_0.email,u1_0.first_name,u1_0.last_name,u1_0.password,u1_0.phone,u1_0.role from users u1_0 where u1_0.email=?
Hibernate: select spp1_0.id,spp1_0.current_latitude,spp1_0.current_longitude,spp1_0.experience_years,spp1_0.hourly_rate,spp1_0.is_available,spp1_0.is_online,spp1_0.kyc_document_ref,spp1_0.kyc_status,spp1_0.last_location_update,spp1_0.smart_service_score,spp1_0.total_reviews,spp1_0.user_id from partner_profiles spp1_0 where spp1_0.user_id=?
Hibernate: update partner_profiles set current_latitude=?,current_longitude=?,experience_years=?,hourly_rate=?,is_available=?,is_online=?,kyc_document_ref=?,kyc_status=?,last_location_update=?,smart_service_score=?,total_reviews=?,user_id=? where id=?
Hibernate: delete from partner_skills where profile_id=?
Hibernate: insert into partner_skills (profile_id,skill) values (?,?)
Hibernate: insert into partner_skills (profile_id,skill) values (?,?)
Hibernate: insert into partner_skills (profile_id,skill) values (?,?)
2026-08-18T01:24:54.364+05:30  INFO 22332 --- [fixmate-backend] [nio-8081-exec-5] com.fixmate.service.LiveNearbyService    : Partner 35 changed state — refreshing 1 live stream(s)
Hibernate: select sc1_0.id,sc1_0.description,sc1_0.icon_url,sc1_0.is_active,sc1_0.name from service_categories sc1_0 where sc1_0.id=?
Hibernate: select distinct spp1_0.id,spp1_0.current_latitude,spp1_0.current_longitude,spp1_0.experience_years,spp1_0.hourly_rate,spp1_0.is_available,spp1_0.is_online,spp1_0.kyc_document_ref,spp1_0.kyc_status,spp1_0.last_location_update,spp1_0.smart_service_score,spp1_0.total_reviews,spp1_0.user_id from partner_profiles spp1_0 join partner_skills s1_0 on spp1_0.id=s1_0.profile_id where lower(trim(BOTH from s1_0.skill))=lower(trim(BOTH from ?)) and spp1_0.kyc_status='APPROVED' and spp1_0.is_online=1 and spp1_0.is_available=1 and spp1_0.current_latitude is not null and spp1_0.current_longitude is not null and spp1_0.last_location_update is not null and spp1_0.last_location_update>=?
Hibernate: select u1_0.id,u1_0.email,u1_0.first_name,u1_0.last_name,u1_0.password,u1_0.phone,u1_0.role from users u1_0 where u1_0.email=?
Hibernate: select spp1_0.id,spp1_0.current_latitude,spp1_0.current_longitude,spp1_0.experience_years,spp1_0.hourly_rate,spp1_0.is_available,spp1_0.is_online,spp1_0.kyc_document_ref,spp1_0.kyc_status,spp1_0.last_location_update,spp1_0.smart_service_score,spp1_0.total_reviews,spp1_0.user_id from partner_profiles spp1_0 where spp1_0.user_id=?
Hibernate: select s1_0.profile_id,s1_0.skill from partner_skills s1_0 where s1_0.profile_id=?
Hibernate: select u1_0.id,u1_0.email,u1_0.first_name,u1_0.last_name,u1_0.password,u1_0.phone,u1_0.role from users u1_0 where u1_0.email=?
Hibernate: select spp1_0.id,spp1_0.current_latitude,spp1_0.current_longitude,spp1_0.experience_years,spp1_0.hourly_rate,spp1_0.is_available,spp1_0.is_online,spp1_0.kyc_document_ref,spp1_0.kyc_status,spp1_0.last_location_update,spp1_0.smart_service_score,spp1_0.total_reviews,spp1_0.user_id from partner_profiles spp1_0 where spp1_0.user_id=?
Hibernate: select s1_0.profile_id,s1_0.skill from partner_skills s1_0 where s1_0.profile_id=?
Hibernate: select u1_0.id,u1_0.email,u1_0.first_name,u1_0.last_name,u1_0.password,u1_0.phone,u1_0.role from users u1_0 where u1_0.email=?
Hibernate: select spp1_0.id,spp1_0.current_latitude,spp1_0.current_longitude,spp1_0.experience_years,spp1_0.hourly_rate,spp1_0.is_available,spp1_0.is_online,spp1_0.kyc_document_ref,spp1_0.kyc_status,spp1_0.last_location_update,spp1_0.smart_service_score,spp1_0.total_reviews,spp1_0.user_id from partner_profiles spp1_0 where spp1_0.user_id=?
Hibernate: update partner_profiles set current_latitude=?,current_longitude=?,experience_years=?,hourly_rate=?,is_available=?,is_online=?,kyc_document_ref=?,kyc_status=?,last_location_update=?,smart_service_score=?,total_reviews=?,user_id=? where id=?
2026-08-18T01:24:57.739+05:30  INFO 22332 --- [fixmate-backend] [nio-8081-exec-9] com.fixmate.service.LiveNearbyService    : Partner 35 changed state — refreshing 1 live stream(s)
Hibernate: select sc1_0.id,sc1_0.description,sc1_0.icon_url,sc1_0.is_active,sc1_0.name from service_categories sc1_0 where sc1_0.id=?
Hibernate: select distinct spp1_0.id,spp1_0.current_latitude,spp1_0.current_longitude,spp1_0.experience_years,spp1_0.hourly_rate,spp1_0.is_available,spp1_0.is_online,spp1_0.kyc_document_ref,spp1_0.kyc_status,spp1_0.last_location_update,spp1_0.smart_service_score,spp1_0.total_reviews,spp1_0.user_id from partner_profiles spp1_0 join partner_skills s1_0 on spp1_0.id=s1_0.profile_id where lower(trim(BOTH from s1_0.skill))=lower(trim(BOTH from ?)) and spp1_0.kyc_status='APPROVED' and spp1_0.is_online=1 and spp1_0.is_available=1 and spp1_0.current_latitude is not null and spp1_0.current_longitude is not null and spp1_0.last_location_update is not null and spp1_0.last_location_update>=?
Hibernate: select u1_0.id,u1_0.email,u1_0.first_name,u1_0.last_name,u1_0.password,u1_0.phone,u1_0.role from users u1_0 where u1_0.id=?
Hibernate: select s1_0.profile_id,s1_0.skill from partner_skills s1_0 where s1_0.profile_id=?
Hibernate: select u1_0.id,u1_0.email,u1_0.first_name,u1_0.last_name,u1_0.password,u1_0.phone,u1_0.role from users u1_0 where u1_0.email=?
Hibernate: select spp1_0.id,spp1_0.current_latitude,spp1_0.current_longitude,spp1_0.experience_years,spp1_0.hourly_rate,spp1_0.is_available,spp1_0.is_online,spp1_0.kyc_document_ref,spp1_0.kyc_status,spp1_0.last_location_update,spp1_0.smart_service_score,spp1_0.total_reviews,spp1_0.user_id from partner_profiles spp1_0 where spp1_0.user_id=?
Hibernate: update partner_profiles set current_latitude=?,current_longitude=?,experience_years=?,hourly_rate=?,is_available=?,is_online=?,kyc_document_ref=?,kyc_status=?,last_location_update=?,smart_service_score=?,total_reviews=?,user_id=? where id=?
2026-08-18T01:25:00.690+05:30  INFO 22332 --- [fixmate-backend] [nio-8081-exec-8] com.fixmate.service.LiveNearbyService    : Partner 35 changed state — refreshing 1 live stream(s)
Hibernate: select sc1_0.id,sc1_0.description,sc1_0.icon_url,sc1_0.is_active,sc1_0.name from service_categories sc1_0 where sc1_0.id=?
Hibernate: select distinct spp1_0.id,spp1_0.current_latitude,spp1_0.current_longitude,spp1_0.experience_years,spp1_0.hourly_rate,spp1_0.is_available,spp1_0.is_online,spp1_0.kyc_document_ref,spp1_0.kyc_status,spp1_0.last_location_update,spp1_0.smart_service_score,spp1_0.total_reviews,spp1_0.user_id from partner_profiles spp1_0 join partner_skills s1_0 on spp1_0.id=s1_0.profile_id where lower(trim(BOTH from s1_0.skill))=lower(trim(BOTH from ?)) and spp1_0.kyc_status='APPROVED' and spp1_0.is_online=1 and spp1_0.is_available=1 and spp1_0.current_latitude is not null and spp1_0.current_longitude is not null and spp1_0.last_location_update is not null and spp1_0.last_location_update>=?
Hibernate: select u1_0.id,u1_0.email,u1_0.first_name,u1_0.last_name,u1_0.password,u1_0.phone,u1_0.role from users u1_0 where u1_0.id=?
Hibernate: select s1_0.profile_id,s1_0.skill from partner_skills s1_0 where s1_0.profile_id=?
Hibernate: select u1_0.id,u1_0.email,u1_0.first_name,u1_0.last_name,u1_0.password,u1_0.phone,u1_0.role from users u1_0 where u1_0.email=?
Hibernate: select sc1_0.id,sc1_0.description,sc1_0.icon_url,sc1_0.is_active,sc1_0.name from service_categories sc1_0 where sc1_0.id=?
Hibernate: select distinct spp1_0.id,spp1_0.current_latitude,spp1_0.current_longitude,spp1_0.experience_years,spp1_0.hourly_rate,spp1_0.is_available,spp1_0.is_online,spp1_0.kyc_document_ref,spp1_0.kyc_status,spp1_0.last_location_update,spp1_0.smart_service_score,spp1_0.total_reviews,spp1_0.user_id from partner_profiles spp1_0 join partner_skills s1_0 on spp1_0.id=s1_0.profile_id where lower(trim(BOTH from s1_0.skill))=lower(trim(BOTH from ?)) and spp1_0.kyc_status='APPROVED' and spp1_0.is_online=1 and spp1_0.is_available=1 and spp1_0.current_latitude is not null and spp1_0.current_longitude is not null and spp1_0.last_location_update is not null and spp1_0.last_location_update>=?
Hibernate: select u1_0.id,u1_0.email,u1_0.first_name,u1_0.last_name,u1_0.password,u1_0.phone,u1_0.role from users u1_0 where u1_0.id=?
Hibernate: select s1_0.profile_id,s1_0.skill from partner_skills s1_0 where s1_0.profile_id=?
Hibernate: select u1_0.id,u1_0.email,u1_0.first_name,u1_0.last_name,u1_0.password,u1_0.phone,u1_0.role from users u1_0 where u1_0.email=?
Hibernate: select sc1_0.id,sc1_0.description,sc1_0.icon_url,sc1_0.is_active,sc1_0.name from service_categories sc1_0 where sc1_0.id=?
Hibernate: select distinct spp1_0.id,spp1_0.current_latitude,spp1_0.current_longitude,spp1_0.experience_years,spp1_0.hourly_rate,spp1_0.is_available,spp1_0.is_online,spp1_0.kyc_document_ref,spp1_0.kyc_status,spp1_0.last_location_update,spp1_0.smart_service_score,spp1_0.total_reviews,spp1_0.user_id from partner_profiles spp1_0 join partner_skills s1_0 on spp1_0.id=s1_0.profile_id where lower(trim(BOTH from s1_0.skill))=lower(trim(BOTH from ?)) and spp1_0.kyc_status='APPROVED' and spp1_0.is_online=1 and spp1_0.is_available=1 and spp1_0.current_latitude is not null and spp1_0.current_longitude is not null and spp1_0.last_location_update is not null and spp1_0.last_location_update>=?
Hibernate: select u1_0.id,u1_0.email,u1_0.first_name,u1_0.last_name,u1_0.password,u1_0.phone,u1_0.role from users u1_0 where u1_0.id=?
Hibernate: select s1_0.profile_id,s1_0.skill from partner_skills s1_0 where s1_0.profile_id=?
Hibernate: select u1_0.id,u1_0.email,u1_0.first_name,u1_0.last_name,u1_0.password,u1_0.phone,u1_0.role from users u1_0 where u1_0.email=?
Hibernate: select spp1_0.id,spp1_0.current_latitude,spp1_0.current_longitude,spp1_0.experience_years,spp1_0.hourly_rate,spp1_0.is_available,spp1_0.is_online,spp1_0.kyc_document_ref,spp1_0.kyc_status,spp1_0.last_location_update,spp1_0.smart_service_score,spp1_0.total_reviews,spp1_0.user_id from partner_profiles spp1_0 where spp1_0.user_id=?
Hibernate: update partner_profiles set current_latitude=?,current_longitude=?,experience_years=?,hourly_rate=?,is_available=?,is_online=?,kyc_document_ref=?,kyc_status=?,last_location_update=?,smart_service_score=?,total_reviews=?,user_id=? where id=?
2026-08-18T01:25:10.685+05:30  INFO 22332 --- [fixmate-backend] [nio-8081-exec-4] com.fixmate.service.LiveNearbyService    : Partner 35 changed state — refreshing 2 live stream(s)
Hibernate: select sc1_0.id,sc1_0.description,sc1_0.icon_url,sc1_0.is_active,sc1_0.name from service_categories sc1_0 where sc1_0.id=?
Hibernate: select distinct spp1_0.id,spp1_0.current_latitude,spp1_0.current_longitude,spp1_0.experience_years,spp1_0.hourly_rate,spp1_0.is_available,spp1_0.is_online,spp1_0.kyc_document_ref,spp1_0.kyc_status,spp1_0.last_location_update,spp1_0.smart_service_score,spp1_0.total_reviews,spp1_0.user_id from partner_profiles spp1_0 join partner_skills s1_0 on spp1_0.id=s1_0.profile_id where lower(trim(BOTH from s1_0.skill))=lower(trim(BOTH from ?)) and spp1_0.kyc_status='APPROVED' and spp1_0.is_online=1 and spp1_0.is_available=1 and spp1_0.current_latitude is not null and spp1_0.current_longitude is not null and spp1_0.last_location_update is not null and spp1_0.last_location_update>=?
Hibernate: select u1_0.id,u1_0.email,u1_0.first_name,u1_0.last_name,u1_0.password,u1_0.phone,u1_0.role from users u1_0 where u1_0.id=?
Hibernate: select s1_0.profile_id,s1_0.skill from partner_skills s1_0 where s1_0.profile_id=?
2026-08-18T01:25:10.714+05:30  WARN 22332 --- [fixmate-backend] [nio-8081-exec-4] com.fixmate.service.LiveNearbyService    : Live stream b94117d0-9635-4d0e-83b5-bde5829bc325 dropped: org.apache.catalina.connector.ClientAbortException: java.io.IOException: An established connection was aborted by the software in your host machine
Hibernate: select sc1_0.id,sc1_0.description,sc1_0.icon_url,sc1_0.is_active,sc1_0.name from service_categories sc1_0 where sc1_0.id=?
Hibernate: select distinct spp1_0.id,spp1_0.current_latitude,spp1_0.current_longitude,spp1_0.experience_years,spp1_0.hourly_rate,spp1_0.is_available,spp1_0.is_online,spp1_0.kyc_document_ref,spp1_0.kyc_status,spp1_0.last_location_update,spp1_0.smart_service_score,spp1_0.total_reviews,spp1_0.user_id from partner_profiles spp1_0 join partner_skills s1_0 on spp1_0.id=s1_0.profile_id where lower(trim(BOTH from s1_0.skill))=lower(trim(BOTH from ?)) and spp1_0.kyc_status='APPROVED' and spp1_0.is_online=1 and spp1_0.is_available=1 and spp1_0.current_latitude is not null and spp1_0.current_longitude is not null and spp1_0.last_location_update is not null and spp1_0.last_location_update>=?
Hibernate: select u1_0.id,u1_0.email,u1_0.first_name,u1_0.last_name,u1_0.password,u1_0.phone,u1_0.role from users u1_0 where u1_0.email=?
Hibernate: select spp1_0.id,spp1_0.current_latitude,spp1_0.current_longitude,spp1_0.experience_years,spp1_0.hourly_rate,spp1_0.is_available,spp1_0.is_online,spp1_0.kyc_document_ref,spp1_0.kyc_status,spp1_0.last_location_update,spp1_0.smart_service_score,spp1_0.total_reviews,spp1_0.user_id from partner_profiles spp1_0 where spp1_0.user_id=?
Hibernate: update partner_profiles set current_latitude=?,current_longitude=?,experience_years=?,hourly_rate=?,is_available=?,is_online=?,kyc_document_ref=?,kyc_status=?,last_location_update=?,smart_service_score=?,total_reviews=?,user_id=? where id=?
2026-08-18T01:25:11.638+05:30  INFO 22332 --- [fixmate-backend] [nio-8081-exec-5] com.fixmate.service.LiveNearbyService    : Partner 35 changed state — refreshing 1 live stream(s)
Hibernate: select sc1_0.id,sc1_0.description,sc1_0.icon_url,sc1_0.is_active,sc1_0.name from service_categories sc1_0 where sc1_0.id=?
Hibernate: select distinct spp1_0.id,spp1_0.current_latitude,spp1_0.current_longitude,spp1_0.experience_years,spp1_0.hourly_rate,spp1_0.is_available,spp1_0.is_online,spp1_0.kyc_document_ref,spp1_0.kyc_status,spp1_0.last_location_update,spp1_0.smart_service_score,spp1_0.total_reviews,spp1_0.user_id from partner_profiles spp1_0 join partner_skills s1_0 on spp1_0.id=s1_0.profile_id where lower(trim(BOTH from s1_0.skill))=lower(trim(BOTH from ?)) and spp1_0.kyc_status='APPROVED' and spp1_0.is_online=1 and spp1_0.is_available=1 and spp1_0.current_latitude is not null and spp1_0.current_longitude is not null and spp1_0.last_location_update is not null and spp1_0.last_location_update>=?
Hibernate: select u1_0.id,u1_0.email,u1_0.first_name,u1_0.last_name,u1_0.password,u1_0.phone,u1_0.role from users u1_0 where u1_0.id=?
Hibernate: select s1_0.profile_id,s1_0.skill from partner_skills s1_0 where s1_0.profile_id=?
Hibernate: select u1_0.id,u1_0.email,u1_0.first_name,u1_0.last_name,u1_0.password,u1_0.phone,u1_0.role from users u1_0 where u1_0.email=?
Hibernate: select spp1_0.id,spp1_0.current_latitude,spp1_0.current_longitude,spp1_0.experience_years,spp1_0.hourly_rate,spp1_0.is_available,spp1_0.is_online,spp1_0.kyc_document_ref,spp1_0.kyc_status,spp1_0.last_location_update,spp1_0.smart_service_score,spp1_0.total_reviews,spp1_0.user_id from partner_profiles spp1_0 where spp1_0.user_id=?
Hibernate: update partner_profiles set current_latitude=?,current_longitude=?,experience_years=?,hourly_rate=?,is_available=?,is_online=?,kyc_document_ref=?,kyc_status=?,last_location_update=?,smart_service_score=?,total_reviews=?,user_id=? where id=?
2026-08-18T01:25:13.672+05:30  INFO 22332 --- [fixmate-backend] [nio-8081-exec-7] com.fixmate.service.LiveNearbyService    : Partner 35 changed state — refreshing 1 live stream(s)
Hibernate: select sc1_0.id,sc1_0.description,sc1_0.icon_url,sc1_0.is_active,sc1_0.name from service_categories sc1_0 where sc1_0.id=?
Hibernate: select distinct spp1_0.id,spp1_0.current_latitude,spp1_0.current_longitude,spp1_0.experience_years,spp1_0.hourly_rate,spp1_0.is_available,spp1_0.is_online,spp1_0.kyc_document_ref,spp1_0.kyc_status,spp1_0.last_location_update,spp1_0.smart_service_score,spp1_0.total_reviews,spp1_0.user_id from partner_profiles spp1_0 join partner_skills s1_0 on spp1_0.id=s1_0.profile_id where lower(trim(BOTH from s1_0.skill))=lower(trim(BOTH from ?)) and spp1_0.kyc_status='APPROVED' and spp1_0.is_online=1 and spp1_0.is_available=1 and spp1_0.current_latitude is not null and spp1_0.current_longitude is not null and spp1_0.last_location_update is not null and spp1_0.last_location_update>=?
Hibernate: select u1_0.id,u1_0.email,u1_0.first_name,u1_0.last_name,u1_0.password,u1_0.phone,u1_0.role from users u1_0 where u1_0.id=?
Hibernate: select s1_0.profile_id,s1_0.skill from partner_skills s1_0 where s1_0.profile_id=?
2026-08-18T01:25:13.704+05:30  WARN 22332 --- [fixmate-backend] [nio-8081-exec-7] com.fixmate.service.LiveNearbyService    : Live stream dae0c2cd-33a8-4618-8e7a-c5f9caadc134 dropped: org.apache.catalina.connector.ClientAbortException: java.io.IOException: An established connection was aborted by the software in your host machine
Hibernate: select u1_0.id,u1_0.email,u1_0.first_name,u1_0.last_name,u1_0.password,u1_0.phone,u1_0.role from users u1_0 where u1_0.email=?
Hibernate: select spp1_0.id,spp1_0.current_latitude,spp1_0.current_longitude,spp1_0.experience_years,spp1_0.hourly_rate,spp1_0.is_available,spp1_0.is_online,spp1_0.kyc_document_ref,spp1_0.kyc_status,spp1_0.last_location_update,spp1_0.smart_service_score,spp1_0.total_reviews,spp1_0.user_id from partner_profiles spp1_0 where spp1_0.user_id=?
Hibernate: update partner_profiles set current_latitude=?,current_longitude=?,experience_years=?,hourly_rate=?,is_available=?,is_online=?,kyc_document_ref=?,kyc_status=?,last_location_update=?,smart_service_score=?,total_reviews=?,user_id=? where id=?
Hibernate: select s1_0.profile_id,s1_0.skill from partner_skills s1_0 where s1_0.profile_id=?
Hibernate: select u1_0.id,u1_0.email,u1_0.first_name,u1_0.last_name,u1_0.password,u1_0.phone,u1_0.role from users u1_0 where u1_0.email=?
Hibernate: select spp1_0.id,spp1_0.current_latitude,spp1_0.current_longitude,spp1_0.experience_years,spp1_0.hourly_rate,spp1_0.is_available,spp1_0.is_online,spp1_0.kyc_document_ref,spp1_0.kyc_status,spp1_0.last_location_update,spp1_0.smart_service_score,spp1_0.total_reviews,spp1_0.user_id from partner_profiles spp1_0 where spp1_0.user_id=?
Hibernate: update partner_profiles set current_latitude=?,current_longitude=?,experience_years=?,hourly_rate=?,is_available=?,is_online=?,kyc_document_ref=?,kyc_status=?,last_location_update=?,smart_service_score=?,total_reviews=?,user_id=? where id=?
Hibernate: select s1_0.profile_id,s1_0.skill from partner_skills s1_0 where s1_0.profile_id=?
Hibernate: select u1_0.id,u1_0.email,u1_0.first_name,u1_0.last_name,u1_0.password,u1_0.phone,u1_0.role from users u1_0 where u1_0.email=?
Hibernate: select spp1_0.id,spp1_0.current_latitude,spp1_0.current_longitude,spp1_0.experience_years,spp1_0.hourly_rate,spp1_0.is_available,spp1_0.is_online,spp1_0.kyc_document_ref,spp1_0.kyc_status,spp1_0.last_location_update,spp1_0.smart_service_score,spp1_0.total_reviews,spp1_0.user_id from partner_profiles spp1_0 where spp1_0.user_id=?
Hibernate: update partner_profiles set current_latitude=?,current_longitude=?,experience_years=?,hourly_rate=?,is_available=?,is_online=?,kyc_document_ref=?,kyc_status=?,last_location_update=?,smart_service_score=?,total_reviews=?,user_id=? where id=?
Hibernate: select s1_0.profile_id,s1_0.skill from partner_skills s1_0 where s1_0.profile_id=?
Hibernate: select u1_0.id,u1_0.email,u1_0.first_name,u1_0.last_name,u1_0.password,u1_0.phone,u1_0.role from users u1_0 where u1_0.email=?
Hibernate: select spp1_0.id,spp1_0.current_latitude,spp1_0.current_longitude,spp1_0.experience_years,spp1_0.hourly_rate,spp1_0.is_available,spp1_0.is_online,spp1_0.kyc_document_ref,spp1_0.kyc_status,spp1_0.last_location_update,spp1_0.smart_service_score,spp1_0.total_reviews,spp1_0.user_id from partner_profiles spp1_0 where spp1_0.user_id=?
Hibernate: update partner_profiles set current_latitude=?,current_longitude=?,experience_years=?,hourly_rate=?,is_available=?,is_online=?,kyc_document_ref=?,kyc_status=?,last_location_update=?,smart_service_score=?,total_reviews=?,user_id=? where id=?
Hibernate: delete from partner_skills where profile_id=?
Hibernate: insert into partner_skills (profile_id,skill) values (?,?)
Hibernate: insert into partner_skills (profile_id,skill) values (?,?)
Hibernate: insert into partner_skills (profile_id,skill) values (?,?)
Hibernate: insert into partner_skills (profile_id,skill) values (?,?)
Hibernate: select u1_0.id,u1_0.email,u1_0.first_name,u1_0.last_name,u1_0.password,u1_0.phone,u1_0.role from users u1_0 where u1_0.email=?
Hibernate: select spp1_0.id,spp1_0.current_latitude,spp1_0.current_longitude,spp1_0.experience_years,spp1_0.hourly_rate,spp1_0.is_available,spp1_0.is_online,spp1_0.kyc_document_ref,spp1_0.kyc_status,spp1_0.last_location_update,spp1_0.smart_service_score,spp1_0.total_reviews,spp1_0.user_id from partner_profiles spp1_0 where spp1_0.user_id=?
Hibernate: select s1_0.profile_id,s1_0.skill from partner_skills s1_0 where s1_0.profile_id=?
Hibernate: select u1_0.id,u1_0.email,u1_0.first_name,u1_0.last_name,u1_0.password,u1_0.phone,u1_0.role from users u1_0 where u1_0.email=?
Hibernate: select spp1_0.id,spp1_0.current_latitude,spp1_0.current_longitude,spp1_0.experience_years,spp1_0.hourly_rate,spp1_0.is_available,spp1_0.is_online,spp1_0.kyc_document_ref,spp1_0.kyc_status,spp1_0.last_location_update,spp1_0.smart_service_score,spp1_0.total_reviews,spp1_0.user_id from partner_profiles spp1_0 where spp1_0.user_id=?
Hibernate: select s1_0.profile_id,s1_0.skill from partner_skills s1_0 where s1_0.profile_id=?
Hibernate: select u1_0.id,u1_0.email,u1_0.first_name,u1_0.last_name,u1_0.password,u1_0.phone,u1_0.role from users u1_0 where u1_0.email=?
Hibernate: select spp1_0.id,spp1_0.current_latitude,spp1_0.current_longitude,spp1_0.experience_years,spp1_0.hourly_rate,spp1_0.is_available,spp1_0.is_online,spp1_0.kyc_document_ref,spp1_0.kyc_status,spp1_0.last_location_update,spp1_0.smart_service_score,spp1_0.total_reviews,spp1_0.user_id from partner_profiles spp1_0 where spp1_0.user_id=?
Hibernate: update partner_profiles set current_latitude=?,current_longitude=?,experience_years=?,hourly_rate=?,is_available=?,is_online=?,kyc_document_ref=?,kyc_status=?,last_location_update=?,smart_service_score=?,total_reviews=?,user_id=? where id=?
Hibernate: select s1_0.profile_id,s1_0.skill from partner_skills s1_0 where s1_0.profile_id=?
Hibernate: select u1_0.id,u1_0.email,u1_0.first_name,u1_0.last_name,u1_0.password,u1_0.phone,u1_0.role from users u1_0 where u1_0.email=?
Hibernate: select spp1_0.id,spp1_0.current_latitude,spp1_0.current_longitude,spp1_0.experience_years,spp1_0.hourly_rate,spp1_0.is_available,spp1_0.is_online,spp1_0.kyc_document_ref,spp1_0.kyc_status,spp1_0.last_location_update,spp1_0.smart_service_score,spp1_0.total_reviews,spp1_0.user_id from partner_profiles spp1_0 where spp1_0.user_id=?
Hibernate: update partner_profiles set current_latitude=?,current_longitude=?,experience_years=?,hourly_rate=?,is_available=?,is_online=?,kyc_document_ref=?,kyc_status=?,last_location_update=?,smart_service_score=?,total_reviews=?,user_id=? where id=?
Hibernate: select s1_0.profile_id,s1_0.skill from partner_skills s1_0 where s1_0.profile_id=?
Hibernate: select u1_0.id,u1_0.email,u1_0.first_name,u1_0.last_name,u1_0.password,u1_0.phone,u1_0.role from users u1_0 where u1_0.email=?
Hibernate: select spp1_0.id,spp1_0.current_latitude,spp1_0.current_longitude,spp1_0.experience_years,spp1_0.hourly_rate,spp1_0.is_available,spp1_0.is_online,spp1_0.kyc_document_ref,spp1_0.kyc_status,spp1_0.last_location_update,spp1_0.smart_service_score,spp1_0.total_reviews,spp1_0.user_id from partner_profiles spp1_0 where spp1_0.user_id=?
Hibernate: update partner_profiles set current_latitude=?,current_longitude=?,experience_years=?,hourly_rate=?,is_available=?,is_online=?,kyc_document_ref=?,kyc_status=?,last_location_update=?,smart_service_score=?,total_reviews=?,user_id=? where id=?
Hibernate: select s1_0.profile_id,s1_0.skill from partner_skills s1_0 where s1_0.profile_id=?
Hibernate: select u1_0.id,u1_0.email,u1_0.first_name,u1_0.last_name,u1_0.password,u1_0.phone,u1_0.role from users u1_0 where u1_0.email=?
Hibernate: select spp1_0.id,spp1_0.current_latitude,spp1_0.current_longitude,spp1_0.experience_years,spp1_0.hourly_rate,spp1_0.is_available,spp1_0.is_online,spp1_0.kyc_document_ref,spp1_0.kyc_status,spp1_0.last_location_update,spp1_0.smart_service_score,spp1_0.total_reviews,spp1_0.user_id from partner_profiles spp1_0 where spp1_0.user_id=?
Hibernate: update partner_profiles set current_latitude=?,current_longitude=?,experience_years=?,hourly_rate=?,is_available=?,is_online=?,kyc_document_ref=?,kyc_status=?,last_location_update=?,smart_service_score=?,total_reviews=?,user_id=? where id=?
Hibernate: select s1_0.profile_id,s1_0.skill from partner_skills s1_0 where s1_0.profile_id=?
Hibernate: select u1_0.id,u1_0.email,u1_0.first_name,u1_0.last_name,u1_0.password,u1_0.phone,u1_0.role from users u1_0 where u1_0.email=?
Hibernate: select spp1_0.id,spp1_0.current_latitude,spp1_0.current_longitude,spp1_0.experience_years,spp1_0.hourly_rate,spp1_0.is_available,spp1_0.is_online,spp1_0.kyc_document_ref,spp1_0.kyc_status,spp1_0.last_location_update,spp1_0.smart_service_score,spp1_0.total_reviews,spp1_0.user_id from partner_profiles spp1_0 where spp1_0.user_id=?
Hibernate: update partner_profiles set current_latitude=?,current_longitude=?,experience_years=?,hourly_rate=?,is_available=?,is_online=?,kyc_document_ref=?,kyc_status=?,last_location_update=?,smart_service_score=?,total_reviews=?,user_id=? where id=?
Hibernate: select s1_0.profile_id,s1_0.skill from partner_skills s1_0 where s1_0.profile_id=?
Hibernate: select u1_0.id,u1_0.email,u1_0.first_name,u1_0.last_name,u1_0.password,u1_0.phone,u1_0.role from users u1_0 where u1_0.email=?
Hibernate: select spp1_0.id,spp1_0.current_latitude,spp1_0.current_longitude,spp1_0.experience_years,spp1_0.hourly_rate,spp1_0.is_available,spp1_0.is_online,spp1_0.kyc_document_ref,spp1_0.kyc_status,spp1_0.last_location_update,spp1_0.smart_service_score,spp1_0.total_reviews,spp1_0.user_id from partner_profiles spp1_0 where spp1_0.user_id=?
Hibernate: update partner_profiles set current_latitude=?,current_longitude=?,experience_years=?,hourly_rate=?,is_available=?,is_online=?,kyc_document_ref=?,kyc_status=?,last_location_update=?,smart_service_score=?,total_reviews=?,user_id=? where id=?
Hibernate: delete from partner_skills where profile_id=?
Hibernate: insert into partner_skills (profile_id,skill) values (?,?)
Hibernate: insert into partner_skills (profile_id,skill) values (?,?)
Hibernate: insert into partner_skills (profile_id,skill) values (?,?)
Hibernate: insert into partner_skills (profile_id,skill) values (?,?)
Hibernate: insert into partner_skills (profile_id,skill) values (?,?)
Hibernate: select u1_0.id,u1_0.email,u1_0.first_name,u1_0.last_name,u1_0.password,u1_0.phone,u1_0.role from users u1_0 where u1_0.email=?
Hibernate: select spp1_0.id,spp1_0.current_latitude,spp1_0.current_longitude,spp1_0.experience_years,spp1_0.hourly_rate,spp1_0.is_available,spp1_0.is_online,spp1_0.kyc_document_ref,spp1_0.kyc_status,spp1_0.last_location_update,spp1_0.smart_service_score,spp1_0.total_reviews,spp1_0.user_id from partner_profiles spp1_0 where spp1_0.user_id=?
Hibernate: select s1_0.profile_id,s1_0.skill from partner_skills s1_0 where s1_0.profile_id=?
Hibernate: select u1_0.id,u1_0.email,u1_0.first_name,u1_0.last_name,u1_0.password,u1_0.phone,u1_0.role from users u1_0 where u1_0.email=?
Hibernate: select spp1_0.id,spp1_0.current_latitude,spp1_0.current_longitude,spp1_0.experience_years,spp1_0.hourly_rate,spp1_0.is_available,spp1_0.is_online,spp1_0.kyc_document_ref,spp1_0.kyc_status,spp1_0.last_location_update,spp1_0.smart_service_score,spp1_0.total_reviews,spp1_0.user_id from partner_profiles spp1_0 where spp1_0.user_id=?
Hibernate: select s1_0.profile_id,s1_0.skill from partner_skills s1_0 where s1_0.profile_id=?
Hibernate: select u1_0.id,u1_0.email,u1_0.first_name,u1_0.last_name,u1_0.password,u1_0.phone,u1_0.role from users u1_0 where u1_0.email=?
Hibernate: select spp1_0.id,spp1_0.current_latitude,spp1_0.current_longitude,spp1_0.experience_years,spp1_0.hourly_rate,spp1_0.is_available,spp1_0.is_online,spp1_0.kyc_document_ref,spp1_0.kyc_status,spp1_0.last_location_update,spp1_0.smart_service_score,spp1_0.total_reviews,spp1_0.user_id from partner_profiles spp1_0 where spp1_0.user_id=?
Hibernate: update partner_profiles set current_latitude=?,current_longitude=?,experience_years=?,hourly_rate=?,is_available=?,is_online=?,kyc_document_ref=?,kyc_status=?,last_location_update=?,smart_service_score=?,total_reviews=?,user_id=? where id=?
Hibernate: select s1_0.profile_id,s1_0.skill from partner_skills s1_0 where s1_0.profile_id=?
Hibernate: select u1_0.id,u1_0.email,u1_0.first_name,u1_0.last_name,u1_0.password,u1_0.phone,u1_0.role from users u1_0 where u1_0.email=?
Hibernate: select spp1_0.id,spp1_0.current_latitude,spp1_0.current_longitude,spp1_0.experience_years,spp1_0.hourly_rate,spp1_0.is_available,spp1_0.is_online,spp1_0.kyc_document_ref,spp1_0.kyc_status,spp1_0.last_location_update,spp1_0.smart_service_score,spp1_0.total_reviews,spp1_0.user_id from partner_profiles spp1_0 where spp1_0.user_id=?
Hibernate: update partner_profiles set current_latitude=?,current_longitude=?,experience_years=?,hourly_rate=?,is_available=?,is_online=?,kyc_document_ref=?,kyc_status=?,last_location_update=?,smart_service_score=?,total_reviews=?,user_id=? where id=?
Hibernate: select s1_0.profile_id,s1_0.skill from partner_skills s1_0 where s1_0.profile_id=?
Hibernate: select u1_0.id,u1_0.email,u1_0.first_name,u1_0.last_name,u1_0.password,u1_0.phone,u1_0.role from users u1_0 where u1_0.email=?
Hibernate: select spp1_0.id,spp1_0.current_latitude,spp1_0.current_longitude,spp1_0.experience_years,spp1_0.hourly_rate,spp1_0.is_available,spp1_0.is_online,spp1_0.kyc_document_ref,spp1_0.kyc_status,spp1_0.last_location_update,spp1_0.smart_service_score,spp1_0.total_reviews,spp1_0.user_id from partner_profiles spp1_0 where spp1_0.user_id=?
Hibernate: update partner_profiles set current_latitude=?,current_longitude=?,experience_years=?,hourly_rate=?,is_available=?,is_online=?,kyc_document_ref=?,kyc_status=?,last_location_update=?,smart_service_score=?,total_reviews=?,user_id=? where id=?
Hibernate: select s1_0.profile_id,s1_0.skill from partner_skills s1_0 where s1_0.profile_id=?
Hibernate: select u1_0.id,u1_0.email,u1_0.first_name,u1_0.last_name,u1_0.password,u1_0.phone,u1_0.role from users u1_0 where u1_0.email=?
Hibernate: select spp1_0.id,spp1_0.current_latitude,spp1_0.current_longitude,spp1_0.experience_years,spp1_0.hourly_rate,spp1_0.is_available,spp1_0.is_online,spp1_0.kyc_document_ref,spp1_0.kyc_status,spp1_0.last_location_update,spp1_0.smart_service_score,spp1_0.total_reviews,spp1_0.user_id from partner_profiles spp1_0 where spp1_0.user_id=?
Hibernate: update partner_profiles set current_latitude=?,current_longitude=?,experience_years=?,hourly_rate=?,is_available=?,is_online=?,kyc_document_ref=?,kyc_status=?,last_location_update=?,smart_service_score=?,total_reviews=?,user_id=? where id=?
Hibernate: select s1_0.profile_id,s1_0.skill from partner_skills s1_0 where s1_0.profile_id=?
Hibernate: select u1_0.id,u1_0.email,u1_0.first_name,u1_0.last_name,u1_0.password,u1_0.phone,u1_0.role from users u1_0 where u1_0.email=?
Hibernate: select spp1_0.id,spp1_0.current_latitude,spp1_0.current_longitude,spp1_0.experience_years,spp1_0.hourly_rate,spp1_0.is_available,spp1_0.is_online,spp1_0.kyc_document_ref,spp1_0.kyc_status,spp1_0.last_location_update,spp1_0.smart_service_score,spp1_0.total_reviews,spp1_0.user_id from partner_profiles spp1_0 where spp1_0.user_id=?
Hibernate: update partner_profiles set current_latitude=?,current_longitude=?,experience_years=?,hourly_rate=?,is_available=?,is_online=?,kyc_document_ref=?,kyc_status=?,last_location_update=?,smart_service_score=?,total_reviews=?,user_id=? where id=?
Hibernate: select s1_0.profile_id,s1_0.skill from partner_skills s1_0 where s1_0.profile_id=?
Hibernate: select u1_0.id,u1_0.email,u1_0.first_name,u1_0.last_name,u1_0.password,u1_0.phone,u1_0.role from users u1_0 where u1_0.email=?
Hibernate: select sc1_0.id,sc1_0.description,sc1_0.icon_url,sc1_0.is_active,sc1_0.name from service_categories sc1_0 where sc1_0.id=?
Hibernate: select distinct spp1_0.id,spp1_0.current_latitude,spp1_0.current_longitude,spp1_0.experience_years,spp1_0.hourly_rate,spp1_0.is_available,spp1_0.is_online,spp1_0.kyc_document_ref,spp1_0.kyc_status,spp1_0.last_location_update,spp1_0.smart_service_score,spp1_0.total_reviews,spp1_0.user_id from partner_profiles spp1_0 join partner_skills s1_0 on spp1_0.id=s1_0.profile_id where lower(trim(BOTH from s1_0.skill))=lower(trim(BOTH from ?)) and spp1_0.kyc_status='APPROVED' and spp1_0.is_online=1 and spp1_0.is_available=1 and spp1_0.current_latitude is not null and spp1_0.current_longitude is not null and spp1_0.last_location_update is not null and spp1_0.last_location_update>=?
Hibernate: select u1_0.id,u1_0.email,u1_0.first_name,u1_0.last_name,u1_0.password,u1_0.phone,u1_0.role from users u1_0 where u1_0.id=?
Hibernate: select s1_0.profile_id,s1_0.skill from partner_skills s1_0 where s1_0.profile_id=?
Hibernate: select u1_0.id,u1_0.email,u1_0.first_name,u1_0.last_name,u1_0.password,u1_0.phone,u1_0.role from users u1_0 where u1_0.email=?
Hibernate: select sc1_0.id,sc1_0.description,sc1_0.icon_url,sc1_0.is_active,sc1_0.name from service_categories sc1_0 where sc1_0.id=?
Hibernate: select distinct spp1_0.id,spp1_0.current_latitude,spp1_0.current_longitude,spp1_0.experience_years,spp1_0.hourly_rate,spp1_0.is_available,spp1_0.is_online,spp1_0.kyc_document_ref,spp1_0.kyc_status,spp1_0.last_location_update,spp1_0.smart_service_score,spp1_0.total_reviews,spp1_0.user_id from partner_profiles spp1_0 join partner_skills s1_0 on spp1_0.id=s1_0.profile_id where lower(trim(BOTH from s1_0.skill))=lower(trim(BOTH from ?)) and spp1_0.kyc_status='APPROVED' and spp1_0.is_online=1 and spp1_0.is_available=1 and spp1_0.current_latitude is not null and spp1_0.current_longitude is not null and spp1_0.last_location_update is not null and spp1_0.last_location_update>=?
Hibernate: select u1_0.id,u1_0.email,u1_0.first_name,u1_0.last_name,u1_0.password,u1_0.phone,u1_0.role from users u1_0 where u1_0.id=?
Hibernate: select s1_0.profile_id,s1_0.skill from partner_skills s1_0 where s1_0.profile_id=?
Hibernate: select u1_0.id,u1_0.email,u1_0.first_name,u1_0.last_name,u1_0.password,u1_0.phone,u1_0.role from users u1_0 where u1_0.email=?
Hibernate: select spp1_0.id,spp1_0.current_latitude,spp1_0.current_longitude,spp1_0.experience_years,spp1_0.hourly_rate,spp1_0.is_available,spp1_0.is_online,spp1_0.kyc_document_ref,spp1_0.kyc_status,spp1_0.last_location_update,spp1_0.smart_service_score,spp1_0.total_reviews,spp1_0.user_id from partner_profiles spp1_0 where spp1_0.user_id=?
Hibernate: update partner_profiles set current_latitude=?,current_longitude=?,experience_years=?,hourly_rate=?,is_available=?,is_online=?,kyc_document_ref=?,kyc_status=?,last_location_update=?,smart_service_score=?,total_reviews=?,user_id=? where id=?
2026-08-18T01:26:28.676+05:30  INFO 22332 --- [fixmate-backend] [nio-8081-exec-2] com.fixmate.service.LiveNearbyService    : Partner 35 changed state — refreshing 1 live stream(s)
Hibernate: select sc1_0.id,sc1_0.description,sc1_0.icon_url,sc1_0.is_active,sc1_0.name from service_categories sc1_0 where sc1_0.id=?
Hibernate: select distinct spp1_0.id,spp1_0.current_latitude,spp1_0.current_longitude,spp1_0.experience_years,spp1_0.hourly_rate,spp1_0.is_available,spp1_0.is_online,spp1_0.kyc_document_ref,spp1_0.kyc_status,spp1_0.last_location_update,spp1_0.smart_service_score,spp1_0.total_reviews,spp1_0.user_id from partner_profiles spp1_0 join partner_skills s1_0 on spp1_0.id=s1_0.profile_id where lower(trim(BOTH from s1_0.skill))=lower(trim(BOTH from ?)) and spp1_0.kyc_status='APPROVED' and spp1_0.is_online=1 and spp1_0.is_available=1 and spp1_0.current_latitude is not null and spp1_0.current_longitude is not null and spp1_0.last_location_update is not null and spp1_0.last_location_update>=?
Hibernate: select u1_0.id,u1_0.email,u1_0.first_name,u1_0.last_name,u1_0.password,u1_0.phone,u1_0.role from users u1_0 where u1_0.id=?
Hibernate: select s1_0.profile_id,s1_0.skill from partner_skills s1_0 where s1_0.profile_id=?
Hibernate: select u1_0.id,u1_0.email,u1_0.first_name,u1_0.last_name,u1_0.password,u1_0.phone,u1_0.role from users u1_0 where u1_0.email=?
Hibernate: select spp1_0.id,spp1_0.current_latitude,spp1_0.current_longitude,spp1_0.experience_years,spp1_0.hourly_rate,spp1_0.is_available,spp1_0.is_online,spp1_0.kyc_document_ref,spp1_0.kyc_status,spp1_0.last_location_update,spp1_0.smart_service_score,spp1_0.total_reviews,spp1_0.user_id from partner_profiles spp1_0 where spp1_0.user_id=?
Hibernate: update partner_profiles set current_latitude=?,current_longitude=?,experience_years=?,hourly_rate=?,is_available=?,is_online=?,kyc_document_ref=?,kyc_status=?,last_location_update=?,smart_service_score=?,total_reviews=?,user_id=? where id=?
2026-08-18T01:26:30.669+05:30  INFO 22332 --- [fixmate-backend] [nio-8081-exec-1] com.fixmate.service.LiveNearbyService    : Partner 35 changed state — refreshing 1 live stream(s)
Hibernate: select sc1_0.id,sc1_0.description,sc1_0.icon_url,sc1_0.is_active,sc1_0.name from service_categories sc1_0 where sc1_0.id=?
Hibernate: select distinct spp1_0.id,spp1_0.current_latitude,spp1_0.current_longitude,spp1_0.experience_years,spp1_0.hourly_rate,spp1_0.is_available,spp1_0.is_online,spp1_0.kyc_document_ref,spp1_0.kyc_status,spp1_0.last_location_update,spp1_0.smart_service_score,spp1_0.total_reviews,spp1_0.user_id from partner_profiles spp1_0 join partner_skills s1_0 on spp1_0.id=s1_0.profile_id where lower(trim(BOTH from s1_0.skill))=lower(trim(BOTH from ?)) and spp1_0.kyc_status='APPROVED' and spp1_0.is_online=1 and spp1_0.is_available=1 and spp1_0.current_latitude is not null and spp1_0.current_longitude is not null and spp1_0.last_location_update is not null and spp1_0.last_location_update>=?
Hibernate: select u1_0.id,u1_0.email,u1_0.first_name,u1_0.last_name,u1_0.password,u1_0.phone,u1_0.role from users u1_0 where u1_0.id=?
Hibernate: select s1_0.profile_id,s1_0.skill from partner_skills s1_0 where s1_0.profile_id=?
Hibernate: select u1_0.id,u1_0.email,u1_0.first_name,u1_0.last_name,u1_0.password,u1_0.phone,u1_0.role from users u1_0 where u1_0.email=?
Hibernate: select spp1_0.id,spp1_0.current_latitude,spp1_0.current_longitude,spp1_0.experience_years,spp1_0.hourly_rate,spp1_0.is_available,spp1_0.is_online,spp1_0.kyc_document_ref,spp1_0.kyc_status,spp1_0.last_location_update,spp1_0.smart_service_score,spp1_0.total_reviews,spp1_0.user_id from partner_profiles spp1_0 where spp1_0.user_id=?
Hibernate: update partner_profiles set current_latitude=?,current_longitude=?,experience_years=?,hourly_rate=?,is_available=?,is_online=?,kyc_document_ref=?,kyc_status=?,last_location_update=?,smart_service_score=?,total_reviews=?,user_id=? where id=?
2026-08-18T01:26:40.682+05:30  INFO 22332 --- [fixmate-backend] [io-8081-exec-10] com.fixmate.service.LiveNearbyService    : Partner 35 changed state — refreshing 1 live stream(s)
Hibernate: select sc1_0.id,sc1_0.description,sc1_0.icon_url,sc1_0.is_active,sc1_0.name from service_categories sc1_0 where sc1_0.id=?
Hibernate: select distinct spp1_0.id,spp1_0.current_latitude,spp1_0.current_longitude,spp1_0.experience_years,spp1_0.hourly_rate,spp1_0.is_available,spp1_0.is_online,spp1_0.kyc_document_ref,spp1_0.kyc_status,spp1_0.last_location_update,spp1_0.smart_service_score,spp1_0.total_reviews,spp1_0.user_id from partner_profiles spp1_0 join partner_skills s1_0 on spp1_0.id=s1_0.profile_id where lower(trim(BOTH from s1_0.skill))=lower(trim(BOTH from ?)) and spp1_0.kyc_status='APPROVED' and spp1_0.is_online=1 and spp1_0.is_available=1 and spp1_0.current_latitude is not null and spp1_0.current_longitude is not null and spp1_0.last_location_update is not null and spp1_0.last_location_update>=?
Hibernate: select u1_0.id,u1_0.email,u1_0.first_name,u1_0.last_name,u1_0.password,u1_0.phone,u1_0.role from users u1_0 where u1_0.id=?
Hibernate: select s1_0.profile_id,s1_0.skill from partner_skills s1_0 where s1_0.profile_id=?
Hibernate: select u1_0.id,u1_0.email,u1_0.first_name,u1_0.last_name,u1_0.password,u1_0.phone,u1_0.role from users u1_0 where u1_0.email=?
Hibernate: select spp1_0.id,spp1_0.current_latitude,spp1_0.current_longitude,spp1_0.experience_years,spp1_0.hourly_rate,spp1_0.is_available,spp1_0.is_online,spp1_0.kyc_document_ref,spp1_0.kyc_status,spp1_0.last_location_update,spp1_0.smart_service_score,spp1_0.total_reviews,spp1_0.user_id from partner_profiles spp1_0 where spp1_0.user_id=?
Hibernate: update partner_profiles set current_latitude=?,current_longitude=?,experience_years=?,hourly_rate=?,is_available=?,is_online=?,kyc_document_ref=?,kyc_status=?,last_location_update=?,smart_service_score=?,total_reviews=?,user_id=? where id=?
2026-08-18T01:26:41.643+05:30  INFO 22332 --- [fixmate-backend] [nio-8081-exec-3] com.fixmate.service.LiveNearbyService    : Partner 35 changed state — refreshing 1 live stream(s)
Hibernate: select sc1_0.id,sc1_0.description,sc1_0.icon_url,sc1_0.is_active,sc1_0.name from service_categories sc1_0 where sc1_0.id=?
Hibernate: select distinct spp1_0.id,spp1_0.current_latitude,spp1_0.current_longitude,spp1_0.experience_years,spp1_0.hourly_rate,spp1_0.is_available,spp1_0.is_online,spp1_0.kyc_document_ref,spp1_0.kyc_status,spp1_0.last_location_update,spp1_0.smart_service_score,spp1_0.total_reviews,spp1_0.user_id from partner_profiles spp1_0 join partner_skills s1_0 on spp1_0.id=s1_0.profile_id where lower(trim(BOTH from s1_0.skill))=lower(trim(BOTH from ?)) and spp1_0.kyc_status='APPROVED' and spp1_0.is_online=1 and spp1_0.is_available=1 and spp1_0.current_latitude is not null and spp1_0.current_longitude is not null and spp1_0.last_location_update is not null and spp1_0.last_location_update>=?
Hibernate: select u1_0.id,u1_0.email,u1_0.first_name,u1_0.last_name,u1_0.password,u1_0.phone,u1_0.role from users u1_0 where u1_0.id=?
Hibernate: select s1_0.profile_id,s1_0.skill from partner_skills s1_0 where s1_0.profile_id=?
Hibernate: select u1_0.id,u1_0.email,u1_0.first_name,u1_0.last_name,u1_0.password,u1_0.phone,u1_0.role from users u1_0 where u1_0.email=?
Hibernate: select spp1_0.id,spp1_0.current_latitude,spp1_0.current_longitude,spp1_0.experience_years,spp1_0.hourly_rate,spp1_0.is_available,spp1_0.is_online,spp1_0.kyc_document_ref,spp1_0.kyc_status,spp1_0.last_location_update,spp1_0.smart_service_score,spp1_0.total_reviews,spp1_0.user_id from partner_profiles spp1_0 where spp1_0.user_id=?
Hibernate: update partner_profiles set current_latitude=?,current_longitude=?,experience_years=?,hourly_rate=?,is_available=?,is_online=?,kyc_document_ref=?,kyc_status=?,last_location_update=?,smart_service_score=?,total_reviews=?,user_id=? where id=?
2026-08-18T01:26:43.673+05:30  INFO 22332 --- [fixmate-backend] [nio-8081-exec-4] com.fixmate.service.LiveNearbyService    : Partner 35 changed state — refreshing 1 live stream(s)
Hibernate: select sc1_0.id,sc1_0.description,sc1_0.icon_url,sc1_0.is_active,sc1_0.name from service_categories sc1_0 where sc1_0.id=?
Hibernate: select distinct spp1_0.id,spp1_0.current_latitude,spp1_0.current_longitude,spp1_0.experience_years,spp1_0.hourly_rate,spp1_0.is_available,spp1_0.is_online,spp1_0.kyc_document_ref,spp1_0.kyc_status,spp1_0.last_location_update,spp1_0.smart_service_score,spp1_0.total_reviews,spp1_0.user_id from partner_profiles spp1_0 join partner_skills s1_0 on spp1_0.id=s1_0.profile_id where lower(trim(BOTH from s1_0.skill))=lower(trim(BOTH from ?)) and spp1_0.kyc_status='APPROVED' and spp1_0.is_online=1 and spp1_0.is_available=1 and spp1_0.current_latitude is not null and spp1_0.current_longitude is not null and spp1_0.last_location_update is not null and spp1_0.last_location_update>=?
Hibernate: select u1_0.id,u1_0.email,u1_0.first_name,u1_0.last_name,u1_0.password,u1_0.phone,u1_0.role from users u1_0 where u1_0.id=?
Hibernate: select s1_0.profile_id,s1_0.skill from partner_skills s1_0 where s1_0.profile_id=?
Hibernate: select u1_0.id,u1_0.email,u1_0.first_name,u1_0.last_name,u1_0.password,u1_0.phone,u1_0.role from users u1_0 where u1_0.email=?
Hibernate: select spp1_0.id,spp1_0.current_latitude,spp1_0.current_longitude,spp1_0.experience_years,spp1_0.hourly_rate,spp1_0.is_available,spp1_0.is_online,spp1_0.kyc_document_ref,spp1_0.kyc_status,spp1_0.last_location_update,spp1_0.smart_service_score,spp1_0.total_reviews,spp1_0.user_id from partner_profiles spp1_0 where spp1_0.user_id=?
Hibernate: update partner_profiles set current_latitude=?,current_longitude=?,experience_years=?,hourly_rate=?,is_available=?,is_online=?,kyc_document_ref=?,kyc_status=?,last_location_update=?,smart_service_score=?,total_reviews=?,user_id=? where id=?
2026-08-18T01:26:50.652+05:30  INFO 22332 --- [fixmate-backend] [nio-8081-exec-5] com.fixmate.service.LiveNearbyService    : Partner 35 changed state — refreshing 1 live stream(s)
Hibernate: select sc1_0.id,sc1_0.description,sc1_0.icon_url,sc1_0.is_active,sc1_0.name from service_categories sc1_0 where sc1_0.id=?
Hibernate: select distinct spp1_0.id,spp1_0.current_latitude,spp1_0.current_longitude,spp1_0.experience_years,spp1_0.hourly_rate,spp1_0.is_available,spp1_0.is_online,spp1_0.kyc_document_ref,spp1_0.kyc_status,spp1_0.last_location_update,spp1_0.smart_service_score,spp1_0.total_reviews,spp1_0.user_id from partner_profiles spp1_0 join partner_skills s1_0 on spp1_0.id=s1_0.profile_id where lower(trim(BOTH from s1_0.skill))=lower(trim(BOTH from ?)) and spp1_0.kyc_status='APPROVED' and spp1_0.is_online=1 and spp1_0.is_available=1 and spp1_0.current_latitude is not null and spp1_0.current_longitude is not null and spp1_0.last_location_update is not null and spp1_0.last_location_update>=?
Hibernate: select u1_0.id,u1_0.email,u1_0.first_name,u1_0.last_name,u1_0.password,u1_0.phone,u1_0.role from users u1_0 where u1_0.id=?
Hibernate: select s1_0.profile_id,s1_0.skill from partner_skills s1_0 where s1_0.profile_id=?
Hibernate: select u1_0.id,u1_0.email,u1_0.first_name,u1_0.last_name,u1_0.password,u1_0.phone,u1_0.role from users u1_0 where u1_0.email=?
Hibernate: select spp1_0.id,spp1_0.current_latitude,spp1_0.current_longitude,spp1_0.experience_years,spp1_0.hourly_rate,spp1_0.is_available,spp1_0.is_online,spp1_0.kyc_document_ref,spp1_0.kyc_status,spp1_0.last_location_update,spp1_0.smart_service_score,spp1_0.total_reviews,spp1_0.user_id from partner_profiles spp1_0 where spp1_0.user_id=?
Hibernate: update partner_profiles set current_latitude=?,current_longitude=?,experience_years=?,hourly_rate=?,is_available=?,is_online=?,kyc_document_ref=?,kyc_status=?,last_location_update=?,smart_service_score=?,total_reviews=?,user_id=? where id=?
2026-08-18T01:26:58.650+05:30  INFO 22332 --- [fixmate-backend] [nio-8081-exec-6] com.fixmate.service.LiveNearbyService    : Partner 35 changed state — refreshing 1 live stream(s)
Hibernate: select sc1_0.id,sc1_0.description,sc1_0.icon_url,sc1_0.is_active,sc1_0.name from service_categories sc1_0 where sc1_0.id=?
Hibernate: select distinct spp1_0.id,spp1_0.current_latitude,spp1_0.current_longitude,spp1_0.experience_years,spp1_0.hourly_rate,spp1_0.is_available,spp1_0.is_online,spp1_0.kyc_document_ref,spp1_0.kyc_status,spp1_0.last_location_update,spp1_0.smart_service_score,spp1_0.total_reviews,spp1_0.user_id from partner_profiles spp1_0 join partner_skills s1_0 on spp1_0.id=s1_0.profile_id where lower(trim(BOTH from s1_0.skill))=lower(trim(BOTH from ?)) and spp1_0.kyc_status='APPROVED' and spp1_0.is_online=1 and spp1_0.is_available=1 and spp1_0.current_latitude is not null and spp1_0.current_longitude is not null and spp1_0.last_location_update is not null and spp1_0.last_location_update>=?
Hibernate: select u1_0.id,u1_0.email,u1_0.first_name,u1_0.last_name,u1_0.password,u1_0.phone,u1_0.role from users u1_0 where u1_0.id=?
Hibernate: select s1_0.profile_id,s1_0.skill from partner_skills s1_0 where s1_0.profile_id=?
Hibernate: select u1_0.id,u1_0.email,u1_0.first_name,u1_0.last_name,u1_0.password,u1_0.phone,u1_0.role from users u1_0 where u1_0.email=?
Hibernate: select spp1_0.id,spp1_0.current_latitude,spp1_0.current_longitude,spp1_0.experience_years,spp1_0.hourly_rate,spp1_0.is_available,spp1_0.is_online,spp1_0.kyc_document_ref,spp1_0.kyc_status,spp1_0.last_location_update,spp1_0.smart_service_score,spp1_0.total_reviews,spp1_0.user_id from partner_profiles spp1_0 where spp1_0.user_id=?
Hibernate: update partner_profiles set current_latitude=?,current_longitude=?,experience_years=?,hourly_rate=?,is_available=?,is_online=?,kyc_document_ref=?,kyc_status=?,last_location_update=?,smart_service_score=?,total_reviews=?,user_id=? where id=?
2026-08-18T01:27:00.650+05:30  INFO 22332 --- [fixmate-backend] [nio-8081-exec-7] com.fixmate.service.LiveNearbyService    : Partner 35 changed state — refreshing 1 live stream(s)
Hibernate: select sc1_0.id,sc1_0.description,sc1_0.icon_url,sc1_0.is_active,sc1_0.name from service_categories sc1_0 where sc1_0.id=?
Hibernate: select distinct spp1_0.id,spp1_0.current_latitude,spp1_0.current_longitude,spp1_0.experience_years,spp1_0.hourly_rate,spp1_0.is_available,spp1_0.is_online,spp1_0.kyc_document_ref,spp1_0.kyc_status,spp1_0.last_location_update,spp1_0.smart_service_score,spp1_0.total_reviews,spp1_0.user_id from partner_profiles spp1_0 join partner_skills s1_0 on spp1_0.id=s1_0.profile_id where lower(trim(BOTH from s1_0.skill))=lower(trim(BOTH from ?)) and spp1_0.kyc_status='APPROVED' and spp1_0.is_online=1 and spp1_0.is_available=1 and spp1_0.current_latitude is not null and spp1_0.current_longitude is not null and spp1_0.last_location_update is not null and spp1_0.last_location_update>=?
Hibernate: select u1_0.id,u1_0.email,u1_0.first_name,u1_0.last_name,u1_0.password,u1_0.phone,u1_0.role from users u1_0 where u1_0.id=?
Hibernate: select s1_0.profile_id,s1_0.skill from partner_skills s1_0 where s1_0.profile_id=?
Hibernate: select u1_0.id,u1_0.email,u1_0.first_name,u1_0.last_name,u1_0.password,u1_0.phone,u1_0.role from users u1_0 where u1_0.email=?
Hibernate: select spp1_0.id,spp1_0.current_latitude,spp1_0.current_longitude,spp1_0.experience_years,spp1_0.hourly_rate,spp1_0.is_available,spp1_0.is_online,spp1_0.kyc_document_ref,spp1_0.kyc_status,spp1_0.last_location_update,spp1_0.smart_service_score,spp1_0.total_reviews,spp1_0.user_id from partner_profiles spp1_0 where spp1_0.user_id=?
Hibernate: update partner_profiles set current_latitude=?,current_longitude=?,experience_years=?,hourly_rate=?,is_available=?,is_online=?,kyc_document_ref=?,kyc_status=?,last_location_update=?,smart_service_score=?,total_reviews=?,user_id=? where id=?
2026-08-18T01:27:10.708+05:30  INFO 22332 --- [fixmate-backend] [nio-8081-exec-9] com.fixmate.service.LiveNearbyService    : Partner 35 changed state — refreshing 1 live stream(s)
Hibernate: select sc1_0.id,sc1_0.description,sc1_0.icon_url,sc1_0.is_active,sc1_0.name from service_categories sc1_0 where sc1_0.id=?
Hibernate: select distinct spp1_0.id,spp1_0.current_latitude,spp1_0.current_longitude,spp1_0.experience_years,spp1_0.hourly_rate,spp1_0.is_available,spp1_0.is_online,spp1_0.kyc_document_ref,spp1_0.kyc_status,spp1_0.last_location_update,spp1_0.smart_service_score,spp1_0.total_reviews,spp1_0.user_id from partner_profiles spp1_0 join partner_skills s1_0 on spp1_0.id=s1_0.profile_id where lower(trim(BOTH from s1_0.skill))=lower(trim(BOTH from ?)) and spp1_0.kyc_status='APPROVED' and spp1_0.is_online=1 and spp1_0.is_available=1 and spp1_0.current_latitude is not null and spp1_0.current_longitude is not null and spp1_0.last_location_update is not null and spp1_0.last_location_update>=?
Hibernate: select u1_0.id,u1_0.email,u1_0.first_name,u1_0.last_name,u1_0.password,u1_0.phone,u1_0.role from users u1_0 where u1_0.id=?
Hibernate: select s1_0.profile_id,s1_0.skill from partner_skills s1_0 where s1_0.profile_id=?
Hibernate: select u1_0.id,u1_0.email,u1_0.first_name,u1_0.last_name,u1_0.password,u1_0.phone,u1_0.role from users u1_0 where u1_0.email=?
Hibernate: select spp1_0.id,spp1_0.current_latitude,spp1_0.current_longitude,spp1_0.experience_years,spp1_0.hourly_rate,spp1_0.is_available,spp1_0.is_online,spp1_0.kyc_document_ref,spp1_0.kyc_status,spp1_0.last_location_update,spp1_0.smart_service_score,spp1_0.total_reviews,spp1_0.user_id from partner_profiles spp1_0 where spp1_0.user_id=?
Hibernate: update partner_profiles set current_latitude=?,current_longitude=?,experience_years=?,hourly_rate=?,is_available=?,is_online=?,kyc_document_ref=?,kyc_status=?,last_location_update=?,smart_service_score=?,total_reviews=?,user_id=? where id=?
2026-08-18T01:27:11.665+05:30  INFO 22332 --- [fixmate-backend] [nio-8081-exec-8] com.fixmate.service.LiveNearbyService    : Partner 35 changed state — refreshing 1 live stream(s)
Hibernate: select sc1_0.id,sc1_0.description,sc1_0.icon_url,sc1_0.is_active,sc1_0.name from service_categories sc1_0 where sc1_0.id=?
Hibernate: select distinct spp1_0.id,spp1_0.current_latitude,spp1_0.current_longitude,spp1_0.experience_years,spp1_0.hourly_rate,spp1_0.is_available,spp1_0.is_online,spp1_0.kyc_document_ref,spp1_0.kyc_status,spp1_0.last_location_update,spp1_0.smart_service_score,spp1_0.total_reviews,spp1_0.user_id from partner_profiles spp1_0 join partner_skills s1_0 on spp1_0.id=s1_0.profile_id where lower(trim(BOTH from s1_0.skill))=lower(trim(BOTH from ?)) and spp1_0.kyc_status='APPROVED' and spp1_0.is_online=1 and spp1_0.is_available=1 and spp1_0.current_latitude is not null and spp1_0.current_longitude is not null and spp1_0.last_location_update is not null and spp1_0.last_location_update>=?
Hibernate: select u1_0.id,u1_0.email,u1_0.first_name,u1_0.last_name,u1_0.password,u1_0.phone,u1_0.role from users u1_0 where u1_0.id=?
Hibernate: select s1_0.profile_id,s1_0.skill from partner_skills s1_0 where s1_0.profile_id=?
Hibernate: select u1_0.id,u1_0.email,u1_0.first_name,u1_0.last_name,u1_0.password,u1_0.phone,u1_0.role from users u1_0 where u1_0.email=?
Hibernate: select u1_0.id,u1_0.email,u1_0.first_name,u1_0.last_name,u1_0.password,u1_0.phone,u1_0.role from users u1_0 where u1_0.email=?
Hibernate: select spp1_0.id,spp1_0.current_latitude,spp1_0.current_longitude,spp1_0.experience_years,spp1_0.hourly_rate,spp1_0.is_available,spp1_0.is_online,spp1_0.kyc_document_ref,spp1_0.kyc_status,spp1_0.last_location_update,spp1_0.smart_service_score,spp1_0.total_reviews,spp1_0.user_id from partner_profiles spp1_0 where spp1_0.user_id=?
Hibernate: select spp1_0.id,spp1_0.current_latitude,spp1_0.current_longitude,spp1_0.experience_years,spp1_0.hourly_rate,spp1_0.is_available,spp1_0.is_online,spp1_0.kyc_document_ref,spp1_0.kyc_status,spp1_0.last_location_update,spp1_0.smart_service_score,spp1_0.total_reviews,spp1_0.user_id from partner_profiles spp1_0 where spp1_0.user_id=?
Hibernate: update partner_profiles set current_latitude=?,current_longitude=?,experience_years=?,hourly_rate=?,is_available=?,is_online=?,kyc_document_ref=?,kyc_status=?,last_location_update=?,smart_service_score=?,total_reviews=?,user_id=? where id=?
Hibernate: update partner_profiles set current_latitude=?,current_longitude=?,experience_years=?,hourly_rate=?,is_available=?,is_online=?,kyc_document_ref=?,kyc_status=?,last_location_update=?,smart_service_score=?,total_reviews=?,user_id=? where id=?
2026-08-18T01:27:25.658+05:30  INFO 22332 --- [fixmate-backend] [nio-8081-exec-2] com.fixmate.service.LiveNearbyService    : Partner 35 changed state — refreshing 1 live stream(s)
Hibernate: select sc1_0.id,sc1_0.description,sc1_0.icon_url,sc1_0.is_active,sc1_0.name from service_categories sc1_0 where sc1_0.id=?
Hibernate: select distinct spp1_0.id,spp1_0.current_latitude,spp1_0.current_longitude,spp1_0.experience_years,spp1_0.hourly_rate,spp1_0.is_available,spp1_0.is_online,spp1_0.kyc_document_ref,spp1_0.kyc_status,spp1_0.last_location_update,spp1_0.smart_service_score,spp1_0.total_reviews,spp1_0.user_id from partner_profiles spp1_0 join partner_skills s1_0 on spp1_0.id=s1_0.profile_id where lower(trim(BOTH from s1_0.skill))=lower(trim(BOTH from ?)) and spp1_0.kyc_status='APPROVED' and spp1_0.is_online=1 and spp1_0.is_available=1 and spp1_0.current_latitude is not null and spp1_0.current_longitude is not null and spp1_0.last_location_update is not null and spp1_0.last_location_update>=?
Hibernate: select u1_0.id,u1_0.email,u1_0.first_name,u1_0.last_name,u1_0.password,u1_0.phone,u1_0.role from users u1_0 where u1_0.id=?
Hibernate: select s1_0.profile_id,s1_0.skill from partner_skills s1_0 where s1_0.profile_id=?
2026-08-18T01:27:25.685+05:30  INFO 22332 --- [fixmate-backend] [nio-8081-exec-1] com.fixmate.service.LiveNearbyService    : Partner 35 changed state — refreshing 1 live stream(s)
Hibernate: select sc1_0.id,sc1_0.description,sc1_0.icon_url,sc1_0.is_active,sc1_0.name from service_categories sc1_0 where sc1_0.id=?
Hibernate: select distinct spp1_0.id,spp1_0.current_latitude,spp1_0.current_longitude,spp1_0.experience_years,spp1_0.hourly_rate,spp1_0.is_available,spp1_0.is_online,spp1_0.kyc_document_ref,spp1_0.kyc_status,spp1_0.last_location_update,spp1_0.smart_service_score,spp1_0.total_reviews,spp1_0.user_id from partner_profiles spp1_0 join partner_skills s1_0 on spp1_0.id=s1_0.profile_id where lower(trim(BOTH from s1_0.skill))=lower(trim(BOTH from ?)) and spp1_0.kyc_status='APPROVED' and spp1_0.is_online=1 and spp1_0.is_available=1 and spp1_0.current_latitude is not null and spp1_0.current_longitude is not null and spp1_0.last_location_update is not null and spp1_0.last_location_update>=?
Hibernate: select u1_0.id,u1_0.email,u1_0.first_name,u1_0.last_name,u1_0.password,u1_0.phone,u1_0.role from users u1_0 where u1_0.id=?
Hibernate: select s1_0.profile_id,s1_0.skill from partner_skills s1_0 where s1_0.profile_id=?
2026-08-18T01:28:06.219+05:30  INFO 22332 --- [fixmate-backend] [trap-executor-0] c.n.d.s.r.aws.ConfigClusterResolver      : Resolving eureka endpoints via configuration
Hibernate: select u1_0.id,u1_0.email,u1_0.first_name,u1_0.last_name,u1_0.password,u1_0.phone,u1_0.role from users u1_0 where u1_0.email=?
Hibernate: select u1_0.id,u1_0.email,u1_0.first_name,u1_0.last_name,u1_0.password,u1_0.phone,u1_0.role from users u1_0 where u1_0.email=?
Hibernate: select u1_0.id,u1_0.email,u1_0.first_name,u1_0.last_name,u1_0.password,u1_0.phone,u1_0.role from users u1_0 where u1_0.email=?
Hibernate: select u1_0.id,u1_0.email,u1_0.first_name,u1_0.last_name,u1_0.password,u1_0.phone,u1_0.role from users u1_0 where u1_0.email=?
Hibernate: select u1_0.id,u1_0.email,u1_0.first_name,u1_0.last_name,u1_0.password,u1_0.phone,u1_0.role from users u1_0 where u1_0.email=?
Hibernate: select u1_0.id,u1_0.email,u1_0.first_name,u1_0.last_name,u1_0.password,u1_0.phone,u1_0.role from users u1_0 where u1_0.email=?
Hibernate: select spp1_0.id,spp1_0.current_latitude,spp1_0.current_longitude,spp1_0.experience_years,spp1_0.hourly_rate,spp1_0.is_available,spp1_0.is_online,spp1_0.kyc_document_ref,spp1_0.kyc_status,spp1_0.last_location_update,spp1_0.smart_service_score,spp1_0.total_reviews,spp1_0.user_id from partner_profiles spp1_0 where spp1_0.user_id=?
Hibernate: select spp1_0.id,spp1_0.current_latitude,spp1_0.current_longitude,spp1_0.experience_years,spp1_0.hourly_rate,spp1_0.is_available,spp1_0.is_online,spp1_0.kyc_document_ref,spp1_0.kyc_status,spp1_0.last_location_update,spp1_0.smart_service_score,spp1_0.total_reviews,spp1_0.user_id from partner_profiles spp1_0 where spp1_0.user_id=?
Hibernate: select spp1_0.id,spp1_0.current_latitude,spp1_0.current_longitude,spp1_0.experience_years,spp1_0.hourly_rate,spp1_0.is_available,spp1_0.is_online,spp1_0.kyc_document_ref,spp1_0.kyc_status,spp1_0.last_location_update,spp1_0.smart_service_score,spp1_0.total_reviews,spp1_0.user_id from partner_profiles spp1_0 where spp1_0.user_id=?
Hibernate: select spp1_0.id,spp1_0.current_latitude,spp1_0.current_longitude,spp1_0.experience_years,spp1_0.hourly_rate,spp1_0.is_available,spp1_0.is_online,spp1_0.kyc_document_ref,spp1_0.kyc_status,spp1_0.last_location_update,spp1_0.smart_service_score,spp1_0.total_reviews,spp1_0.user_id from partner_profiles spp1_0 where spp1_0.user_id=?
Hibernate: select spp1_0.id,spp1_0.current_latitude,spp1_0.current_longitude,spp1_0.experience_years,spp1_0.hourly_rate,spp1_0.is_available,spp1_0.is_online,spp1_0.kyc_document_ref,spp1_0.kyc_status,spp1_0.last_location_update,spp1_0.smart_service_score,spp1_0.total_reviews,spp1_0.user_id from partner_profiles spp1_0 where spp1_0.user_id=?
Hibernate: select spp1_0.id,spp1_0.current_latitude,spp1_0.current_longitude,spp1_0.experience_years,spp1_0.hourly_rate,spp1_0.is_available,spp1_0.is_online,spp1_0.kyc_document_ref,spp1_0.kyc_status,spp1_0.last_location_update,spp1_0.smart_service_score,spp1_0.total_reviews,spp1_0.user_id from partner_profiles spp1_0 where spp1_0.user_id=?
Hibernate: update partner_profiles set current_latitude=?,current_longitude=?,experience_years=?,hourly_rate=?,is_available=?,is_online=?,kyc_document_ref=?,kyc_status=?,last_location_update=?,smart_service_score=?,total_reviews=?,user_id=? where id=?
Hibernate: update partner_profiles set current_latitude=?,current_longitude=?,experience_years=?,hourly_rate=?,is_available=?,is_online=?,kyc_document_ref=?,kyc_status=?,last_location_update=?,smart_service_score=?,total_reviews=?,user_id=? where id=?
Hibernate: update partner_profiles set current_latitude=?,current_longitude=?,experience_years=?,hourly_rate=?,is_available=?,is_online=?,kyc_document_ref=?,kyc_status=?,last_location_update=?,smart_service_score=?,total_reviews=?,user_id=? where id=?
Hibernate: update partner_profiles set current_latitude=?,current_longitude=?,experience_years=?,hourly_rate=?,is_available=?,is_online=?,kyc_document_ref=?,kyc_status=?,last_location_update=?,smart_service_score=?,total_reviews=?,user_id=? where id=?
2026-08-18T01:28:25.688+05:30  INFO 22332 --- [fixmate-backend] [io-8081-exec-10] com.fixmate.service.LiveNearbyService    : Partner 35 changed state — refreshing 1 live stream(s)
Hibernate: select sc1_0.id,sc1_0.description,sc1_0.icon_url,sc1_0.is_active,sc1_0.name from service_categories sc1_0 where sc1_0.id=?
Hibernate: select distinct spp1_0.id,spp1_0.current_latitude,spp1_0.current_longitude,spp1_0.experience_years,spp1_0.hourly_rate,spp1_0.is_available,spp1_0.is_online,spp1_0.kyc_document_ref,spp1_0.kyc_status,spp1_0.last_location_update,spp1_0.smart_service_score,spp1_0.total_reviews,spp1_0.user_id from partner_profiles spp1_0 join partner_skills s1_0 on spp1_0.id=s1_0.profile_id where lower(trim(BOTH from s1_0.skill))=lower(trim(BOTH from ?)) and spp1_0.kyc_status='APPROVED' and spp1_0.is_online=1 and spp1_0.is_available=1 and spp1_0.current_latitude is not null and spp1_0.current_longitude is not null and spp1_0.last_location_update is not null and spp1_0.last_location_update>=?
Hibernate: select u1_0.id,u1_0.email,u1_0.first_name,u1_0.last_name,u1_0.password,u1_0.phone,u1_0.role from users u1_0 where u1_0.id=?
2026-08-18T01:28:25.702+05:30  INFO 22332 --- [fixmate-backend] [nio-8081-exec-3] com.fixmate.service.LiveNearbyService    : Partner 35 changed state — refreshing 1 live stream(s)
Hibernate: select s1_0.profile_id,s1_0.skill from partner_skills s1_0 where s1_0.profile_id=?
Hibernate: select sc1_0.id,sc1_0.description,sc1_0.icon_url,sc1_0.is_active,sc1_0.name from service_categories sc1_0 where sc1_0.id=?
Hibernate: select distinct spp1_0.id,spp1_0.current_latitude,spp1_0.current_longitude,spp1_0.experience_years,spp1_0.hourly_rate,spp1_0.is_available,spp1_0.is_online,spp1_0.kyc_document_ref,spp1_0.kyc_status,spp1_0.last_location_update,spp1_0.smart_service_score,spp1_0.total_reviews,spp1_0.user_id from partner_profiles spp1_0 join partner_skills s1_0 on spp1_0.id=s1_0.profile_id where lower(trim(BOTH from s1_0.skill))=lower(trim(BOTH from ?)) and spp1_0.kyc_status='APPROVED' and spp1_0.is_online=1 and spp1_0.is_available=1 and spp1_0.current_latitude is not null and spp1_0.current_longitude is not null and spp1_0.last_location_update is not null and spp1_0.last_location_update>=?
Hibernate: update partner_profiles set current_latitude=?,current_longitude=?,experience_years=?,hourly_rate=?,is_available=?,is_online=?,kyc_document_ref=?,kyc_status=?,last_location_update=?,smart_service_score=?,total_reviews=?,user_id=? where id=?
Hibernate: select u1_0.id,u1_0.email,u1_0.first_name,u1_0.last_name,u1_0.password,u1_0.phone,u1_0.role from users u1_0 where u1_0.id=?
Hibernate: select s1_0.profile_id,s1_0.skill from partner_skills s1_0 where s1_0.profile_id=?
Hibernate: update partner_profiles set current_latitude=?,current_longitude=?,experience_years=?,hourly_rate=?,is_available=?,is_online=?,kyc_document_ref=?,kyc_status=?,last_location_update=?,smart_service_score=?,total_reviews=?,user_id=? where id=?
2026-08-18T01:28:25.750+05:30  INFO 22332 --- [fixmate-backend] [nio-8081-exec-7] com.fixmate.service.LiveNearbyService    : Partner 35 changed state — refreshing 1 live stream(s)
Hibernate: select sc1_0.id,sc1_0.description,sc1_0.icon_url,sc1_0.is_active,sc1_0.name from service_categories sc1_0 where sc1_0.id=?
Hibernate: select distinct spp1_0.id,spp1_0.current_latitude,spp1_0.current_longitude,spp1_0.experience_years,spp1_0.hourly_rate,spp1_0.is_available,spp1_0.is_online,spp1_0.kyc_document_ref,spp1_0.kyc_status,spp1_0.last_location_update,spp1_0.smart_service_score,spp1_0.total_reviews,spp1_0.user_id from partner_profiles spp1_0 join partner_skills s1_0 on spp1_0.id=s1_0.profile_id where lower(trim(BOTH from s1_0.skill))=lower(trim(BOTH from ?)) and spp1_0.kyc_status='APPROVED' and spp1_0.is_online=1 and spp1_0.is_available=1 and spp1_0.current_latitude is not null and spp1_0.current_longitude is not null and spp1_0.last_location_update is not null and spp1_0.last_location_update>=?
Hibernate: select u1_0.id,u1_0.email,u1_0.first_name,u1_0.last_name,u1_0.password,u1_0.phone,u1_0.role from users u1_0 where u1_0.id=?
2026-08-18T01:28:25.771+05:30  INFO 22332 --- [fixmate-backend] [nio-8081-exec-4] com.fixmate.service.LiveNearbyService    : Partner 35 changed state — refreshing 1 live stream(s)
Hibernate: select sc1_0.id,sc1_0.description,sc1_0.icon_url,sc1_0.is_active,sc1_0.name from service_categories sc1_0 where sc1_0.id=?
Hibernate: select s1_0.profile_id,s1_0.skill from partner_skills s1_0 where s1_0.profile_id=?
Hibernate: select distinct spp1_0.id,spp1_0.current_latitude,spp1_0.current_longitude,spp1_0.experience_years,spp1_0.hourly_rate,spp1_0.is_available,spp1_0.is_online,spp1_0.kyc_document_ref,spp1_0.kyc_status,spp1_0.last_location_update,spp1_0.smart_service_score,spp1_0.total_reviews,spp1_0.user_id from partner_profiles spp1_0 join partner_skills s1_0 on spp1_0.id=s1_0.profile_id where lower(trim(BOTH from s1_0.skill))=lower(trim(BOTH from ?)) and spp1_0.kyc_status='APPROVED' and spp1_0.is_online=1 and spp1_0.is_available=1 and spp1_0.current_latitude is not null and spp1_0.current_longitude is not null and spp1_0.last_location_update is not null and spp1_0.last_location_update>=?
2026-08-18T01:28:25.781+05:30  INFO 22332 --- [fixmate-backend] [nio-8081-exec-6] com.fixmate.service.LiveNearbyService    : Partner 35 changed state — refreshing 1 live stream(s)
Hibernate: select sc1_0.id,sc1_0.description,sc1_0.icon_url,sc1_0.is_active,sc1_0.name from service_categories sc1_0 where sc1_0.id=?
Hibernate: select u1_0.id,u1_0.email,u1_0.first_name,u1_0.last_name,u1_0.password,u1_0.phone,u1_0.role from users u1_0 where u1_0.id=?
2026-08-18T01:28:25.789+05:30  INFO 22332 --- [fixmate-backend] [nio-8081-exec-5] com.fixmate.service.LiveNearbyService    : Partner 35 changed state — refreshing 1 live stream(s)
Hibernate: select s1_0.profile_id,s1_0.skill from partner_skills s1_0 where s1_0.profile_id=?
Hibernate: select sc1_0.id,sc1_0.description,sc1_0.icon_url,sc1_0.is_active,sc1_0.name from service_categories sc1_0 where sc1_0.id=?
Hibernate: select distinct spp1_0.id,spp1_0.current_latitude,spp1_0.current_longitude,spp1_0.experience_years,spp1_0.hourly_rate,spp1_0.is_available,spp1_0.is_online,spp1_0.kyc_document_ref,spp1_0.kyc_status,spp1_0.last_location_update,spp1_0.smart_service_score,spp1_0.total_reviews,spp1_0.user_id from partner_profiles spp1_0 join partner_skills s1_0 on spp1_0.id=s1_0.profile_id where lower(trim(BOTH from s1_0.skill))=lower(trim(BOTH from ?)) and spp1_0.kyc_status='APPROVED' and spp1_0.is_online=1 and spp1_0.is_available=1 and spp1_0.current_latitude is not null and spp1_0.current_longitude is not null and spp1_0.last_location_update is not null and spp1_0.last_location_update>=?
Hibernate: select u1_0.id,u1_0.email,u1_0.first_name,u1_0.last_name,u1_0.password,u1_0.phone,u1_0.role from users u1_0 where u1_0.id=?
Hibernate: select s1_0.profile_id,s1_0.skill from partner_skills s1_0 where s1_0.profile_id=?
Hibernate: select distinct spp1_0.id,spp1_0.current_latitude,spp1_0.current_longitude,spp1_0.experience_years,spp1_0.hourly_rate,spp1_0.is_available,spp1_0.is_online,spp1_0.kyc_document_ref,spp1_0.kyc_status,spp1_0.last_location_update,spp1_0.smart_service_score,spp1_0.total_reviews,spp1_0.user_id from partner_profiles spp1_0 join partner_skills s1_0 on spp1_0.id=s1_0.profile_id where lower(trim(BOTH from s1_0.skill))=lower(trim(BOTH from ?)) and spp1_0.kyc_status='APPROVED' and spp1_0.is_online=1 and spp1_0.is_available=1 and spp1_0.current_latitude is not null and spp1_0.current_longitude is not null and spp1_0.last_location_update is not null and spp1_0.last_location_update>=?
Hibernate: select u1_0.id,u1_0.email,u1_0.first_name,u1_0.last_name,u1_0.password,u1_0.phone,u1_0.role from users u1_0 where u1_0.id=?
Hibernate: select s1_0.profile_id,s1_0.skill from partner_skills s1_0 where s1_0.profile_id=?
Hibernate: select u1_0.id,u1_0.email,u1_0.first_name,u1_0.last_name,u1_0.password,u1_0.phone,u1_0.role from users u1_0 where u1_0.email=?
Hibernate: select u1_0.id,u1_0.email,u1_0.first_name,u1_0.last_name,u1_0.password,u1_0.phone,u1_0.role from users u1_0 where u1_0.email=?
Hibernate: select u1_0.id,u1_0.email,u1_0.first_name,u1_0.last_name,u1_0.password,u1_0.phone,u1_0.role from users u1_0 where u1_0.email=?
Hibernate: select u1_0.id,u1_0.email,u1_0.first_name,u1_0.last_name,u1_0.password,u1_0.phone,u1_0.role from users u1_0 where u1_0.email=?
Hibernate: select u1_0.id,u1_0.email,u1_0.first_name,u1_0.last_name,u1_0.password,u1_0.phone,u1_0.role from users u1_0 where u1_0.email=?
Hibernate: select u1_0.id,u1_0.email,u1_0.first_name,u1_0.last_name,u1_0.password,u1_0.phone,u1_0.role from users u1_0 where u1_0.email=?
Hibernate: select spp1_0.id,spp1_0.current_latitude,spp1_0.current_longitude,spp1_0.experience_years,spp1_0.hourly_rate,spp1_0.is_available,spp1_0.is_online,spp1_0.kyc_document_ref,spp1_0.kyc_status,spp1_0.last_location_update,spp1_0.smart_service_score,spp1_0.total_reviews,spp1_0.user_id from partner_profiles spp1_0 where spp1_0.user_id=?
Hibernate: select spp1_0.id,spp1_0.current_latitude,spp1_0.current_longitude,spp1_0.experience_years,spp1_0.hourly_rate,spp1_0.is_available,spp1_0.is_online,spp1_0.kyc_document_ref,spp1_0.kyc_status,spp1_0.last_location_update,spp1_0.smart_service_score,spp1_0.total_reviews,spp1_0.user_id from partner_profiles spp1_0 where spp1_0.user_id=?
Hibernate: select spp1_0.id,spp1_0.current_latitude,spp1_0.current_longitude,spp1_0.experience_years,spp1_0.hourly_rate,spp1_0.is_available,spp1_0.is_online,spp1_0.kyc_document_ref,spp1_0.kyc_status,spp1_0.last_location_update,spp1_0.smart_service_score,spp1_0.total_reviews,spp1_0.user_id from partner_profiles spp1_0 where spp1_0.user_id=?
Hibernate: select spp1_0.id,spp1_0.current_latitude,spp1_0.current_longitude,spp1_0.experience_years,spp1_0.hourly_rate,spp1_0.is_available,spp1_0.is_online,spp1_0.kyc_document_ref,spp1_0.kyc_status,spp1_0.last_location_update,spp1_0.smart_service_score,spp1_0.total_reviews,spp1_0.user_id from partner_profiles spp1_0 where spp1_0.user_id=?
Hibernate: select spp1_0.id,spp1_0.current_latitude,spp1_0.current_longitude,spp1_0.experience_years,spp1_0.hourly_rate,spp1_0.is_available,spp1_0.is_online,spp1_0.kyc_document_ref,spp1_0.kyc_status,spp1_0.last_location_update,spp1_0.smart_service_score,spp1_0.total_reviews,spp1_0.user_id from partner_profiles spp1_0 where spp1_0.user_id=?
Hibernate: select spp1_0.id,spp1_0.current_latitude,spp1_0.current_longitude,spp1_0.experience_years,spp1_0.hourly_rate,spp1_0.is_available,spp1_0.is_online,spp1_0.kyc_document_ref,spp1_0.kyc_status,spp1_0.last_location_update,spp1_0.smart_service_score,spp1_0.total_reviews,spp1_0.user_id from partner_profiles spp1_0 where spp1_0.user_id=?
Hibernate: update partner_profiles set current_latitude=?,current_longitude=?,experience_years=?,hourly_rate=?,is_available=?,is_online=?,kyc_document_ref=?,kyc_status=?,last_location_update=?,smart_service_score=?,total_reviews=?,user_id=? where id=?
Hibernate: update partner_profiles set current_latitude=?,current_longitude=?,experience_years=?,hourly_rate=?,is_available=?,is_online=?,kyc_document_ref=?,kyc_status=?,last_location_update=?,smart_service_score=?,total_reviews=?,user_id=? where id=?
Hibernate: update partner_profiles set current_latitude=?,current_longitude=?,experience_years=?,hourly_rate=?,is_available=?,is_online=?,kyc_document_ref=?,kyc_status=?,last_location_update=?,smart_service_score=?,total_reviews=?,user_id=? where id=?
Hibernate: update partner_profiles set current_latitude=?,current_longitude=?,experience_years=?,hourly_rate=?,is_available=?,is_online=?,kyc_document_ref=?,kyc_status=?,last_location_update=?,smart_service_score=?,total_reviews=?,user_id=? where id=?
2026-08-18T01:29:25.674+05:30  INFO 22332 --- [fixmate-backend] [nio-8081-exec-2] com.fixmate.service.LiveNearbyService    : Partner 35 changed state — refreshing 1 live stream(s)
Hibernate: select sc1_0.id,sc1_0.description,sc1_0.icon_url,sc1_0.is_active,sc1_0.name from service_categories sc1_0 where sc1_0.id=?
2026-08-18T01:29:25.678+05:30  INFO 22332 --- [fixmate-backend] [nio-8081-exec-1] com.fixmate.service.LiveNearbyService    : Partner 35 changed state — refreshing 1 live stream(s)
2026-08-18T01:29:25.679+05:30  INFO 22332 --- [fixmate-backend] [nio-8081-exec-9] com.fixmate.service.LiveNearbyService    : Partner 35 changed state — refreshing 1 live stream(s)
Hibernate: select sc1_0.id,sc1_0.description,sc1_0.icon_url,sc1_0.is_active,sc1_0.name from service_categories sc1_0 where sc1_0.id=?
Hibernate: select sc1_0.id,sc1_0.description,sc1_0.icon_url,sc1_0.is_active,sc1_0.name from service_categories sc1_0 where sc1_0.id=?
2026-08-18T01:29:25.683+05:30  INFO 22332 --- [fixmate-backend] [io-8081-exec-10] com.fixmate.service.LiveNearbyService    : Partner 35 changed state — refreshing 1 live stream(s)
Hibernate: select distinct spp1_0.id,spp1_0.current_latitude,spp1_0.current_longitude,spp1_0.experience_years,spp1_0.hourly_rate,spp1_0.is_available,spp1_0.is_online,spp1_0.kyc_document_ref,spp1_0.kyc_status,spp1_0.last_location_update,spp1_0.smart_service_score,spp1_0.total_reviews,spp1_0.user_id from partner_profiles spp1_0 join partner_skills s1_0 on spp1_0.id=s1_0.profile_id where lower(trim(BOTH from s1_0.skill))=lower(trim(BOTH from ?)) and spp1_0.kyc_status='APPROVED' and spp1_0.is_online=1 and spp1_0.is_available=1 and spp1_0.current_latitude is not null and spp1_0.current_longitude is not null and spp1_0.last_location_update is not null and spp1_0.last_location_update>=?
Hibernate: select sc1_0.id,sc1_0.description,sc1_0.icon_url,sc1_0.is_active,sc1_0.name from service_categories sc1_0 where sc1_0.id=?
Hibernate: select u1_0.id,u1_0.email,u1_0.first_name,u1_0.last_name,u1_0.password,u1_0.phone,u1_0.role from users u1_0 where u1_0.id=?
Hibernate: select distinct spp1_0.id,spp1_0.current_latitude,spp1_0.current_longitude,spp1_0.experience_years,spp1_0.hourly_rate,spp1_0.is_available,spp1_0.is_online,spp1_0.kyc_document_ref,spp1_0.kyc_status,spp1_0.last_location_update,spp1_0.smart_service_score,spp1_0.total_reviews,spp1_0.user_id from partner_profiles spp1_0 join partner_skills s1_0 on spp1_0.id=s1_0.profile_id where lower(trim(BOTH from s1_0.skill))=lower(trim(BOTH from ?)) and spp1_0.kyc_status='APPROVED' and spp1_0.is_online=1 and spp1_0.is_available=1 and spp1_0.current_latitude is not null and spp1_0.current_longitude is not null and spp1_0.last_location_update is not null and spp1_0.last_location_update>=?
Hibernate: select distinct spp1_0.id,spp1_0.current_latitude,spp1_0.current_longitude,spp1_0.experience_years,spp1_0.hourly_rate,spp1_0.is_available,spp1_0.is_online,spp1_0.kyc_document_ref,spp1_0.kyc_status,spp1_0.last_location_update,spp1_0.smart_service_score,spp1_0.total_reviews,spp1_0.user_id from partner_profiles spp1_0 join partner_skills s1_0 on spp1_0.id=s1_0.profile_id where lower(trim(BOTH from s1_0.skill))=lower(trim(BOTH from ?)) and spp1_0.kyc_status='APPROVED' and spp1_0.is_online=1 and spp1_0.is_available=1 and spp1_0.current_latitude is not null and spp1_0.current_longitude is not null and spp1_0.last_location_update is not null and spp1_0.last_location_update>=?
Hibernate: select s1_0.profile_id,s1_0.skill from partner_skills s1_0 where s1_0.profile_id=?
Hibernate: select u1_0.id,u1_0.email,u1_0.first_name,u1_0.last_name,u1_0.password,u1_0.phone,u1_0.role from users u1_0 where u1_0.id=?
Hibernate: select u1_0.id,u1_0.email,u1_0.first_name,u1_0.last_name,u1_0.password,u1_0.phone,u1_0.role from users u1_0 where u1_0.id=?
Hibernate: select distinct spp1_0.id,spp1_0.current_latitude,spp1_0.current_longitude,spp1_0.experience_years,spp1_0.hourly_rate,spp1_0.is_available,spp1_0.is_online,spp1_0.kyc_document_ref,spp1_0.kyc_status,spp1_0.last_location_update,spp1_0.smart_service_score,spp1_0.total_reviews,spp1_0.user_id from partner_profiles spp1_0 join partner_skills s1_0 on spp1_0.id=s1_0.profile_id where lower(trim(BOTH from s1_0.skill))=lower(trim(BOTH from ?)) and spp1_0.kyc_status='APPROVED' and spp1_0.is_online=1 and spp1_0.is_available=1 and spp1_0.current_latitude is not null and spp1_0.current_longitude is not null and spp1_0.last_location_update is not null and spp1_0.last_location_update>=?
Hibernate: select s1_0.profile_id,s1_0.skill from partner_skills s1_0 where s1_0.profile_id=?
Hibernate: select u1_0.id,u1_0.email,u1_0.first_name,u1_0.last_name,u1_0.password,u1_0.phone,u1_0.role from users u1_0 where u1_0.id=?
Hibernate: select s1_0.profile_id,s1_0.skill from partner_skills s1_0 where s1_0.profile_id=?
Hibernate: update partner_profiles set current_latitude=?,current_longitude=?,experience_years=?,hourly_rate=?,is_available=?,is_online=?,kyc_document_ref=?,kyc_status=?,last_location_update=?,smart_service_score=?,total_reviews=?,user_id=? where id=?
Hibernate: select s1_0.profile_id,s1_0.skill from partner_skills s1_0 where s1_0.profile_id=?
Hibernate: update partner_profiles set current_latitude=?,current_longitude=?,experience_years=?,hourly_rate=?,is_available=?,is_online=?,kyc_document_ref=?,kyc_status=?,last_location_update=?,smart_service_score=?,total_reviews=?,user_id=? where id=?
2026-08-18T01:29:25.713+05:30  INFO 22332 --- [fixmate-backend] [nio-8081-exec-3] com.fixmate.service.LiveNearbyService    : Partner 35 changed state — refreshing 1 live stream(s)
Hibernate: select sc1_0.id,sc1_0.description,sc1_0.icon_url,sc1_0.is_active,sc1_0.name from service_categories sc1_0 where sc1_0.id=?
2026-08-18T01:29:25.719+05:30  INFO 22332 --- [fixmate-backend] [nio-8081-exec-8] com.fixmate.service.LiveNearbyService    : Partner 35 changed state — refreshing 1 live stream(s)
Hibernate: select sc1_0.id,sc1_0.description,sc1_0.icon_url,sc1_0.is_active,sc1_0.name from service_categories sc1_0 where sc1_0.id=?
Hibernate: select distinct spp1_0.id,spp1_0.current_latitude,spp1_0.current_longitude,spp1_0.experience_years,spp1_0.hourly_rate,spp1_0.is_available,spp1_0.is_online,spp1_0.kyc_document_ref,spp1_0.kyc_status,spp1_0.last_location_update,spp1_0.smart_service_score,spp1_0.total_reviews,spp1_0.user_id from partner_profiles spp1_0 join partner_skills s1_0 on spp1_0.id=s1_0.profile_id where lower(trim(BOTH from s1_0.skill))=lower(trim(BOTH from ?)) and spp1_0.kyc_status='APPROVED' and spp1_0.is_online=1 and spp1_0.is_available=1 and spp1_0.current_latitude is not null and spp1_0.current_longitude is not null and spp1_0.last_location_update is not null and spp1_0.last_location_update>=?
Hibernate: select u1_0.id,u1_0.email,u1_0.first_name,u1_0.last_name,u1_0.password,u1_0.phone,u1_0.role from users u1_0 where u1_0.id=?
Hibernate: select distinct spp1_0.id,spp1_0.current_latitude,spp1_0.current_longitude,spp1_0.experience_years,spp1_0.hourly_rate,spp1_0.is_available,spp1_0.is_online,spp1_0.kyc_document_ref,spp1_0.kyc_status,spp1_0.last_location_update,spp1_0.smart_service_score,spp1_0.total_reviews,spp1_0.user_id from partner_profiles spp1_0 join partner_skills s1_0 on spp1_0.id=s1_0.profile_id where lower(trim(BOTH from s1_0.skill))=lower(trim(BOTH from ?)) and spp1_0.kyc_status='APPROVED' and spp1_0.is_online=1 and spp1_0.is_available=1 and spp1_0.current_latitude is not null and spp1_0.current_longitude is not null and spp1_0.last_location_update is not null and spp1_0.last_location_update>=?
Hibernate: select s1_0.profile_id,s1_0.skill from partner_skills s1_0 where s1_0.profile_id=?
Hibernate: select u1_0.id,u1_0.email,u1_0.first_name,u1_0.last_name,u1_0.password,u1_0.phone,u1_0.role from users u1_0 where u1_0.id=?
Hibernate: select s1_0.profile_id,s1_0.skill from partner_skills s1_0 where s1_0.profile_id=?
Hibernate: select u1_0.id,u1_0.email,u1_0.first_name,u1_0.last_name,u1_0.password,u1_0.phone,u1_0.role from users u1_0 where u1_0.email=?
Hibernate: select u1_0.id,u1_0.email,u1_0.first_name,u1_0.last_name,u1_0.password,u1_0.phone,u1_0.role from users u1_0 where u1_0.email=?
Hibernate: select u1_0.id,u1_0.email,u1_0.first_name,u1_0.last_name,u1_0.password,u1_0.phone,u1_0.role from users u1_0 where u1_0.email=?
Hibernate: select u1_0.id,u1_0.email,u1_0.first_name,u1_0.last_name,u1_0.password,u1_0.phone,u1_0.role from users u1_0 where u1_0.email=?
Hibernate: select u1_0.id,u1_0.email,u1_0.first_name,u1_0.last_name,u1_0.password,u1_0.phone,u1_0.role from users u1_0 where u1_0.email=?
Hibernate: select u1_0.id,u1_0.email,u1_0.first_name,u1_0.last_name,u1_0.password,u1_0.phone,u1_0.role from users u1_0 where u1_0.email=?
Hibernate: select spp1_0.id,spp1_0.current_latitude,spp1_0.current_longitude,spp1_0.experience_years,spp1_0.hourly_rate,spp1_0.is_available,spp1_0.is_online,spp1_0.kyc_document_ref,spp1_0.kyc_status,spp1_0.last_location_update,spp1_0.smart_service_score,spp1_0.total_reviews,spp1_0.user_id from partner_profiles spp1_0 where spp1_0.user_id=?
Hibernate: select spp1_0.id,spp1_0.current_latitude,spp1_0.current_longitude,spp1_0.experience_years,spp1_0.hourly_rate,spp1_0.is_available,spp1_0.is_online,spp1_0.kyc_document_ref,spp1_0.kyc_status,spp1_0.last_location_update,spp1_0.smart_service_score,spp1_0.total_reviews,spp1_0.user_id from partner_profiles spp1_0 where spp1_0.user_id=?
Hibernate: update partner_profiles set current_latitude=?,current_longitude=?,experience_years=?,hourly_rate=?,is_available=?,is_online=?,kyc_document_ref=?,kyc_status=?,last_location_update=?,smart_service_score=?,total_reviews=?,user_id=? where id=?
Hibernate: select spp1_0.id,spp1_0.current_latitude,spp1_0.current_longitude,spp1_0.experience_years,spp1_0.hourly_rate,spp1_0.is_available,spp1_0.is_online,spp1_0.kyc_document_ref,spp1_0.kyc_status,spp1_0.last_location_update,spp1_0.smart_service_score,spp1_0.total_reviews,spp1_0.user_id from partner_profiles spp1_0 where spp1_0.user_id=?
Hibernate: select spp1_0.id,spp1_0.current_latitude,spp1_0.current_longitude,spp1_0.experience_years,spp1_0.hourly_rate,spp1_0.is_available,spp1_0.is_online,spp1_0.kyc_document_ref,spp1_0.kyc_status,spp1_0.last_location_update,spp1_0.smart_service_score,spp1_0.total_reviews,spp1_0.user_id from partner_profiles spp1_0 where spp1_0.user_id=?
Hibernate: select spp1_0.id,spp1_0.current_latitude,spp1_0.current_longitude,spp1_0.experience_years,spp1_0.hourly_rate,spp1_0.is_available,spp1_0.is_online,spp1_0.kyc_document_ref,spp1_0.kyc_status,spp1_0.last_location_update,spp1_0.smart_service_score,spp1_0.total_reviews,spp1_0.user_id from partner_profiles spp1_0 where spp1_0.user_id=?
Hibernate: update partner_profiles set current_latitude=?,current_longitude=?,experience_years=?,hourly_rate=?,is_available=?,is_online=?,kyc_document_ref=?,kyc_status=?,last_location_update=?,smart_service_score=?,total_reviews=?,user_id=? where id=?
Hibernate: select spp1_0.id,spp1_0.current_latitude,spp1_0.current_longitude,spp1_0.experience_years,spp1_0.hourly_rate,spp1_0.is_available,spp1_0.is_online,spp1_0.kyc_document_ref,spp1_0.kyc_status,spp1_0.last_location_update,spp1_0.smart_service_score,spp1_0.total_reviews,spp1_0.user_id from partner_profiles spp1_0 where spp1_0.user_id=?
Hibernate: update partner_profiles set current_latitude=?,current_longitude=?,experience_years=?,hourly_rate=?,is_available=?,is_online=?,kyc_document_ref=?,kyc_status=?,last_location_update=?,smart_service_score=?,total_reviews=?,user_id=? where id=?
Hibernate: update partner_profiles set current_latitude=?,current_longitude=?,experience_years=?,hourly_rate=?,is_available=?,is_online=?,kyc_document_ref=?,kyc_status=?,last_location_update=?,smart_service_score=?,total_reviews=?,user_id=? where id=?
2026-08-18T01:30:25.728+05:30  INFO 22332 --- [fixmate-backend] [nio-8081-exec-5] com.fixmate.service.LiveNearbyService    : Partner 35 changed state — refreshing 1 live stream(s)
Hibernate: select sc1_0.id,sc1_0.description,sc1_0.icon_url,sc1_0.is_active,sc1_0.name from service_categories sc1_0 where sc1_0.id=?
2026-08-18T01:30:25.738+05:30  INFO 22332 --- [fixmate-backend] [nio-8081-exec-4] com.fixmate.service.LiveNearbyService    : Partner 35 changed state — refreshing 1 live stream(s)
Hibernate: select sc1_0.id,sc1_0.description,sc1_0.icon_url,sc1_0.is_active,sc1_0.name from service_categories sc1_0 where sc1_0.id=?
2026-08-18T01:30:25.746+05:30  INFO 22332 --- [fixmate-backend] [nio-8081-exec-6] com.fixmate.service.LiveNearbyService    : Partner 35 changed state — refreshing 1 live stream(s)
Hibernate: select distinct spp1_0.id,spp1_0.current_latitude,spp1_0.current_longitude,spp1_0.experience_years,spp1_0.hourly_rate,spp1_0.is_available,spp1_0.is_online,spp1_0.kyc_document_ref,spp1_0.kyc_status,spp1_0.last_location_update,spp1_0.smart_service_score,spp1_0.total_reviews,spp1_0.user_id from partner_profiles spp1_0 join partner_skills s1_0 on spp1_0.id=s1_0.profile_id where lower(trim(BOTH from s1_0.skill))=lower(trim(BOTH from ?)) and spp1_0.kyc_status='APPROVED' and spp1_0.is_online=1 and spp1_0.is_available=1 and spp1_0.current_latitude is not null and spp1_0.current_longitude is not null and spp1_0.last_location_update is not null and spp1_0.last_location_update>=?
2026-08-18T01:30:25.747+05:30  INFO 22332 --- [fixmate-backend] [nio-8081-exec-2] com.fixmate.service.LiveNearbyService    : Partner 35 changed state — refreshing 1 live stream(s)
Hibernate: select sc1_0.id,sc1_0.description,sc1_0.icon_url,sc1_0.is_active,sc1_0.name from service_categories sc1_0 where sc1_0.id=?
Hibernate: select u1_0.id,u1_0.email,u1_0.first_name,u1_0.last_name,u1_0.password,u1_0.phone,u1_0.role from users u1_0 where u1_0.id=?
Hibernate: select sc1_0.id,sc1_0.description,sc1_0.icon_url,sc1_0.is_active,sc1_0.name from service_categories sc1_0 where sc1_0.id=?
Hibernate: select s1_0.profile_id,s1_0.skill from partner_skills s1_0 where s1_0.profile_id=?
Hibernate: select distinct spp1_0.id,spp1_0.current_latitude,spp1_0.current_longitude,spp1_0.experience_years,spp1_0.hourly_rate,spp1_0.is_available,spp1_0.is_online,spp1_0.kyc_document_ref,spp1_0.kyc_status,spp1_0.last_location_update,spp1_0.smart_service_score,spp1_0.total_reviews,spp1_0.user_id from partner_profiles spp1_0 join partner_skills s1_0 on spp1_0.id=s1_0.profile_id where lower(trim(BOTH from s1_0.skill))=lower(trim(BOTH from ?)) and spp1_0.kyc_status='APPROVED' and spp1_0.is_online=1 and spp1_0.is_available=1 and spp1_0.current_latitude is not null and spp1_0.current_longitude is not null and spp1_0.last_location_update is not null and spp1_0.last_location_update>=?
Hibernate: select distinct spp1_0.id,spp1_0.current_latitude,spp1_0.current_longitude,spp1_0.experience_years,spp1_0.hourly_rate,spp1_0.is_available,spp1_0.is_online,spp1_0.kyc_document_ref,spp1_0.kyc_status,spp1_0.last_location_update,spp1_0.smart_service_score,spp1_0.total_reviews,spp1_0.user_id from partner_profiles spp1_0 join partner_skills s1_0 on spp1_0.id=s1_0.profile_id where lower(trim(BOTH from s1_0.skill))=lower(trim(BOTH from ?)) and spp1_0.kyc_status='APPROVED' and spp1_0.is_online=1 and spp1_0.is_available=1 and spp1_0.current_latitude is not null and spp1_0.current_longitude is not null and spp1_0.last_location_update is not null and spp1_0.last_location_update>=?
Hibernate: select u1_0.id,u1_0.email,u1_0.first_name,u1_0.last_name,u1_0.password,u1_0.phone,u1_0.role from users u1_0 where u1_0.id=?
Hibernate: select s1_0.profile_id,s1_0.skill from partner_skills s1_0 where s1_0.profile_id=?
Hibernate: select u1_0.id,u1_0.email,u1_0.first_name,u1_0.last_name,u1_0.password,u1_0.phone,u1_0.role from users u1_0 where u1_0.id=?
Hibernate: select distinct spp1_0.id,spp1_0.current_latitude,spp1_0.current_longitude,spp1_0.experience_years,spp1_0.hourly_rate,spp1_0.is_available,spp1_0.is_online,spp1_0.kyc_document_ref,spp1_0.kyc_status,spp1_0.last_location_update,spp1_0.smart_service_score,spp1_0.total_reviews,spp1_0.user_id from partner_profiles spp1_0 join partner_skills s1_0 on spp1_0.id=s1_0.profile_id where lower(trim(BOTH from s1_0.skill))=lower(trim(BOTH from ?)) and spp1_0.kyc_status='APPROVED' and spp1_0.is_online=1 and spp1_0.is_available=1 and spp1_0.current_latitude is not null and spp1_0.current_longitude is not null and spp1_0.last_location_update is not null and spp1_0.last_location_update>=?
Hibernate: update partner_profiles set current_latitude=?,current_longitude=?,experience_years=?,hourly_rate=?,is_available=?,is_online=?,kyc_document_ref=?,kyc_status=?,last_location_update=?,smart_service_score=?,total_reviews=?,user_id=? where id=?
Hibernate: select s1_0.profile_id,s1_0.skill from partner_skills s1_0 where s1_0.profile_id=?
Hibernate: select u1_0.id,u1_0.email,u1_0.first_name,u1_0.last_name,u1_0.password,u1_0.phone,u1_0.role from users u1_0 where u1_0.id=?
Hibernate: select s1_0.profile_id,s1_0.skill from partner_skills s1_0 where s1_0.profile_id=?
2026-08-18T01:30:25.796+05:30  INFO 22332 --- [fixmate-backend] [nio-8081-exec-1] com.fixmate.service.LiveNearbyService    : Partner 35 changed state — refreshing 1 live stream(s)
Hibernate: update partner_profiles set current_latitude=?,current_longitude=?,experience_years=?,hourly_rate=?,is_available=?,is_online=?,kyc_document_ref=?,kyc_status=?,last_location_update=?,smart_service_score=?,total_reviews=?,user_id=? where id=?
Hibernate: select sc1_0.id,sc1_0.description,sc1_0.icon_url,sc1_0.is_active,sc1_0.name from service_categories sc1_0 where sc1_0.id=?
2026-08-18T01:30:25.812+05:30  INFO 22332 --- [fixmate-backend] [nio-8081-exec-7] com.fixmate.service.LiveNearbyService    : Partner 35 changed state — refreshing 1 live stream(s)
Hibernate: select sc1_0.id,sc1_0.description,sc1_0.icon_url,sc1_0.is_active,sc1_0.name from service_categories sc1_0 where sc1_0.id=?
Hibernate: select distinct spp1_0.id,spp1_0.current_latitude,spp1_0.current_longitude,spp1_0.experience_years,spp1_0.hourly_rate,spp1_0.is_available,spp1_0.is_online,spp1_0.kyc_document_ref,spp1_0.kyc_status,spp1_0.last_location_update,spp1_0.smart_service_score,spp1_0.total_reviews,spp1_0.user_id from partner_profiles spp1_0 join partner_skills s1_0 on spp1_0.id=s1_0.profile_id where lower(trim(BOTH from s1_0.skill))=lower(trim(BOTH from ?)) and spp1_0.kyc_status='APPROVED' and spp1_0.is_online=1 and spp1_0.is_available=1 and spp1_0.current_latitude is not null and spp1_0.current_longitude is not null and spp1_0.last_location_update is not null and spp1_0.last_location_update>=?
Hibernate: select u1_0.id,u1_0.email,u1_0.first_name,u1_0.last_name,u1_0.password,u1_0.phone,u1_0.role from users u1_0 where u1_0.id=?
Hibernate: select distinct spp1_0.id,spp1_0.current_latitude,spp1_0.current_longitude,spp1_0.experience_years,spp1_0.hourly_rate,spp1_0.is_available,spp1_0.is_online,spp1_0.kyc_document_ref,spp1_0.kyc_status,spp1_0.last_location_update,spp1_0.smart_service_score,spp1_0.total_reviews,spp1_0.user_id from partner_profiles spp1_0 join partner_skills s1_0 on spp1_0.id=s1_0.profile_id where lower(trim(BOTH from s1_0.skill))=lower(trim(BOTH from ?)) and spp1_0.kyc_status='APPROVED' and spp1_0.is_online=1 and spp1_0.is_available=1 and spp1_0.current_latitude is not null and spp1_0.current_longitude is not null and spp1_0.last_location_update is not null and spp1_0.last_location_update>=?
Hibernate: select s1_0.profile_id,s1_0.skill from partner_skills s1_0 where s1_0.profile_id=?
Hibernate: select u1_0.id,u1_0.email,u1_0.first_name,u1_0.last_name,u1_0.password,u1_0.phone,u1_0.role from users u1_0 where u1_0.id=?
Hibernate: select s1_0.profile_id,s1_0.skill from partner_skills s1_0 where s1_0.profile_id=?
Hibernate: select u1_0.id,u1_0.email,u1_0.first_name,u1_0.last_name,u1_0.password,u1_0.phone,u1_0.role from users u1_0 where u1_0.email=?
Hibernate: select u1_0.id,u1_0.email,u1_0.first_name,u1_0.last_name,u1_0.password,u1_0.phone,u1_0.role from users u1_0 where u1_0.email=?
Hibernate: select u1_0.id,u1_0.email,u1_0.first_name,u1_0.last_name,u1_0.password,u1_0.phone,u1_0.role from users u1_0 where u1_0.email=?
Hibernate: select u1_0.id,u1_0.email,u1_0.first_name,u1_0.last_name,u1_0.password,u1_0.phone,u1_0.role from users u1_0 where u1_0.email=?
Hibernate: select u1_0.id,u1_0.email,u1_0.first_name,u1_0.last_name,u1_0.password,u1_0.phone,u1_0.role from users u1_0 where u1_0.email=?
Hibernate: select u1_0.id,u1_0.email,u1_0.first_name,u1_0.last_name,u1_0.password,u1_0.phone,u1_0.role from users u1_0 where u1_0.email=?
Hibernate: select spp1_0.id,spp1_0.current_latitude,spp1_0.current_longitude,spp1_0.experience_years,spp1_0.hourly_rate,spp1_0.is_available,spp1_0.is_online,spp1_0.kyc_document_ref,spp1_0.kyc_status,spp1_0.last_location_update,spp1_0.smart_service_score,spp1_0.total_reviews,spp1_0.user_id from partner_profiles spp1_0 where spp1_0.user_id=?
Hibernate: select spp1_0.id,spp1_0.current_latitude,spp1_0.current_longitude,spp1_0.experience_years,spp1_0.hourly_rate,spp1_0.is_available,spp1_0.is_online,spp1_0.kyc_document_ref,spp1_0.kyc_status,spp1_0.last_location_update,spp1_0.smart_service_score,spp1_0.total_reviews,spp1_0.user_id from partner_profiles spp1_0 where spp1_0.user_id=?
Hibernate: select spp1_0.id,spp1_0.current_latitude,spp1_0.current_longitude,spp1_0.experience_years,spp1_0.hourly_rate,spp1_0.is_available,spp1_0.is_online,spp1_0.kyc_document_ref,spp1_0.kyc_status,spp1_0.last_location_update,spp1_0.smart_service_score,spp1_0.total_reviews,spp1_0.user_id from partner_profiles spp1_0 where spp1_0.user_id=?
Hibernate: select spp1_0.id,spp1_0.current_latitude,spp1_0.current_longitude,spp1_0.experience_years,spp1_0.hourly_rate,spp1_0.is_available,spp1_0.is_online,spp1_0.kyc_document_ref,spp1_0.kyc_status,spp1_0.last_location_update,spp1_0.smart_service_score,spp1_0.total_reviews,spp1_0.user_id from partner_profiles spp1_0 where spp1_0.user_id=?
Hibernate: select spp1_0.id,spp1_0.current_latitude,spp1_0.current_longitude,spp1_0.experience_years,spp1_0.hourly_rate,spp1_0.is_available,spp1_0.is_online,spp1_0.kyc_document_ref,spp1_0.kyc_status,spp1_0.last_location_update,spp1_0.smart_service_score,spp1_0.total_reviews,spp1_0.user_id from partner_profiles spp1_0 where spp1_0.user_id=?
Hibernate: update partner_profiles set current_latitude=?,current_longitude=?,experience_years=?,hourly_rate=?,is_available=?,is_online=?,kyc_document_ref=?,kyc_status=?,last_location_update=?,smart_service_score=?,total_reviews=?,user_id=? where id=?
Hibernate: select spp1_0.id,spp1_0.current_latitude,spp1_0.current_longitude,spp1_0.experience_years,spp1_0.hourly_rate,spp1_0.is_available,spp1_0.is_online,spp1_0.kyc_document_ref,spp1_0.kyc_status,spp1_0.last_location_update,spp1_0.smart_service_score,spp1_0.total_reviews,spp1_0.user_id from partner_profiles spp1_0 where spp1_0.user_id=?
Hibernate: update partner_profiles set current_latitude=?,current_longitude=?,experience_years=?,hourly_rate=?,is_available=?,is_online=?,kyc_document_ref=?,kyc_status=?,last_location_update=?,smart_service_score=?,total_reviews=?,user_id=? where id=?
Hibernate: update partner_profiles set current_latitude=?,current_longitude=?,experience_years=?,hourly_rate=?,is_available=?,is_online=?,kyc_document_ref=?,kyc_status=?,last_location_update=?,smart_service_score=?,total_reviews=?,user_id=? where id=?
Hibernate: update partner_profiles set current_latitude=?,current_longitude=?,experience_years=?,hourly_rate=?,is_available=?,is_online=?,kyc_document_ref=?,kyc_status=?,last_location_update=?,smart_service_score=?,total_reviews=?,user_id=? where id=?
2026-08-18T01:31:25.673+05:30  INFO 22332 --- [fixmate-backend] [nio-8081-exec-8] com.fixmate.service.LiveNearbyService    : Partner 35 changed state — refreshing 1 live stream(s)
2026-08-18T01:31:25.674+05:30  INFO 22332 --- [fixmate-backend] [nio-8081-exec-9] com.fixmate.service.LiveNearbyService    : Partner 35 changed state — refreshing 1 live stream(s)
Hibernate: select sc1_0.id,sc1_0.description,sc1_0.icon_url,sc1_0.is_active,sc1_0.name from service_categories sc1_0 where sc1_0.id=?
Hibernate: select sc1_0.id,sc1_0.description,sc1_0.icon_url,sc1_0.is_active,sc1_0.name from service_categories sc1_0 where sc1_0.id=?
2026-08-18T01:31:25.682+05:30  INFO 22332 --- [fixmate-backend] [nio-8081-exec-5] com.fixmate.service.LiveNearbyService    : Partner 35 changed state — refreshing 1 live stream(s)
Hibernate: select sc1_0.id,sc1_0.description,sc1_0.icon_url,sc1_0.is_active,sc1_0.name from service_categories sc1_0 where sc1_0.id=?
Hibernate: select distinct spp1_0.id,spp1_0.current_latitude,spp1_0.current_longitude,spp1_0.experience_years,spp1_0.hourly_rate,spp1_0.is_available,spp1_0.is_online,spp1_0.kyc_document_ref,spp1_0.kyc_status,spp1_0.last_location_update,spp1_0.smart_service_score,spp1_0.total_reviews,spp1_0.user_id from partner_profiles spp1_0 join partner_skills s1_0 on spp1_0.id=s1_0.profile_id where lower(trim(BOTH from s1_0.skill))=lower(trim(BOTH from ?)) and spp1_0.kyc_status='APPROVED' and spp1_0.is_online=1 and spp1_0.is_available=1 and spp1_0.current_latitude is not null and spp1_0.current_longitude is not null and spp1_0.last_location_update is not null and spp1_0.last_location_update>=?
Hibernate: select distinct spp1_0.id,spp1_0.current_latitude,spp1_0.current_longitude,spp1_0.experience_years,spp1_0.hourly_rate,spp1_0.is_available,spp1_0.is_online,spp1_0.kyc_document_ref,spp1_0.kyc_status,spp1_0.last_location_update,spp1_0.smart_service_score,spp1_0.total_reviews,spp1_0.user_id from partner_profiles spp1_0 join partner_skills s1_0 on spp1_0.id=s1_0.profile_id where lower(trim(BOTH from s1_0.skill))=lower(trim(BOTH from ?)) and spp1_0.kyc_status='APPROVED' and spp1_0.is_online=1 and spp1_0.is_available=1 and spp1_0.current_latitude is not null and spp1_0.current_longitude is not null and spp1_0.last_location_update is not null and spp1_0.last_location_update>=?
2026-08-18T01:31:25.687+05:30  INFO 22332 --- [fixmate-backend] [io-8081-exec-10] com.fixmate.service.LiveNearbyService    : Partner 35 changed state — refreshing 1 live stream(s)
Hibernate: select u1_0.id,u1_0.email,u1_0.first_name,u1_0.last_name,u1_0.password,u1_0.phone,u1_0.role from users u1_0 where u1_0.id=?
Hibernate: select sc1_0.id,sc1_0.description,sc1_0.icon_url,sc1_0.is_active,sc1_0.name from service_categories sc1_0 where sc1_0.id=?
Hibernate: select u1_0.id,u1_0.email,u1_0.first_name,u1_0.last_name,u1_0.password,u1_0.phone,u1_0.role from users u1_0 where u1_0.id=?
Hibernate: select s1_0.profile_id,s1_0.skill from partner_skills s1_0 where s1_0.profile_id=?
Hibernate: select s1_0.profile_id,s1_0.skill from partner_skills s1_0 where s1_0.profile_id=?
Hibernate: select distinct spp1_0.id,spp1_0.current_latitude,spp1_0.current_longitude,spp1_0.experience_years,spp1_0.hourly_rate,spp1_0.is_available,spp1_0.is_online,spp1_0.kyc_document_ref,spp1_0.kyc_status,spp1_0.last_location_update,spp1_0.smart_service_score,spp1_0.total_reviews,spp1_0.user_id from partner_profiles spp1_0 join partner_skills s1_0 on spp1_0.id=s1_0.profile_id where lower(trim(BOTH from s1_0.skill))=lower(trim(BOTH from ?)) and spp1_0.kyc_status='APPROVED' and spp1_0.is_online=1 and spp1_0.is_available=1 and spp1_0.current_latitude is not null and spp1_0.current_longitude is not null and spp1_0.last_location_update is not null and spp1_0.last_location_update>=?
Hibernate: select distinct spp1_0.id,spp1_0.current_latitude,spp1_0.current_longitude,spp1_0.experience_years,spp1_0.hourly_rate,spp1_0.is_available,spp1_0.is_online,spp1_0.kyc_document_ref,spp1_0.kyc_status,spp1_0.last_location_update,spp1_0.smart_service_score,spp1_0.total_reviews,spp1_0.user_id from partner_profiles spp1_0 join partner_skills s1_0 on spp1_0.id=s1_0.profile_id where lower(trim(BOTH from s1_0.skill))=lower(trim(BOTH from ?)) and spp1_0.kyc_status='APPROVED' and spp1_0.is_online=1 and spp1_0.is_available=1 and spp1_0.current_latitude is not null and spp1_0.current_longitude is not null and spp1_0.last_location_update is not null and spp1_0.last_location_update>=?
Hibernate: select u1_0.id,u1_0.email,u1_0.first_name,u1_0.last_name,u1_0.password,u1_0.phone,u1_0.role from users u1_0 where u1_0.id=?
Hibernate: select u1_0.id,u1_0.email,u1_0.first_name,u1_0.last_name,u1_0.password,u1_0.phone,u1_0.role from users u1_0 where u1_0.id=?
Hibernate: select s1_0.profile_id,s1_0.skill from partner_skills s1_0 where s1_0.profile_id=?
Hibernate: update partner_profiles set current_latitude=?,current_longitude=?,experience_years=?,hourly_rate=?,is_available=?,is_online=?,kyc_document_ref=?,kyc_status=?,last_location_update=?,smart_service_score=?,total_reviews=?,user_id=? where id=?
Hibernate: update partner_profiles set current_latitude=?,current_longitude=?,experience_years=?,hourly_rate=?,is_available=?,is_online=?,kyc_document_ref=?,kyc_status=?,last_location_update=?,smart_service_score=?,total_reviews=?,user_id=? where id=?
Hibernate: select s1_0.profile_id,s1_0.skill from partner_skills s1_0 where s1_0.profile_id=?
2026-08-18T01:31:25.718+05:30  INFO 22332 --- [fixmate-backend] [nio-8081-exec-4] com.fixmate.service.LiveNearbyService    : Partner 35 changed state — refreshing 1 live stream(s)
Hibernate: select sc1_0.id,sc1_0.description,sc1_0.icon_url,sc1_0.is_active,sc1_0.name from service_categories sc1_0 where sc1_0.id=?
2026-08-18T01:31:25.723+05:30  INFO 22332 --- [fixmate-backend] [nio-8081-exec-3] com.fixmate.service.LiveNearbyService    : Partner 35 changed state — refreshing 1 live stream(s)
Hibernate: select sc1_0.id,sc1_0.description,sc1_0.icon_url,sc1_0.is_active,sc1_0.name from service_categories sc1_0 where sc1_0.id=?
Hibernate: select distinct spp1_0.id,spp1_0.current_latitude,spp1_0.current_longitude,spp1_0.experience_years,spp1_0.hourly_rate,spp1_0.is_available,spp1_0.is_online,spp1_0.kyc_document_ref,spp1_0.kyc_status,spp1_0.last_location_update,spp1_0.smart_service_score,spp1_0.total_reviews,spp1_0.user_id from partner_profiles spp1_0 join partner_skills s1_0 on spp1_0.id=s1_0.profile_id where lower(trim(BOTH from s1_0.skill))=lower(trim(BOTH from ?)) and spp1_0.kyc_status='APPROVED' and spp1_0.is_online=1 and spp1_0.is_available=1 and spp1_0.current_latitude is not null and spp1_0.current_longitude is not null and spp1_0.last_location_update is not null and spp1_0.last_location_update>=?
Hibernate: select distinct spp1_0.id,spp1_0.current_latitude,spp1_0.current_longitude,spp1_0.experience_years,spp1_0.hourly_rate,spp1_0.is_available,spp1_0.is_online,spp1_0.kyc_document_ref,spp1_0.kyc_status,spp1_0.last_location_update,spp1_0.smart_service_score,spp1_0.total_reviews,spp1_0.user_id from partner_profiles spp1_0 join partner_skills s1_0 on spp1_0.id=s1_0.profile_id where lower(trim(BOTH from s1_0.skill))=lower(trim(BOTH from ?)) and spp1_0.kyc_status='APPROVED' and spp1_0.is_online=1 and spp1_0.is_available=1 and spp1_0.current_latitude is not null and spp1_0.current_longitude is not null and spp1_0.last_location_update is not null and spp1_0.last_location_update>=?
Hibernate: select u1_0.id,u1_0.email,u1_0.first_name,u1_0.last_name,u1_0.password,u1_0.phone,u1_0.role from users u1_0 where u1_0.id=?
Hibernate: select s1_0.profile_id,s1_0.skill from partner_skills s1_0 where s1_0.profile_id=?
Hibernate: select u1_0.id,u1_0.email,u1_0.first_name,u1_0.last_name,u1_0.password,u1_0.phone,u1_0.role from users u1_0 where u1_0.id=?
Hibernate: select s1_0.profile_id,s1_0.skill from partner_skills s1_0 where s1_0.profile_id=?
2026-08-18T01:33:06.231+05:30  INFO 22332 --- [fixmate-backend] [trap-executor-0] c.n.d.s.r.aws.ConfigClusterResolver      : Resolving eureka endpoints via configuration
Hibernate: select u1_0.id,u1_0.email,u1_0.first_name,u1_0.last_name,u1_0.password,u1_0.phone,u1_0.role from users u1_0 where u1_0.email=?
Hibernate: insert into users (email,first_name,last_name,password,phone,role) values (?,?,?,?,?,?)
Hibernate: select u1_0.id,u1_0.email,u1_0.first_name,u1_0.last_name,u1_0.password,u1_0.phone,u1_0.role from users u1_0 where u1_0.email=?
Hibernate: select u1_0.id,u1_0.email,u1_0.first_name,u1_0.last_name,u1_0.password,u1_0.phone,u1_0.role from users u1_0 where u1_0.email=?
Hibernate: select u1_0.id,u1_0.email,u1_0.first_name,u1_0.last_name,u1_0.password,u1_0.phone,u1_0.role from users u1_0 where u1_0.email=?
Hibernate: select spp1_0.id,spp1_0.current_latitude,spp1_0.current_longitude,spp1_0.experience_years,spp1_0.hourly_rate,spp1_0.is_available,spp1_0.is_online,spp1_0.kyc_document_ref,spp1_0.kyc_status,spp1_0.last_location_update,spp1_0.smart_service_score,spp1_0.total_reviews,spp1_0.user_id from partner_profiles spp1_0 where spp1_0.user_id=?
Hibernate: insert into partner_profiles (current_latitude,current_longitude,experience_years,hourly_rate,is_available,is_online,kyc_document_ref,kyc_status,last_location_update,smart_service_score,total_reviews,user_id) values (?,?,?,?,?,?,?,?,?,?,?,?)
Hibernate: insert into partner_skills (profile_id,skill) values (?,?)
2026-08-18T01:36:14.994+05:30  INFO 22332 --- [fixmate-backend] [nio-8081-exec-2] com.fixmate.service.LiveNearbyService    : Partner 36 changed state — refreshing 1 live stream(s)
Hibernate: select sc1_0.id,sc1_0.description,sc1_0.icon_url,sc1_0.is_active,sc1_0.name from service_categories sc1_0 where sc1_0.id=?
Hibernate: select distinct spp1_0.id,spp1_0.current_latitude,spp1_0.current_longitude,spp1_0.experience_years,spp1_0.hourly_rate,spp1_0.is_available,spp1_0.is_online,spp1_0.kyc_document_ref,spp1_0.kyc_status,spp1_0.last_location_update,spp1_0.smart_service_score,spp1_0.total_reviews,spp1_0.user_id from partner_profiles spp1_0 join partner_skills s1_0 on spp1_0.id=s1_0.profile_id where lower(trim(BOTH from s1_0.skill))=lower(trim(BOTH from ?)) and spp1_0.kyc_status='APPROVED' and spp1_0.is_online=1 and spp1_0.is_available=1 and spp1_0.current_latitude is not null and spp1_0.current_longitude is not null and spp1_0.last_location_update is not null and spp1_0.last_location_update>=?
Hibernate: select u1_0.id,u1_0.email,u1_0.first_name,u1_0.last_name,u1_0.password,u1_0.phone,u1_0.role from users u1_0 where u1_0.id=?
Hibernate: select s1_0.profile_id,s1_0.skill from partner_skills s1_0 where s1_0.profile_id=?
Hibernate: select u1_0.id,u1_0.email,u1_0.first_name,u1_0.last_name,u1_0.password,u1_0.phone,u1_0.role from users u1_0 where u1_0.email=?
Hibernate: select spp1_0.id,spp1_0.current_latitude,spp1_0.current_longitude,spp1_0.experience_years,spp1_0.hourly_rate,spp1_0.is_available,spp1_0.is_online,spp1_0.kyc_document_ref,spp1_0.kyc_status,spp1_0.last_location_update,spp1_0.smart_service_score,spp1_0.total_reviews,spp1_0.user_id from partner_profiles spp1_0 where spp1_0.user_id=?
Hibernate: update partner_profiles set current_latitude=?,current_longitude=?,experience_years=?,hourly_rate=?,is_available=?,is_online=?,kyc_document_ref=?,kyc_status=?,last_location_update=?,smart_service_score=?,total_reviews=?,user_id=? where id=?
Hibernate: select s1_0.profile_id,s1_0.skill from partner_skills s1_0 where s1_0.profile_id=?
Hibernate: select u1_0.id,u1_0.email,u1_0.first_name,u1_0.last_name,u1_0.password,u1_0.phone,u1_0.role from users u1_0 where u1_0.email=?
Hibernate: select spp1_0.id,spp1_0.current_latitude,spp1_0.current_longitude,spp1_0.experience_years,spp1_0.hourly_rate,spp1_0.is_available,spp1_0.is_online,spp1_0.kyc_document_ref,spp1_0.kyc_status,spp1_0.last_location_update,spp1_0.smart_service_score,spp1_0.total_reviews,spp1_0.user_id from partner_profiles spp1_0 where spp1_0.user_id=?
Hibernate: update partner_profiles set current_latitude=?,current_longitude=?,experience_years=?,hourly_rate=?,is_available=?,is_online=?,kyc_document_ref=?,kyc_status=?,last_location_update=?,smart_service_score=?,total_reviews=?,user_id=? where id=?
2026-08-18T01:36:15.432+05:30  INFO 22332 --- [fixmate-backend] [nio-8081-exec-9] com.fixmate.service.LiveNearbyService    : Partner 36 changed state — refreshing 1 live stream(s)
Hibernate: select sc1_0.id,sc1_0.description,sc1_0.icon_url,sc1_0.is_active,sc1_0.name from service_categories sc1_0 where sc1_0.id=?
Hibernate: select distinct spp1_0.id,spp1_0.current_latitude,spp1_0.current_longitude,spp1_0.experience_years,spp1_0.hourly_rate,spp1_0.is_available,spp1_0.is_online,spp1_0.kyc_document_ref,spp1_0.kyc_status,spp1_0.last_location_update,spp1_0.smart_service_score,spp1_0.total_reviews,spp1_0.user_id from partner_profiles spp1_0 join partner_skills s1_0 on spp1_0.id=s1_0.profile_id where lower(trim(BOTH from s1_0.skill))=lower(trim(BOTH from ?)) and spp1_0.kyc_status='APPROVED' and spp1_0.is_online=1 and spp1_0.is_available=1 and spp1_0.current_latitude is not null and spp1_0.current_longitude is not null and spp1_0.last_location_update is not null and spp1_0.last_location_update>=?
Hibernate: select u1_0.id,u1_0.email,u1_0.first_name,u1_0.last_name,u1_0.password,u1_0.phone,u1_0.role from users u1_0 where u1_0.id=?
Hibernate: select s1_0.profile_id,s1_0.skill from partner_skills s1_0 where s1_0.profile_id=?
Hibernate: select s1_0.profile_id,s1_0.skill from partner_skills s1_0 where s1_0.profile_id=?
Hibernate: select u1_0.id,u1_0.email,u1_0.first_name,u1_0.last_name,u1_0.password,u1_0.phone,u1_0.role from users u1_0 where u1_0.email=?
Hibernate: insert into users (email,first_name,last_name,password,phone,role) values (?,?,?,?,?,?)
Hibernate: select u1_0.id,u1_0.email,u1_0.first_name,u1_0.last_name,u1_0.password,u1_0.phone,u1_0.role from users u1_0 where u1_0.email=?
Hibernate: select u1_0.id,u1_0.email,u1_0.first_name,u1_0.last_name,u1_0.password,u1_0.phone,u1_0.role from users u1_0 where u1_0.email=?
Hibernate: select u1_0.id,u1_0.email,u1_0.first_name,u1_0.last_name,u1_0.password,u1_0.phone,u1_0.role from users u1_0 where u1_0.email=?
Hibernate: select spp1_0.id,spp1_0.current_latitude,spp1_0.current_longitude,spp1_0.experience_years,spp1_0.hourly_rate,spp1_0.is_available,spp1_0.is_online,spp1_0.kyc_document_ref,spp1_0.kyc_status,spp1_0.last_location_update,spp1_0.smart_service_score,spp1_0.total_reviews,spp1_0.user_id from partner_profiles spp1_0 where spp1_0.user_id=?
Hibernate: insert into partner_profiles (current_latitude,current_longitude,experience_years,hourly_rate,is_available,is_online,kyc_document_ref,kyc_status,last_location_update,smart_service_score,total_reviews,user_id) values (?,?,?,?,?,?,?,?,?,?,?,?)
Hibernate: insert into partner_skills (profile_id,skill) values (?,?)
2026-08-18T01:36:16.562+05:30  INFO 22332 --- [fixmate-backend] [nio-8081-exec-5] com.fixmate.service.LiveNearbyService    : Partner 37 changed state — refreshing 1 live stream(s)
Hibernate: select sc1_0.id,sc1_0.description,sc1_0.icon_url,sc1_0.is_active,sc1_0.name from service_categories sc1_0 where sc1_0.id=?
Hibernate: select distinct spp1_0.id,spp1_0.current_latitude,spp1_0.current_longitude,spp1_0.experience_years,spp1_0.hourly_rate,spp1_0.is_available,spp1_0.is_online,spp1_0.kyc_document_ref,spp1_0.kyc_status,spp1_0.last_location_update,spp1_0.smart_service_score,spp1_0.total_reviews,spp1_0.user_id from partner_profiles spp1_0 join partner_skills s1_0 on spp1_0.id=s1_0.profile_id where lower(trim(BOTH from s1_0.skill))=lower(trim(BOTH from ?)) and spp1_0.kyc_status='APPROVED' and spp1_0.is_online=1 and spp1_0.is_available=1 and spp1_0.current_latitude is not null and spp1_0.current_longitude is not null and spp1_0.last_location_update is not null and spp1_0.last_location_update>=?
Hibernate: select u1_0.id,u1_0.email,u1_0.first_name,u1_0.last_name,u1_0.password,u1_0.phone,u1_0.role from users u1_0 where u1_0.id=?
Hibernate: select s1_0.profile_id,s1_0.skill from partner_skills s1_0 where s1_0.profile_id=?
Hibernate: select u1_0.id,u1_0.email,u1_0.first_name,u1_0.last_name,u1_0.password,u1_0.phone,u1_0.role from users u1_0 where u1_0.email=?
Hibernate: select spp1_0.id,spp1_0.current_latitude,spp1_0.current_longitude,spp1_0.experience_years,spp1_0.hourly_rate,spp1_0.is_available,spp1_0.is_online,spp1_0.kyc_document_ref,spp1_0.kyc_status,spp1_0.last_location_update,spp1_0.smart_service_score,spp1_0.total_reviews,spp1_0.user_id from partner_profiles spp1_0 where spp1_0.user_id=?
Hibernate: update partner_profiles set current_latitude=?,current_longitude=?,experience_years=?,hourly_rate=?,is_available=?,is_online=?,kyc_document_ref=?,kyc_status=?,last_location_update=?,smart_service_score=?,total_reviews=?,user_id=? where id=?
Hibernate: select s1_0.profile_id,s1_0.skill from partner_skills s1_0 where s1_0.profile_id=?
Hibernate: select u1_0.id,u1_0.email,u1_0.first_name,u1_0.last_name,u1_0.password,u1_0.phone,u1_0.role from users u1_0 where u1_0.email=?
Hibernate: select spp1_0.id,spp1_0.current_latitude,spp1_0.current_longitude,spp1_0.experience_years,spp1_0.hourly_rate,spp1_0.is_available,spp1_0.is_online,spp1_0.kyc_document_ref,spp1_0.kyc_status,spp1_0.last_location_update,spp1_0.smart_service_score,spp1_0.total_reviews,spp1_0.user_id from partner_profiles spp1_0 where spp1_0.user_id=?
Hibernate: update partner_profiles set current_latitude=?,current_longitude=?,experience_years=?,hourly_rate=?,is_available=?,is_online=?,kyc_document_ref=?,kyc_status=?,last_location_update=?,smart_service_score=?,total_reviews=?,user_id=? where id=?
2026-08-18T01:36:17.258+05:30  INFO 22332 --- [fixmate-backend] [nio-8081-exec-4] com.fixmate.service.LiveNearbyService    : Partner 37 changed state — refreshing 1 live stream(s)
Hibernate: select sc1_0.id,sc1_0.description,sc1_0.icon_url,sc1_0.is_active,sc1_0.name from service_categories sc1_0 where sc1_0.id=?
Hibernate: select distinct spp1_0.id,spp1_0.current_latitude,spp1_0.current_longitude,spp1_0.experience_years,spp1_0.hourly_rate,spp1_0.is_available,spp1_0.is_online,spp1_0.kyc_document_ref,spp1_0.kyc_status,spp1_0.last_location_update,spp1_0.smart_service_score,spp1_0.total_reviews,spp1_0.user_id from partner_profiles spp1_0 join partner_skills s1_0 on spp1_0.id=s1_0.profile_id where lower(trim(BOTH from s1_0.skill))=lower(trim(BOTH from ?)) and spp1_0.kyc_status='APPROVED' and spp1_0.is_online=1 and spp1_0.is_available=1 and spp1_0.current_latitude is not null and spp1_0.current_longitude is not null and spp1_0.last_location_update is not null and spp1_0.last_location_update>=?
Hibernate: select u1_0.id,u1_0.email,u1_0.first_name,u1_0.last_name,u1_0.password,u1_0.phone,u1_0.role from users u1_0 where u1_0.id=?
Hibernate: select s1_0.profile_id,s1_0.skill from partner_skills s1_0 where s1_0.profile_id=?
Hibernate: select s1_0.profile_id,s1_0.skill from partner_skills s1_0 where s1_0.profile_id=?
Hibernate: select u1_0.id,u1_0.email,u1_0.first_name,u1_0.last_name,u1_0.password,u1_0.phone,u1_0.role from users u1_0 where u1_0.email=?
Hibernate: select u1_0.id,u1_0.email,u1_0.first_name,u1_0.last_name,u1_0.password,u1_0.phone,u1_0.role from users u1_0 where u1_0.email=?
Hibernate: select u1_0.id,u1_0.email,u1_0.first_name,u1_0.last_name,u1_0.password,u1_0.phone,u1_0.role from users u1_0 where u1_0.email=?
Hibernate: select sc1_0.id,sc1_0.description,sc1_0.icon_url,sc1_0.is_active,sc1_0.name from service_categories sc1_0
Hibernate: select u1_0.id,u1_0.email,u1_0.first_name,u1_0.last_name,u1_0.password,u1_0.phone,u1_0.role from users u1_0 where u1_0.email=?
Hibernate: select sc1_0.id,sc1_0.description,sc1_0.icon_url,sc1_0.is_active,sc1_0.name from service_categories sc1_0 where sc1_0.id=?
Hibernate: select distinct spp1_0.id,spp1_0.current_latitude,spp1_0.current_longitude,spp1_0.experience_years,spp1_0.hourly_rate,spp1_0.is_available,spp1_0.is_online,spp1_0.kyc_document_ref,spp1_0.kyc_status,spp1_0.last_location_update,spp1_0.smart_service_score,spp1_0.total_reviews,spp1_0.user_id from partner_profiles spp1_0 join partner_skills s1_0 on spp1_0.id=s1_0.profile_id where lower(trim(BOTH from s1_0.skill))=lower(trim(BOTH from ?)) and spp1_0.kyc_status='APPROVED' and spp1_0.is_online=1 and spp1_0.is_available=1 and spp1_0.current_latitude is not null and spp1_0.current_longitude is not null and spp1_0.last_location_update is not null and spp1_0.last_location_update>=?
Hibernate: select u1_0.id,u1_0.email,u1_0.first_name,u1_0.last_name,u1_0.password,u1_0.phone,u1_0.role from users u1_0 where u1_0.id=?
Hibernate: select u1_0.id,u1_0.email,u1_0.first_name,u1_0.last_name,u1_0.password,u1_0.phone,u1_0.role from users u1_0 where u1_0.id=?
Hibernate: select u1_0.id,u1_0.email,u1_0.first_name,u1_0.last_name,u1_0.password,u1_0.phone,u1_0.role from users u1_0 where u1_0.id=?
Hibernate: select s1_0.profile_id,s1_0.skill from partner_skills s1_0 where s1_0.profile_id=?
Hibernate: select s1_0.profile_id,s1_0.skill from partner_skills s1_0 where s1_0.profile_id=?
Hibernate: select s1_0.profile_id,s1_0.skill from partner_skills s1_0 where s1_0.profile_id=?
Hibernate: select u1_0.id,u1_0.email,u1_0.first_name,u1_0.last_name,u1_0.password,u1_0.phone,u1_0.role from users u1_0 where u1_0.email=?
Hibernate: select sc1_0.id,sc1_0.description,sc1_0.icon_url,sc1_0.is_active,sc1_0.name from service_categories sc1_0 where sc1_0.id=?
Hibernate: select distinct spp1_0.id,spp1_0.current_latitude,spp1_0.current_longitude,spp1_0.experience_years,spp1_0.hourly_rate,spp1_0.is_available,spp1_0.is_online,spp1_0.kyc_document_ref,spp1_0.kyc_status,spp1_0.last_location_update,spp1_0.smart_service_score,spp1_0.total_reviews,spp1_0.user_id from partner_profiles spp1_0 join partner_skills s1_0 on spp1_0.id=s1_0.profile_id where lower(trim(BOTH from s1_0.skill))=lower(trim(BOTH from ?)) and spp1_0.kyc_status='APPROVED' and spp1_0.is_online=1 and spp1_0.is_available=1 and spp1_0.current_latitude is not null and spp1_0.current_longitude is not null and spp1_0.last_location_update is not null and spp1_0.last_location_update>=?
Hibernate: select u1_0.id,u1_0.email,u1_0.first_name,u1_0.last_name,u1_0.password,u1_0.phone,u1_0.role from users u1_0 where u1_0.id=?
Hibernate: select u1_0.id,u1_0.email,u1_0.first_name,u1_0.last_name,u1_0.password,u1_0.phone,u1_0.role from users u1_0 where u1_0.id=?
Hibernate: select u1_0.id,u1_0.email,u1_0.first_name,u1_0.last_name,u1_0.password,u1_0.phone,u1_0.role from users u1_0 where u1_0.id=?
Hibernate: select s1_0.profile_id,s1_0.skill from partner_skills s1_0 where s1_0.profile_id=?
Hibernate: select s1_0.profile_id,s1_0.skill from partner_skills s1_0 where s1_0.profile_id=?
Hibernate: select s1_0.profile_id,s1_0.skill from partner_skills s1_0 where s1_0.profile_id=?
Hibernate: select u1_0.id,u1_0.email,u1_0.first_name,u1_0.last_name,u1_0.password,u1_0.phone,u1_0.role from users u1_0 where u1_0.email=?
Hibernate: select sc1_0.id,sc1_0.description,sc1_0.icon_url,sc1_0.is_active,sc1_0.name from service_categories sc1_0 where sc1_0.id=?
Hibernate: select distinct spp1_0.id,spp1_0.current_latitude,spp1_0.current_longitude,spp1_0.experience_years,spp1_0.hourly_rate,spp1_0.is_available,spp1_0.is_online,spp1_0.kyc_document_ref,spp1_0.kyc_status,spp1_0.last_location_update,spp1_0.smart_service_score,spp1_0.total_reviews,spp1_0.user_id from partner_profiles spp1_0 join partner_skills s1_0 on spp1_0.id=s1_0.profile_id where lower(trim(BOTH from s1_0.skill))=lower(trim(BOTH from ?)) and spp1_0.kyc_status='APPROVED' and spp1_0.is_online=1 and spp1_0.is_available=1 and spp1_0.current_latitude is not null and spp1_0.current_longitude is not null and spp1_0.last_location_update is not null and spp1_0.last_location_update>=?
Hibernate: select u1_0.id,u1_0.email,u1_0.first_name,u1_0.last_name,u1_0.password,u1_0.phone,u1_0.role from users u1_0 where u1_0.id=?
Hibernate: select u1_0.id,u1_0.email,u1_0.first_name,u1_0.last_name,u1_0.password,u1_0.phone,u1_0.role from users u1_0 where u1_0.id=?
Hibernate: select u1_0.id,u1_0.email,u1_0.first_name,u1_0.last_name,u1_0.password,u1_0.phone,u1_0.role from users u1_0 where u1_0.id=?
Hibernate: select s1_0.profile_id,s1_0.skill from partner_skills s1_0 where s1_0.profile_id=?
Hibernate: select s1_0.profile_id,s1_0.skill from partner_skills s1_0 where s1_0.profile_id=?
Hibernate: select s1_0.profile_id,s1_0.skill from partner_skills s1_0 where s1_0.profile_id=?
Hibernate: select u1_0.id,u1_0.email,u1_0.first_name,u1_0.last_name,u1_0.password,u1_0.phone,u1_0.role from users u1_0 where u1_0.email=?
Hibernate: select sc1_0.id,sc1_0.description,sc1_0.icon_url,sc1_0.is_active,sc1_0.name from service_categories sc1_0 where sc1_0.id=?
Hibernate: select distinct spp1_0.id,spp1_0.current_latitude,spp1_0.current_longitude,spp1_0.experience_years,spp1_0.hourly_rate,spp1_0.is_available,spp1_0.is_online,spp1_0.kyc_document_ref,spp1_0.kyc_status,spp1_0.last_location_update,spp1_0.smart_service_score,spp1_0.total_reviews,spp1_0.user_id from partner_profiles spp1_0 join partner_skills s1_0 on spp1_0.id=s1_0.profile_id where lower(trim(BOTH from s1_0.skill))=lower(trim(BOTH from ?)) and spp1_0.kyc_status='APPROVED' and spp1_0.is_online=1 and spp1_0.is_available=1 and spp1_0.current_latitude is not null and spp1_0.current_longitude is not null and spp1_0.last_location_update is not null and spp1_0.last_location_update>=?
Hibernate: select u1_0.id,u1_0.email,u1_0.first_name,u1_0.last_name,u1_0.password,u1_0.phone,u1_0.role from users u1_0 where u1_0.id=?
Hibernate: select u1_0.id,u1_0.email,u1_0.first_name,u1_0.last_name,u1_0.password,u1_0.phone,u1_0.role from users u1_0 where u1_0.id=?
Hibernate: select u1_0.id,u1_0.email,u1_0.first_name,u1_0.last_name,u1_0.password,u1_0.phone,u1_0.role from users u1_0 where u1_0.id=?
Hibernate: select s1_0.profile_id,s1_0.skill from partner_skills s1_0 where s1_0.profile_id=?
Hibernate: select s1_0.profile_id,s1_0.skill from partner_skills s1_0 where s1_0.profile_id=?
Hibernate: select s1_0.profile_id,s1_0.skill from partner_skills s1_0 where s1_0.profile_id=?
Hibernate: select u1_0.id,u1_0.email,u1_0.first_name,u1_0.last_name,u1_0.password,u1_0.phone,u1_0.role from users u1_0 where u1_0.email=?
Hibernate: select sc1_0.id,sc1_0.description,sc1_0.icon_url,sc1_0.is_active,sc1_0.name from service_categories sc1_0 where sc1_0.id=?
Hibernate: select distinct spp1_0.id,spp1_0.current_latitude,spp1_0.current_longitude,spp1_0.experience_years,spp1_0.hourly_rate,spp1_0.is_available,spp1_0.is_online,spp1_0.kyc_document_ref,spp1_0.kyc_status,spp1_0.last_location_update,spp1_0.smart_service_score,spp1_0.total_reviews,spp1_0.user_id from partner_profiles spp1_0 join partner_skills s1_0 on spp1_0.id=s1_0.profile_id where lower(trim(BOTH from s1_0.skill))=lower(trim(BOTH from ?)) and spp1_0.kyc_status='APPROVED' and spp1_0.is_online=1 and spp1_0.is_available=1 and spp1_0.current_latitude is not null and spp1_0.current_longitude is not null and spp1_0.last_location_update is not null and spp1_0.last_location_update>=?
Hibernate: select u1_0.id,u1_0.email,u1_0.first_name,u1_0.last_name,u1_0.password,u1_0.phone,u1_0.role from users u1_0 where u1_0.id=?
Hibernate: select u1_0.id,u1_0.email,u1_0.first_name,u1_0.last_name,u1_0.password,u1_0.phone,u1_0.role from users u1_0 where u1_0.id=?
Hibernate: select u1_0.id,u1_0.email,u1_0.first_name,u1_0.last_name,u1_0.password,u1_0.phone,u1_0.role from users u1_0 where u1_0.id=?
Hibernate: select s1_0.profile_id,s1_0.skill from partner_skills s1_0 where s1_0.profile_id=?
Hibernate: select s1_0.profile_id,s1_0.skill from partner_skills s1_0 where s1_0.profile_id=?
Hibernate: select s1_0.profile_id,s1_0.skill from partner_skills s1_0 where s1_0.profile_id=?
Hibernate: select u1_0.id,u1_0.email,u1_0.first_name,u1_0.last_name,u1_0.password,u1_0.phone,u1_0.role from users u1_0 where u1_0.email=?
Hibernate: select u1_0.id,u1_0.email,u1_0.first_name,u1_0.last_name,u1_0.password,u1_0.phone,u1_0.role from users u1_0 where u1_0.id=?
Hibernate: select sc1_0.id,sc1_0.description,sc1_0.icon_url,sc1_0.is_active,sc1_0.name from service_categories sc1_0 where sc1_0.id=?
Hibernate: select a1_0.id,a1_0.city,a1_0.country,a1_0.is_default,a1_0.latitude,a1_0.longitude,a1_0.state,a1_0.street,a1_0.user_id,a1_0.zip_code from addresses a1_0 where a1_0.id=?
Hibernate: select spp1_0.id,spp1_0.current_latitude,spp1_0.current_longitude,spp1_0.experience_years,spp1_0.hourly_rate,spp1_0.is_available,spp1_0.is_online,spp1_0.kyc_document_ref,spp1_0.kyc_status,spp1_0.last_location_update,spp1_0.smart_service_score,spp1_0.total_reviews,spp1_0.user_id from partner_profiles spp1_0 where spp1_0.user_id=?
Hibernate: select s1_0.profile_id,s1_0.skill from partner_skills s1_0 where s1_0.profile_id=?
Hibernate: insert into bookings (address_id,category_id,customer_id,customer_latitude,customer_longitude,is_emergency,notes,partner_id,partner_latitude,partner_longitude,scheduled_date,status,total_amount) values (?,?,?,?,?,?,?,?,?,?,?,?,?)
Hibernate: insert into notifications (created_at,is_read,message,user_id) values (?,?,?,?)
Hibernate: select u1_0.id,u1_0.email,u1_0.first_name,u1_0.last_name,u1_0.password,u1_0.phone,u1_0.role from users u1_0 where u1_0.email=?
Hibernate: select b1_0.id,b1_0.address_id,b1_0.category_id,b1_0.customer_id,b1_0.customer_latitude,b1_0.customer_longitude,b1_0.is_emergency,b1_0.notes,b1_0.partner_id,b1_0.partner_latitude,b1_0.partner_longitude,b1_0.scheduled_date,b1_0.status,b1_0.total_amount from bookings b1_0 where b1_0.customer_id=?
Hibernate: select u1_0.id,u1_0.email,u1_0.first_name,u1_0.last_name,u1_0.password,u1_0.phone,u1_0.role from users u1_0 where u1_0.id=?
Hibernate: select u1_0.id,u1_0.email,u1_0.first_name,u1_0.last_name,u1_0.password,u1_0.phone,u1_0.role from users u1_0 where u1_0.id=?
Hibernate: select sc1_0.id,sc1_0.description,sc1_0.icon_url,sc1_0.is_active,sc1_0.name from service_categories sc1_0 where sc1_0.id=?
Hibernate: select a1_0.id,a1_0.city,a1_0.country,a1_0.is_default,a1_0.latitude,a1_0.longitude,a1_0.state,a1_0.street,a1_0.user_id,a1_0.zip_code from addresses a1_0 where a1_0.id=?
Hibernate: select u1_0.id,u1_0.email,u1_0.first_name,u1_0.last_name,u1_0.password,u1_0.phone,u1_0.role from users u1_0 where u1_0.id=?
Hibernate: select sc1_0.id,sc1_0.description,sc1_0.icon_url,sc1_0.is_active,sc1_0.name from service_categories sc1_0 where sc1_0.id=?
Hibernate: select u1_0.id,u1_0.email,u1_0.first_name,u1_0.last_name,u1_0.password,u1_0.phone,u1_0.role from users u1_0 where u1_0.email=?
Hibernate: select u1_0.id,u1_0.email,u1_0.first_name,u1_0.last_name,u1_0.password,u1_0.phone,u1_0.role from users u1_0 where u1_0.email=?
Hibernate: select u1_0.id,u1_0.email,u1_0.first_name,u1_0.last_name,u1_0.password,u1_0.phone,u1_0.role from users u1_0 where u1_0.email=?
Hibernate: select b1_0.id,b1_0.address_id,b1_0.category_id,b1_0.customer_id,b1_0.customer_latitude,b1_0.customer_longitude,b1_0.is_emergency,b1_0.notes,b1_0.partner_id,b1_0.partner_latitude,b1_0.partner_longitude,b1_0.scheduled_date,b1_0.status,b1_0.total_amount from bookings b1_0 where b1_0.customer_id=?
Hibernate: select u1_0.id,u1_0.email,u1_0.first_name,u1_0.last_name,u1_0.password,u1_0.phone,u1_0.role from users u1_0 where u1_0.id=?
Hibernate: select u1_0.id,u1_0.email,u1_0.first_name,u1_0.last_name,u1_0.password,u1_0.phone,u1_0.role from users u1_0 where u1_0.id=?
Hibernate: select sc1_0.id,sc1_0.description,sc1_0.icon_url,sc1_0.is_active,sc1_0.name from service_categories sc1_0 where sc1_0.id=?
Hibernate: select a1_0.id,a1_0.city,a1_0.country,a1_0.is_default,a1_0.latitude,a1_0.longitude,a1_0.state,a1_0.street,a1_0.user_id,a1_0.zip_code from addresses a1_0 where a1_0.id=?
Hibernate: select u1_0.id,u1_0.email,u1_0.first_name,u1_0.last_name,u1_0.password,u1_0.phone,u1_0.role from users u1_0 where u1_0.id=?
Hibernate: select sc1_0.id,sc1_0.description,sc1_0.icon_url,sc1_0.is_active,sc1_0.name from service_categories sc1_0 where sc1_0.id=?
2026-08-18T01:38:06.272+05:30  INFO 22332 --- [fixmate-backend] [trap-executor-0] c.n.d.s.r.aws.ConfigClusterResolver      : Resolving eureka endpoints via configuration
Hibernate: select u1_0.id,u1_0.email,u1_0.first_name,u1_0.last_name,u1_0.password,u1_0.phone,u1_0.role from users u1_0 where u1_0.email=?
Hibernate: select sc1_0.id,sc1_0.description,sc1_0.icon_url,sc1_0.is_active,sc1_0.name from service_categories sc1_0 where sc1_0.id=?
Hibernate: select distinct spp1_0.id,spp1_0.current_latitude,spp1_0.current_longitude,spp1_0.experience_years,spp1_0.hourly_rate,spp1_0.is_available,spp1_0.is_online,spp1_0.kyc_document_ref,spp1_0.kyc_status,spp1_0.last_location_update,spp1_0.smart_service_score,spp1_0.total_reviews,spp1_0.user_id from partner_profiles spp1_0 join partner_skills s1_0 on spp1_0.id=s1_0.profile_id where lower(trim(BOTH from s1_0.skill))=lower(trim(BOTH from ?)) and spp1_0.kyc_status='APPROVED' and spp1_0.is_online=1 and spp1_0.is_available=1 and spp1_0.current_latitude is not null and spp1_0.current_longitude is not null and spp1_0.last_location_update is not null and spp1_0.last_location_update>=?
Hibernate: select u1_0.id,u1_0.email,u1_0.first_name,u1_0.last_name,u1_0.password,u1_0.phone,u1_0.role from users u1_0 where u1_0.id=?
Hibernate: select s1_0.profile_id,s1_0.skill from partner_skills s1_0 where s1_0.profile_id=?
Hibernate: select u1_0.id,u1_0.email,u1_0.first_name,u1_0.last_name,u1_0.password,u1_0.phone,u1_0.role from users u1_0 where u1_0.email=?
Hibernate: select sc1_0.id,sc1_0.description,sc1_0.icon_url,sc1_0.is_active,sc1_0.name from service_categories sc1_0 where sc1_0.id=?
Hibernate: select distinct spp1_0.id,spp1_0.current_latitude,spp1_0.current_longitude,spp1_0.experience_years,spp1_0.hourly_rate,spp1_0.is_available,spp1_0.is_online,spp1_0.kyc_document_ref,spp1_0.kyc_status,spp1_0.last_location_update,spp1_0.smart_service_score,spp1_0.total_reviews,spp1_0.user_id from partner_profiles spp1_0 join partner_skills s1_0 on spp1_0.id=s1_0.profile_id where lower(trim(BOTH from s1_0.skill))=lower(trim(BOTH from ?)) and spp1_0.kyc_status='APPROVED' and spp1_0.is_online=1 and spp1_0.is_available=1 and spp1_0.current_latitude is not null and spp1_0.current_longitude is not null and spp1_0.last_location_update is not null and spp1_0.last_location_update>=?
Hibernate: select u1_0.id,u1_0.email,u1_0.first_name,u1_0.last_name,u1_0.password,u1_0.phone,u1_0.role from users u1_0 where u1_0.id=?
Hibernate: select s1_0.profile_id,s1_0.skill from partner_skills s1_0 where s1_0.profile_id=?
Hibernate: select u1_0.id,u1_0.email,u1_0.first_name,u1_0.last_name,u1_0.password,u1_0.phone,u1_0.role from users u1_0 where u1_0.email=?
Hibernate: select u1_0.id,u1_0.email,u1_0.first_name,u1_0.last_name,u1_0.password,u1_0.phone,u1_0.role from users u1_0 where u1_0.email=?
Hibernate: select a1_0.id,a1_0.city,a1_0.country,a1_0.is_default,a1_0.latitude,a1_0.longitude,a1_0.state,a1_0.street,a1_0.user_id,a1_0.zip_code from addresses a1_0 where a1_0.user_id=?
Hibernate: select sc1_0.id,sc1_0.description,sc1_0.icon_url,sc1_0.is_active,sc1_0.name from service_categories sc1_0
Hibernate: select u1_0.id,u1_0.email,u1_0.first_name,u1_0.last_name,u1_0.password,u1_0.phone,u1_0.role from users u1_0 where u1_0.email=?
Hibernate: select sc1_0.id,sc1_0.description,sc1_0.icon_url,sc1_0.is_active,sc1_0.name from service_categories sc1_0 where sc1_0.id=?
Hibernate: select distinct spp1_0.id,spp1_0.current_latitude,spp1_0.current_longitude,spp1_0.experience_years,spp1_0.hourly_rate,spp1_0.is_available,spp1_0.is_online,spp1_0.kyc_document_ref,spp1_0.kyc_status,spp1_0.last_location_update,spp1_0.smart_service_score,spp1_0.total_reviews,spp1_0.user_id from partner_profiles spp1_0 join partner_skills s1_0 on spp1_0.id=s1_0.profile_id where lower(trim(BOTH from s1_0.skill))=lower(trim(BOTH from ?)) and spp1_0.kyc_status='APPROVED' and spp1_0.is_online=1 and spp1_0.is_available=1 and spp1_0.current_latitude is not null and spp1_0.current_longitude is not null and spp1_0.last_location_update is not null and spp1_0.last_location_update>=?
Hibernate: select u1_0.id,u1_0.email,u1_0.first_name,u1_0.last_name,u1_0.password,u1_0.phone,u1_0.role from users u1_0 where u1_0.id=?
Hibernate: select s1_0.profile_id,s1_0.skill from partner_skills s1_0 where s1_0.profile_id=?
Hibernate: select u1_0.id,u1_0.email,u1_0.first_name,u1_0.last_name,u1_0.password,u1_0.phone,u1_0.role from users u1_0 where u1_0.email=?
Hibernate: select sc1_0.id,sc1_0.description,sc1_0.icon_url,sc1_0.is_active,sc1_0.name from service_categories sc1_0 where sc1_0.id=?
Hibernate: select distinct spp1_0.id,spp1_0.current_latitude,spp1_0.current_longitude,spp1_0.experience_years,spp1_0.hourly_rate,spp1_0.is_available,spp1_0.is_online,spp1_0.kyc_document_ref,spp1_0.kyc_status,spp1_0.last_location_update,spp1_0.smart_service_score,spp1_0.total_reviews,spp1_0.user_id from partner_profiles spp1_0 join partner_skills s1_0 on spp1_0.id=s1_0.profile_id where lower(trim(BOTH from s1_0.skill))=lower(trim(BOTH from ?)) and spp1_0.kyc_status='APPROVED' and spp1_0.is_online=1 and spp1_0.is_available=1 and spp1_0.current_latitude is not null and spp1_0.current_longitude is not null and spp1_0.last_location_update is not null and spp1_0.last_location_update>=?
Hibernate: select u1_0.id,u1_0.email,u1_0.first_name,u1_0.last_name,u1_0.password,u1_0.phone,u1_0.role from users u1_0 where u1_0.id=?
Hibernate: select s1_0.profile_id,s1_0.skill from partner_skills s1_0 where s1_0.profile_id=?
2026-08-18T01:43:06.280+05:30  INFO 22332 --- [fixmate-backend] [trap-executor-0] c.n.d.s.r.aws.ConfigClusterResolver      : Resolving eureka endpoints via configuration
Hibernate: select u1_0.id,u1_0.email,u1_0.first_name,u1_0.last_name,u1_0.password,u1_0.phone,u1_0.role from users u1_0 where u1_0.email=?
Hibernate: select u1_0.id,u1_0.email,u1_0.first_name,u1_0.last_name,u1_0.password,u1_0.phone,u1_0.role from users u1_0 where u1_0.email=?
Hibernate: select u1_0.id,u1_0.email,u1_0.first_name,u1_0.last_name,u1_0.password,u1_0.phone,u1_0.role from users u1_0 where u1_0.email=?
Hibernate: select u1_0.id,u1_0.email,u1_0.first_name,u1_0.last_name,u1_0.password,u1_0.phone,u1_0.role from users u1_0 where u1_0.email=?
2026-08-18T01:45:22.808+05:30  WARN 22332 --- [fixmate-backend] [nio-8081-exec-5] o.h.engine.jdbc.spi.SqlExceptionHelper   : SQL Error: 0, SQLState: null
2026-08-18T01:45:22.821+05:30 ERROR 22332 --- [fixmate-backend] [nio-8081-exec-5] o.h.engine.jdbc.spi.SqlExceptionHelper   : HikariPool-1 - Connection is not available, request timed out after 30111ms.
2026-08-18T01:45:23.129+05:30 ERROR 22332 --- [fixmate-backend] [nio-8081-exec-5] o.a.c.c.C.[.[.[/].[dispatcherServlet]    : Servlet.service() for servlet [dispatcherServlet] in context with path [] threw exception

org.springframework.dao.DataAccessResourceFailureException: Unable to acquire JDBC Connection [HikariPool-1 - Connection is not available, request timed out after 30111ms.] [n/a]
	at org.springframework.orm.jpa.vendor.HibernateJpaDialect.convertHibernateAccessException(HibernateJpaDialect.java:274) ~[spring-orm-6.1.4.jar!/:6.1.4]
	at org.springframework.orm.jpa.vendor.HibernateJpaDialect.translateExceptionIfPossible(HibernateJpaDialect.java:241) ~[spring-orm-6.1.4.jar!/:6.1.4]
	at org.springframework.orm.jpa.AbstractEntityManagerFactoryBean.translateExceptionIfPossible(AbstractEntityManagerFactoryBean.java:550) ~[spring-orm-6.1.4.jar!/:6.1.4]
	at org.springframework.dao.support.ChainedPersistenceExceptionTranslator.translateExceptionIfPossible(ChainedPersistenceExceptionTranslator.java:61) ~[spring-tx-6.1.4.jar!/:6.1.4]
	at org.springframework.dao.support.DataAccessUtils.translateIfNecessary(DataAccessUtils.java:335) ~[spring-tx-6.1.4.jar!/:6.1.4]
	at org.springframework.dao.support.PersistenceExceptionTranslationInterceptor.invoke(PersistenceExceptionTranslationInterceptor.java:152) ~[spring-tx-6.1.4.jar!/:6.1.4]
	at org.springframework.aop.framework.ReflectiveMethodInvocation.proceed(ReflectiveMethodInvocation.java:184) ~[spring-aop-6.1.4.jar!/:6.1.4]
	at org.springframework.data.jpa.repository.support.CrudMethodMetadataPostProcessor$CrudMethodMetadataPopulatingMethodInterceptor.invoke(CrudMethodMetadataPostProcessor.java:135) ~[spring-data-jpa-3.2.3.jar!/:3.2.3]
	at org.springframework.aop.framework.ReflectiveMethodInvocation.proceed(ReflectiveMethodInvocation.java:184) ~[spring-aop-6.1.4.jar!/:6.1.4]
	at org.springframework.aop.interceptor.ExposeInvocationInterceptor.invoke(ExposeInvocationInterceptor.java:97) ~[spring-aop-6.1.4.jar!/:6.1.4]
	at org.springframework.aop.framework.ReflectiveMethodInvocation.proceed(ReflectiveMethodInvocation.java:184) ~[spring-aop-6.1.4.jar!/:6.1.4]
	at org.springframework.aop.framework.JdkDynamicAopProxy.invoke(JdkDynamicAopProxy.java:220) ~[spring-aop-6.1.4.jar!/:6.1.4]
	at jdk.proxy2/jdk.proxy2.$Proxy142.findByEmail(Unknown Source) ~[na:na]
	at com.fixmate.config.ApplicationConfig.lambda$userDetailsService$1(ApplicationConfig.java:24) ~[!/:0.0.1-SNAPSHOT]
	at com.fixmate.config.JwtAuthenticationFilter.doFilterInternal(JwtAuthenticationFilter.java:46) ~[!/:0.0.1-SNAPSHOT]
	at org.springframework.web.filter.OncePerRequestFilter.doFilter(OncePerRequestFilter.java:116) ~[spring-web-6.1.4.jar!/:6.1.4]
	at org.springframework.security.web.FilterChainProxy$VirtualFilterChain.doFilter(FilterChainProxy.java:374) ~[spring-security-web-6.2.2.jar!/:6.2.2]
	at org.springframework.security.web.authentication.logout.LogoutFilter.doFilter(LogoutFilter.java:107) ~[spring-security-web-6.2.2.jar!/:6.2.2]
	at org.springframework.security.web.authentication.logout.LogoutFilter.doFilter(LogoutFilter.java:93) ~[spring-security-web-6.2.2.jar!/:6.2.2]
	at org.springframework.security.web.FilterChainProxy$VirtualFilterChain.doFilter(FilterChainProxy.java:374) ~[spring-security-web-6.2.2.jar!/:6.2.2]
	at org.springframework.web.filter.CorsFilter.doFilterInternal(CorsFilter.java:91) ~[spring-web-6.1.4.jar!/:6.1.4]
	at org.springframework.web.filter.OncePerRequestFilter.doFilter(OncePerRequestFilter.java:116) ~[spring-web-6.1.4.jar!/:6.1.4]
	at org.springframework.security.web.FilterChainProxy$VirtualFilterChain.doFilter(FilterChainProxy.java:374) ~[spring-security-web-6.2.2.jar!/:6.2.2]
	at org.springframework.security.web.header.HeaderWriterFilter.doHeadersAfter(HeaderWriterFilter.java:90) ~[spring-security-web-6.2.2.jar!/:6.2.2]
	at org.springframework.security.web.header.HeaderWriterFilter.doFilterInternal(HeaderWriterFilter.java:75) ~[spring-security-web-6.2.2.jar!/:6.2.2]
	at org.springframework.web.filter.OncePerRequestFilter.doFilter(OncePerRequestFilter.java:116) ~[spring-web-6.1.4.jar!/:6.1.4]
	at org.springframework.security.web.FilterChainProxy$VirtualFilterChain.doFilter(FilterChainProxy.java:374) ~[spring-security-web-6.2.2.jar!/:6.2.2]
	at org.springframework.security.web.context.SecurityContextHolderFilter.doFilter(SecurityContextHolderFilter.java:82) ~[spring-security-web-6.2.2.jar!/:6.2.2]
	at org.springframework.security.web.context.SecurityContextHolderFilter.doFilter(SecurityContextHolderFilter.java:69) ~[spring-security-web-6.2.2.jar!/:6.2.2]
	at org.springframework.security.web.FilterChainProxy$VirtualFilterChain.doFilter(FilterChainProxy.java:374) ~[spring-security-web-6.2.2.jar!/:6.2.2]
	at org.springframework.security.web.context.request.async.WebAsyncManagerIntegrationFilter.doFilterInternal(WebAsyncManagerIntegrationFilter.java:62) ~[spring-security-web-6.2.2.jar!/:6.2.2]
	at org.springframework.web.filter.OncePerRequestFilter.doFilter(OncePerRequestFilter.java:116) ~[spring-web-6.1.4.jar!/:6.1.4]
	at org.springframework.security.web.FilterChainProxy$VirtualFilterChain.doFilter(FilterChainProxy.java:374) ~[spring-security-web-6.2.2.jar!/:6.2.2]
	at org.springframework.security.web.session.DisableEncodeUrlFilter.doFilterInternal(DisableEncodeUrlFilter.java:42) ~[spring-security-web-6.2.2.jar!/:6.2.2]
	at org.springframework.web.filter.OncePerRequestFilter.doFilter(OncePerRequestFilter.java:116) ~[spring-web-6.1.4.jar!/:6.1.4]
	at org.springframework.security.web.FilterChainProxy$VirtualFilterChain.doFilter(FilterChainProxy.java:374) ~[spring-security-web-6.2.2.jar!/:6.2.2]
	at org.springframework.security.web.FilterChainProxy.doFilterInternal(FilterChainProxy.java:233) ~[spring-security-web-6.2.2.jar!/:6.2.2]
	at org.springframework.security.web.FilterChainProxy.doFilter(FilterChainProxy.java:191) ~[spring-security-web-6.2.2.jar!/:6.2.2]
	at org.springframework.web.filter.CompositeFilter$VirtualFilterChain.doFilter(CompositeFilter.java:113) ~[spring-web-6.1.4.jar!/:6.1.4]
	at org.springframework.web.servlet.handler.HandlerMappingIntrospector.lambda$createCacheFilter$3(HandlerMappingIntrospector.java:195) ~[spring-webmvc-6.1.4.jar!/:6.1.4]
	at org.springframework.web.filter.CompositeFilter$VirtualFilterChain.doFilter(CompositeFilter.java:113) ~[spring-web-6.1.4.jar!/:6.1.4]
	at org.springframework.web.filter.CompositeFilter.doFilter(CompositeFilter.java:74) ~[spring-web-6.1.4.jar!/:6.1.4]
	at org.springframework.security.config.annotation.web.configuration.WebMvcSecurityConfiguration$CompositeFilterChainProxy.doFilter(WebMvcSecurityConfiguration.java:230) ~[spring-security-config-6.2.2.jar!/:6.2.2]
	at org.springframework.web.filter.DelegatingFilterProxy.invokeDelegate(DelegatingFilterProxy.java:352) ~[spring-web-6.1.4.jar!/:6.1.4]
	at org.springframework.web.filter.DelegatingFilterProxy.doFilter(DelegatingFilterProxy.java:268) ~[spring-web-6.1.4.jar!/:6.1.4]
	at org.apache.catalina.core.ApplicationFilterChain.internalDoFilter(ApplicationFilterChain.java:174) ~[tomcat-embed-core-10.1.19.jar!/:na]
	at org.apache.catalina.core.ApplicationFilterChain.doFilter(ApplicationFilterChain.java:149) ~[tomcat-embed-core-10.1.19.jar!/:na]
	at org.springframework.web.filter.RequestContextFilter.doFilterInternal(RequestContextFilter.java:100) ~[spring-web-6.1.4.jar!/:6.1.4]
	at org.springframework.web.filter.OncePerRequestFilter.doFilter(OncePerRequestFilter.java:116) ~[spring-web-6.1.4.jar!/:6.1.4]
	at org.apache.catalina.core.ApplicationFilterChain.internalDoFilter(ApplicationFilterChain.java:174) ~[tomcat-embed-core-10.1.19.jar!/:na]
	at org.apache.catalina.core.ApplicationFilterChain.doFilter(ApplicationFilterChain.java:149) ~[tomcat-embed-core-10.1.19.jar!/:na]
	at org.springframework.web.filter.FormContentFilter.doFilterInternal(FormContentFilter.java:93) ~[spring-web-6.1.4.jar!/:6.1.4]
	at org.springframework.web.filter.OncePerRequestFilter.doFilter(OncePerRequestFilter.java:116) ~[spring-web-6.1.4.jar!/:6.1.4]
	at org.apache.catalina.core.ApplicationFilterChain.internalDoFilter(ApplicationFilterChain.java:174) ~[tomcat-embed-core-10.1.19.jar!/:na]
	at org.apache.catalina.core.ApplicationFilterChain.doFilter(ApplicationFilterChain.java:149) ~[tomcat-embed-core-10.1.19.jar!/:na]
	at org.springframework.web.filter.CharacterEncodingFilter.doFilterInternal(CharacterEncodingFilter.java:201) ~[spring-web-6.1.4.jar!/:6.1.4]
	at org.springframework.web.filter.OncePerRequestFilter.doFilter(OncePerRequestFilter.java:116) ~[spring-web-6.1.4.jar!/:6.1.4]
	at org.apache.catalina.core.ApplicationFilterChain.internalDoFilter(ApplicationFilterChain.java:174) ~[tomcat-embed-core-10.1.19.jar!/:na]
	at org.apache.catalina.core.ApplicationFilterChain.doFilter(ApplicationFilterChain.java:149) ~[tomcat-embed-core-10.1.19.jar!/:na]
	at org.apache.catalina.core.StandardWrapperValve.invoke(StandardWrapperValve.java:167) ~[tomcat-embed-core-10.1.19.jar!/:na]
	at org.apache.catalina.core.StandardContextValve.invoke(StandardContextValve.java:90) ~[tomcat-embed-core-10.1.19.jar!/:na]
	at org.apache.catalina.authenticator.AuthenticatorBase.invoke(AuthenticatorBase.java:482) ~[tomcat-embed-core-10.1.19.jar!/:na]
	at org.apache.catalina.core.StandardHostValve.invoke(StandardHostValve.java:115) ~[tomcat-embed-core-10.1.19.jar!/:na]
	at org.apache.catalina.valves.ErrorReportValve.invoke(ErrorReportValve.java:93) ~[tomcat-embed-core-10.1.19.jar!/:na]
	at org.apache.catalina.core.StandardEngineValve.invoke(StandardEngineValve.java:74) ~[tomcat-embed-core-10.1.19.jar!/:na]
	at org.apache.catalina.connector.CoyoteAdapter.service(CoyoteAdapter.java:344) ~[tomcat-embed-core-10.1.19.jar!/:na]
	at org.apache.coyote.http11.Http11Processor.service(Http11Processor.java:391) ~[tomcat-embed-core-10.1.19.jar!/:na]
	at org.apache.coyote.AbstractProcessorLight.process(AbstractProcessorLight.java:63) ~[tomcat-embed-core-10.1.19.jar!/:na]
	at org.apache.coyote.AbstractProtocol$ConnectionHandler.process(AbstractProtocol.java:896) ~[tomcat-embed-core-10.1.19.jar!/:na]
	at org.apache.tomcat.util.net.NioEndpoint$SocketProcessor.doRun(NioEndpoint.java:1744) ~[tomcat-embed-core-10.1.19.jar!/:na]
	at org.apache.tomcat.util.net.SocketProcessorBase.run(SocketProcessorBase.java:52) ~[tomcat-embed-core-10.1.19.jar!/:na]
	at org.apache.tomcat.util.threads.ThreadPoolExecutor.runWorker(ThreadPoolExecutor.java:1191) ~[tomcat-embed-core-10.1.19.jar!/:na]
	at org.apache.tomcat.util.threads.ThreadPoolExecutor$Worker.run(ThreadPoolExecutor.java:659) ~[tomcat-embed-core-10.1.19.jar!/:na]
	at org.apache.tomcat.util.threads.TaskThread$WrappingRunnable.run(TaskThread.java:63) ~[tomcat-embed-core-10.1.19.jar!/:na]
	at java.base/java.lang.Thread.run(Thread.java:1575) ~[na:na]
Caused by: org.hibernate.exception.JDBCConnectionException: Unable to acquire JDBC Connection [HikariPool-1 - Connection is not available, request timed out after 30111ms.] [n/a]
	at org.hibernate.exception.internal.SQLExceptionTypeDelegate.convert(SQLExceptionTypeDelegate.java:51) ~[hibernate-core-6.4.4.Final.jar!/:6.4.4.Final]
	at org.hibernate.exception.internal.StandardSQLExceptionConverter.convert(StandardSQLExceptionConverter.java:58) ~[hibernate-core-6.4.4.Final.jar!/:6.4.4.Final]
	at org.hibernate.engine.jdbc.spi.SqlExceptionHelper.convert(SqlExceptionHelper.java:108) ~[hibernate-core-6.4.4.Final.jar!/:6.4.4.Final]
	at org.hibernate.engine.jdbc.spi.SqlExceptionHelper.convert(SqlExceptionHelper.java:94) ~[hibernate-core-6.4.4.Final.jar!/:6.4.4.Final]
	at org.hibernate.resource.jdbc.internal.LogicalConnectionManagedImpl.acquireConnectionIfNeeded(LogicalConnectionManagedImpl.java:116) ~[hibernate-core-6.4.4.Final.jar!/:6.4.4.Final]
	at org.hibernate.resource.jdbc.internal.LogicalConnectionManagedImpl.getPhysicalConnection(LogicalConnectionManagedImpl.java:143) ~[hibernate-core-6.4.4.Final.jar!/:6.4.4.Final]
	at org.hibernate.engine.jdbc.internal.StatementPreparerImpl.connection(StatementPreparerImpl.java:54) ~[hibernate-core-6.4.4.Final.jar!/:6.4.4.Final]
	at org.hibernate.engine.jdbc.internal.StatementPreparerImpl$5.doPrepare(StatementPreparerImpl.java:153) ~[hibernate-core-6.4.4.Final.jar!/:6.4.4.Final]
	at org.hibernate.engine.jdbc.internal.StatementPreparerImpl$StatementPreparationTemplate.prepareStatement(StatementPreparerImpl.java:183) ~[hibernate-core-6.4.4.Final.jar!/:6.4.4.Final]
	at org.hibernate.engine.jdbc.internal.StatementPreparerImpl.prepareQueryStatement(StatementPreparerImpl.java:155) ~[hibernate-core-6.4.4.Final.jar!/:6.4.4.Final]
	at org.hibernate.sql.exec.spi.JdbcSelectExecutor.lambda$list$0(JdbcSelectExecutor.java:85) ~[hibernate-core-6.4.4.Final.jar!/:6.4.4.Final]
	at org.hibernate.sql.results.jdbc.internal.DeferredResultSetAccess.executeQuery(DeferredResultSetAccess.java:231) ~[hibernate-core-6.4.4.Final.jar!/:6.4.4.Final]
	at org.hibernate.sql.results.jdbc.internal.DeferredResultSetAccess.getResultSet(DeferredResultSetAccess.java:167) ~[hibernate-core-6.4.4.Final.jar!/:6.4.4.Final]
	at org.hibernate.sql.results.jdbc.internal.JdbcValuesResultSetImpl.advanceNext(JdbcValuesResultSetImpl.java:218) ~[hibernate-core-6.4.4.Final.jar!/:6.4.4.Final]
	at org.hibernate.sql.results.jdbc.internal.JdbcValuesResultSetImpl.processNext(JdbcValuesResultSetImpl.java:98) ~[hibernate-core-6.4.4.Final.jar!/:6.4.4.Final]
	at org.hibernate.sql.results.jdbc.internal.AbstractJdbcValues.next(AbstractJdbcValues.java:19) ~[hibernate-core-6.4.4.Final.jar!/:6.4.4.Final]
	at org.hibernate.sql.results.internal.RowProcessingStateStandardImpl.next(RowProcessingStateStandardImpl.java:66) ~[hibernate-core-6.4.4.Final.jar!/:6.4.4.Final]
	at org.hibernate.sql.results.spi.ListResultsConsumer.consume(ListResultsConsumer.java:202) ~[hibernate-core-6.4.4.Final.jar!/:6.4.4.Final]
	at org.hibernate.sql.results.spi.ListResultsConsumer.consume(ListResultsConsumer.java:33) ~[hibernate-core-6.4.4.Final.jar!/:6.4.4.Final]
	at org.hibernate.sql.exec.internal.JdbcSelectExecutorStandardImpl.doExecuteQuery(JdbcSelectExecutorStandardImpl.java:209) ~[hibernate-core-6.4.4.Final.jar!/:6.4.4.Final]
	at org.hibernate.sql.exec.internal.JdbcSelectExecutorStandardImpl.executeQuery(JdbcSelectExecutorStandardImpl.java:83) ~[hibernate-core-6.4.4.Final.jar!/:6.4.4.Final]
	at org.hibernate.sql.exec.spi.JdbcSelectExecutor.list(JdbcSelectExecutor.java:76) ~[hibernate-core-6.4.4.Final.jar!/:6.4.4.Final]
	at org.hibernate.sql.exec.spi.JdbcSelectExecutor.list(JdbcSelectExecutor.java:65) ~[hibernate-core-6.4.4.Final.jar!/:6.4.4.Final]
	at org.hibernate.query.sqm.internal.ConcreteSqmSelectQueryPlan.lambda$new$2(ConcreteSqmSelectQueryPlan.java:137) ~[hibernate-core-6.4.4.Final.jar!/:6.4.4.Final]
	at org.hibernate.query.sqm.internal.ConcreteSqmSelectQueryPlan.withCacheableSqmInterpretation(ConcreteSqmSelectQueryPlan.java:362) ~[hibernate-core-6.4.4.Final.jar!/:6.4.4.Final]
	at org.hibernate.query.sqm.internal.ConcreteSqmSelectQueryPlan.performList(ConcreteSqmSelectQueryPlan.java:303) ~[hibernate-core-6.4.4.Final.jar!/:6.4.4.Final]
	at org.hibernate.query.sqm.internal.QuerySqmImpl.doList(QuerySqmImpl.java:509) ~[hibernate-core-6.4.4.Final.jar!/:6.4.4.Final]
	at org.hibernate.query.spi.AbstractSelectionQuery.list(AbstractSelectionQuery.java:427) ~[hibernate-core-6.4.4.Final.jar!/:6.4.4.Final]
	at org.hibernate.query.spi.AbstractSelectionQuery.getSingleResult(AbstractSelectionQuery.java:564) ~[hibernate-core-6.4.4.Final.jar!/:6.4.4.Final]
	at java.base/jdk.internal.reflect.DirectMethodHandleAccessor.invoke(DirectMethodHandleAccessor.java:103) ~[na:na]
	at java.base/java.lang.reflect.Method.invoke(Method.java:580) ~[na:na]
	at org.springframework.orm.jpa.SharedEntityManagerCreator$DeferredQueryInvocationHandler.invoke(SharedEntityManagerCreator.java:415) ~[spring-orm-6.1.4.jar!/:6.1.4]
	at jdk.proxy2/jdk.proxy2.$Proxy196.getSingleResult(Unknown Source) ~[na:na]
	at org.springframework.data.jpa.repository.query.JpaQueryExecution$SingleEntityExecution.doExecute(JpaQueryExecution.java:223) ~[spring-data-jpa-3.2.3.jar!/:3.2.3]
	at org.springframework.data.jpa.repository.query.JpaQueryExecution.execute(JpaQueryExecution.java:92) ~[spring-data-jpa-3.2.3.jar!/:3.2.3]
	at org.springframework.data.jpa.repository.query.AbstractJpaQuery.doExecute(AbstractJpaQuery.java:149) ~[spring-data-jpa-3.2.3.jar!/:3.2.3]
	at org.springframework.data.jpa.repository.query.AbstractJpaQuery.execute(AbstractJpaQuery.java:137) ~[spring-data-jpa-3.2.3.jar!/:3.2.3]
	at org.springframework.data.repository.core.support.RepositoryMethodInvoker.doInvoke(RepositoryMethodInvoker.java:170) ~[spring-data-commons-3.2.3.jar!/:3.2.3]
	at org.springframework.data.repository.core.support.RepositoryMethodInvoker.invoke(RepositoryMethodInvoker.java:158) ~[spring-data-commons-3.2.3.jar!/:3.2.3]
	at org.springframework.data.repository.core.support.QueryExecutorMethodInterceptor.doInvoke(QueryExecutorMethodInterceptor.java:164) ~[spring-data-commons-3.2.3.jar!/:3.2.3]
	at org.springframework.data.repository.core.support.QueryExecutorMethodInterceptor.invoke(QueryExecutorMethodInterceptor.java:143) ~[spring-data-commons-3.2.3.jar!/:3.2.3]
	at org.springframework.aop.framework.ReflectiveMethodInvocation.proceed(ReflectiveMethodInvocation.java:184) ~[spring-aop-6.1.4.jar!/:6.1.4]
	at org.springframework.data.projection.DefaultMethodInvokingMethodInterceptor.invoke(DefaultMethodInvokingMethodInterceptor.java:70) ~[spring-data-commons-3.2.3.jar!/:3.2.3]
	at org.springframework.aop.framework.ReflectiveMethodInvocation.proceed(ReflectiveMethodInvocation.java:184) ~[spring-aop-6.1.4.jar!/:6.1.4]
	at org.springframework.transaction.interceptor.TransactionInterceptor$1.proceedWithInvocation(TransactionInterceptor.java:123) ~[spring-tx-6.1.4.jar!/:6.1.4]
	at org.springframework.transaction.interceptor.TransactionAspectSupport.invokeWithinTransaction(TransactionAspectSupport.java:385) ~[spring-tx-6.1.4.jar!/:6.1.4]
	at org.springframework.transaction.interceptor.TransactionInterceptor.invoke(TransactionInterceptor.java:119) ~[spring-tx-6.1.4.jar!/:6.1.4]
	at org.springframework.aop.framework.ReflectiveMethodInvocation.proceed(ReflectiveMethodInvocation.java:184) ~[spring-aop-6.1.4.jar!/:6.1.4]
	at org.springframework.dao.support.PersistenceExceptionTranslationInterceptor.invoke(PersistenceExceptionTranslationInterceptor.java:137) ~[spring-tx-6.1.4.jar!/:6.1.4]
	... 69 common frames omitted
Caused by: java.sql.SQLTransientConnectionException: HikariPool-1 - Connection is not available, request timed out after 30111ms.
	at com.zaxxer.hikari.pool.HikariPool.createTimeoutException(HikariPool.java:696) ~[HikariCP-5.0.1.jar!/:na]
	at com.zaxxer.hikari.pool.HikariPool.getConnection(HikariPool.java:181) ~[HikariCP-5.0.1.jar!/:na]
	at com.zaxxer.hikari.pool.HikariPool.getConnection(HikariPool.java:146) ~[HikariCP-5.0.1.jar!/:na]
	at com.zaxxer.hikari.HikariDataSource.getConnection(HikariDataSource.java:128) ~[HikariCP-5.0.1.jar!/:na]
	at org.hibernate.engine.jdbc.connections.internal.DatasourceConnectionProviderImpl.getConnection(DatasourceConnectionProviderImpl.java:122) ~[hibernate-core-6.4.4.Final.jar!/:6.4.4.Final]
	at org.hibernate.internal.NonContextualJdbcConnectionAccess.obtainConnection(NonContextualJdbcConnectionAccess.java:46) ~[hibernate-core-6.4.4.Final.jar!/:6.4.4.Final]
	at org.hibernate.resource.jdbc.internal.LogicalConnectionManagedImpl.acquireConnectionIfNeeded(LogicalConnectionManagedImpl.java:113) ~[hibernate-core-6.4.4.Final.jar!/:6.4.4.Final]
	... 113 common frames omitted

2026-08-18T01:45:24.089+05:30  WARN 22332 --- [fixmate-backend] [io-8081-exec-10] o.h.engine.jdbc.spi.SqlExceptionHelper   : SQL Error: 0, SQLState: null
2026-08-18T01:45:24.092+05:30 ERROR 22332 --- [fixmate-backend] [io-8081-exec-10] o.h.engine.jdbc.spi.SqlExceptionHelper   : HikariPool-1 - Connection is not available, request timed out after 30029ms.
2026-08-18T01:45:24.101+05:30 ERROR 22332 --- [fixmate-backend] [io-8081-exec-10] o.a.c.c.C.[.[.[/].[dispatcherServlet]    : Servlet.service() for servlet [dispatcherServlet] in context with path [] threw exception

org.springframework.dao.DataAccessResourceFailureException: Unable to acquire JDBC Connection [HikariPool-1 - Connection is not available, request timed out after 30029ms.] [n/a]
	at org.springframework.orm.jpa.vendor.HibernateJpaDialect.convertHibernateAccessException(HibernateJpaDialect.java:274) ~[spring-orm-6.1.4.jar!/:6.1.4]
	at org.springframework.orm.jpa.vendor.HibernateJpaDialect.translateExceptionIfPossible(HibernateJpaDialect.java:241) ~[spring-orm-6.1.4.jar!/:6.1.4]
	at org.springframework.orm.jpa.AbstractEntityManagerFactoryBean.translateExceptionIfPossible(AbstractEntityManagerFactoryBean.java:550) ~[spring-orm-6.1.4.jar!/:6.1.4]
	at org.springframework.dao.support.ChainedPersistenceExceptionTranslator.translateExceptionIfPossible(ChainedPersistenceExceptionTranslator.java:61) ~[spring-tx-6.1.4.jar!/:6.1.4]
	at org.springframework.dao.support.DataAccessUtils.translateIfNecessary(DataAccessUtils.java:335) ~[spring-tx-6.1.4.jar!/:6.1.4]
	at org.springframework.dao.support.PersistenceExceptionTranslationInterceptor.invoke(PersistenceExceptionTranslationInterceptor.java:152) ~[spring-tx-6.1.4.jar!/:6.1.4]
	at org.springframework.aop.framework.ReflectiveMethodInvocation.proceed(ReflectiveMethodInvocation.java:184) ~[spring-aop-6.1.4.jar!/:6.1.4]
	at org.springframework.data.jpa.repository.support.CrudMethodMetadataPostProcessor$CrudMethodMetadataPopulatingMethodInterceptor.invoke(CrudMethodMetadataPostProcessor.java:135) ~[spring-data-jpa-3.2.3.jar!/:3.2.3]
	at org.springframework.aop.framework.ReflectiveMethodInvocation.proceed(ReflectiveMethodInvocation.java:184) ~[spring-aop-6.1.4.jar!/:6.1.4]
	at org.springframework.aop.interceptor.ExposeInvocationInterceptor.invoke(ExposeInvocationInterceptor.java:97) ~[spring-aop-6.1.4.jar!/:6.1.4]
	at org.springframework.aop.framework.ReflectiveMethodInvocation.proceed(ReflectiveMethodInvocation.java:184) ~[spring-aop-6.1.4.jar!/:6.1.4]
	at org.springframework.aop.framework.JdkDynamicAopProxy.invoke(JdkDynamicAopProxy.java:220) ~[spring-aop-6.1.4.jar!/:6.1.4]
	at jdk.proxy2/jdk.proxy2.$Proxy142.findByEmail(Unknown Source) ~[na:na]
	at com.fixmate.config.ApplicationConfig.lambda$userDetailsService$1(ApplicationConfig.java:24) ~[!/:0.0.1-SNAPSHOT]
	at com.fixmate.config.JwtAuthenticationFilter.doFilterInternal(JwtAuthenticationFilter.java:46) ~[!/:0.0.1-SNAPSHOT]
	at org.springframework.web.filter.OncePerRequestFilter.doFilter(OncePerRequestFilter.java:116) ~[spring-web-6.1.4.jar!/:6.1.4]
	at org.springframework.security.web.FilterChainProxy$VirtualFilterChain.doFilter(FilterChainProxy.java:374) ~[spring-security-web-6.2.2.jar!/:6.2.2]
	at org.springframework.security.web.authentication.logout.LogoutFilter.doFilter(LogoutFilter.java:107) ~[spring-security-web-6.2.2.jar!/:6.2.2]
	at org.springframework.security.web.authentication.logout.LogoutFilter.doFilter(LogoutFilter.java:93) ~[spring-security-web-6.2.2.jar!/:6.2.2]
	at org.springframework.security.web.FilterChainProxy$VirtualFilterChain.doFilter(FilterChainProxy.java:374) ~[spring-security-web-6.2.2.jar!/:6.2.2]
	at org.springframework.web.filter.CorsFilter.doFilterInternal(CorsFilter.java:91) ~[spring-web-6.1.4.jar!/:6.1.4]
	at org.springframework.web.filter.OncePerRequestFilter.doFilter(OncePerRequestFilter.java:116) ~[spring-web-6.1.4.jar!/:6.1.4]
	at org.springframework.security.web.FilterChainProxy$VirtualFilterChain.doFilter(FilterChainProxy.java:374) ~[spring-security-web-6.2.2.jar!/:6.2.2]
	at org.springframework.security.web.header.HeaderWriterFilter.doHeadersAfter(HeaderWriterFilter.java:90) ~[spring-security-web-6.2.2.jar!/:6.2.2]
	at org.springframework.security.web.header.HeaderWriterFilter.doFilterInternal(HeaderWriterFilter.java:75) ~[spring-security-web-6.2.2.jar!/:6.2.2]
	at org.springframework.web.filter.OncePerRequestFilter.doFilter(OncePerRequestFilter.java:116) ~[spring-web-6.1.4.jar!/:6.1.4]
	at org.springframework.security.web.FilterChainProxy$VirtualFilterChain.doFilter(FilterChainProxy.java:374) ~[spring-security-web-6.2.2.jar!/:6.2.2]
	at org.springframework.security.web.context.SecurityContextHolderFilter.doFilter(SecurityContextHolderFilter.java:82) ~[spring-security-web-6.2.2.jar!/:6.2.2]
	at org.springframework.security.web.context.SecurityContextHolderFilter.doFilter(SecurityContextHolderFilter.java:69) ~[spring-security-web-6.2.2.jar!/:6.2.2]
	at org.springframework.security.web.FilterChainProxy$VirtualFilterChain.doFilter(FilterChainProxy.java:374) ~[spring-security-web-6.2.2.jar!/:6.2.2]
	at org.springframework.security.web.context.request.async.WebAsyncManagerIntegrationFilter.doFilterInternal(WebAsyncManagerIntegrationFilter.java:62) ~[spring-security-web-6.2.2.jar!/:6.2.2]
	at org.springframework.web.filter.OncePerRequestFilter.doFilter(OncePerRequestFilter.java:116) ~[spring-web-6.1.4.jar!/:6.1.4]
	at org.springframework.security.web.FilterChainProxy$VirtualFilterChain.doFilter(FilterChainProxy.java:374) ~[spring-security-web-6.2.2.jar!/:6.2.2]
	at org.springframework.security.web.session.DisableEncodeUrlFilter.doFilterInternal(DisableEncodeUrlFilter.java:42) ~[spring-security-web-6.2.2.jar!/:6.2.2]
	at org.springframework.web.filter.OncePerRequestFilter.doFilter(OncePerRequestFilter.java:116) ~[spring-web-6.1.4.jar!/:6.1.4]
	at org.springframework.security.web.FilterChainProxy$VirtualFilterChain.doFilter(FilterChainProxy.java:374) ~[spring-security-web-6.2.2.jar!/:6.2.2]
	at org.springframework.security.web.FilterChainProxy.doFilterInternal(FilterChainProxy.java:233) ~[spring-security-web-6.2.2.jar!/:6.2.2]
	at org.springframework.security.web.FilterChainProxy.doFilter(FilterChainProxy.java:191) ~[spring-security-web-6.2.2.jar!/:6.2.2]
	at org.springframework.web.filter.CompositeFilter$VirtualFilterChain.doFilter(CompositeFilter.java:113) ~[spring-web-6.1.4.jar!/:6.1.4]
	at org.springframework.web.servlet.handler.HandlerMappingIntrospector.lambda$createCacheFilter$3(HandlerMappingIntrospector.java:195) ~[spring-webmvc-6.1.4.jar!/:6.1.4]
	at org.springframework.web.filter.CompositeFilter$VirtualFilterChain.doFilter(CompositeFilter.java:113) ~[spring-web-6.1.4.jar!/:6.1.4]
	at org.springframework.web.filter.CompositeFilter.doFilter(CompositeFilter.java:74) ~[spring-web-6.1.4.jar!/:6.1.4]
	at org.springframework.security.config.annotation.web.configuration.WebMvcSecurityConfiguration$CompositeFilterChainProxy.doFilter(WebMvcSecurityConfiguration.java:230) ~[spring-security-config-6.2.2.jar!/:6.2.2]
	at org.springframework.web.filter.DelegatingFilterProxy.invokeDelegate(DelegatingFilterProxy.java:352) ~[spring-web-6.1.4.jar!/:6.1.4]
	at org.springframework.web.filter.DelegatingFilterProxy.doFilter(DelegatingFilterProxy.java:268) ~[spring-web-6.1.4.jar!/:6.1.4]
	at org.apache.catalina.core.ApplicationFilterChain.internalDoFilter(ApplicationFilterChain.java:174) ~[tomcat-embed-core-10.1.19.jar!/:na]
	at org.apache.catalina.core.ApplicationFilterChain.doFilter(ApplicationFilterChain.java:149) ~[tomcat-embed-core-10.1.19.jar!/:na]
	at org.springframework.web.filter.RequestContextFilter.doFilterInternal(RequestContextFilter.java:100) ~[spring-web-6.1.4.jar!/:6.1.4]
	at org.springframework.web.filter.OncePerRequestFilter.doFilter(OncePerRequestFilter.java:116) ~[spring-web-6.1.4.jar!/:6.1.4]
	at org.apache.catalina.core.ApplicationFilterChain.internalDoFilter(ApplicationFilterChain.java:174) ~[tomcat-embed-core-10.1.19.jar!/:na]
	at org.apache.catalina.core.ApplicationFilterChain.doFilter(ApplicationFilterChain.java:149) ~[tomcat-embed-core-10.1.19.jar!/:na]
	at org.springframework.web.filter.FormContentFilter.doFilterInternal(FormContentFilter.java:93) ~[spring-web-6.1.4.jar!/:6.1.4]
	at org.springframework.web.filter.OncePerRequestFilter.doFilter(OncePerRequestFilter.java:116) ~[spring-web-6.1.4.jar!/:6.1.4]
	at org.apache.catalina.core.ApplicationFilterChain.internalDoFilter(ApplicationFilterChain.java:174) ~[tomcat-embed-core-10.1.19.jar!/:na]
	at org.apache.catalina.core.ApplicationFilterChain.doFilter(ApplicationFilterChain.java:149) ~[tomcat-embed-core-10.1.19.jar!/:na]
	at org.springframework.web.filter.CharacterEncodingFilter.doFilterInternal(CharacterEncodingFilter.java:201) ~[spring-web-6.1.4.jar!/:6.1.4]
	at org.springframework.web.filter.OncePerRequestFilter.doFilter(OncePerRequestFilter.java:116) ~[spring-web-6.1.4.jar!/:6.1.4]
	at org.apache.catalina.core.ApplicationFilterChain.internalDoFilter(ApplicationFilterChain.java:174) ~[tomcat-embed-core-10.1.19.jar!/:na]
	at org.apache.catalina.core.ApplicationFilterChain.doFilter(ApplicationFilterChain.java:149) ~[tomcat-embed-core-10.1.19.jar!/:na]
	at org.apache.catalina.core.StandardWrapperValve.invoke(StandardWrapperValve.java:167) ~[tomcat-embed-core-10.1.19.jar!/:na]
	at org.apache.catalina.core.StandardContextValve.invoke(StandardContextValve.java:90) ~[tomcat-embed-core-10.1.19.jar!/:na]
	at org.apache.catalina.authenticator.AuthenticatorBase.invoke(AuthenticatorBase.java:482) ~[tomcat-embed-core-10.1.19.jar!/:na]
	at org.apache.catalina.core.StandardHostValve.invoke(StandardHostValve.java:115) ~[tomcat-embed-core-10.1.19.jar!/:na]
	at org.apache.catalina.valves.ErrorReportValve.invoke(ErrorReportValve.java:93) ~[tomcat-embed-core-10.1.19.jar!/:na]
	at org.apache.catalina.core.StandardEngineValve.invoke(StandardEngineValve.java:74) ~[tomcat-embed-core-10.1.19.jar!/:na]
	at org.apache.catalina.connector.CoyoteAdapter.service(CoyoteAdapter.java:344) ~[tomcat-embed-core-10.1.19.jar!/:na]
	at org.apache.coyote.http11.Http11Processor.service(Http11Processor.java:391) ~[tomcat-embed-core-10.1.19.jar!/:na]
	at org.apache.coyote.AbstractProcessorLight.process(AbstractProcessorLight.java:63) ~[tomcat-embed-core-10.1.19.jar!/:na]
	at org.apache.coyote.AbstractProtocol$ConnectionHandler.process(AbstractProtocol.java:896) ~[tomcat-embed-core-10.1.19.jar!/:na]
	at org.apache.tomcat.util.net.NioEndpoint$SocketProcessor.doRun(NioEndpoint.java:1744) ~[tomcat-embed-core-10.1.19.jar!/:na]
	at org.apache.tomcat.util.net.SocketProcessorBase.run(SocketProcessorBase.java:52) ~[tomcat-embed-core-10.1.19.jar!/:na]
	at org.apache.tomcat.util.threads.ThreadPoolExecutor.runWorker(ThreadPoolExecutor.java:1191) ~[tomcat-embed-core-10.1.19.jar!/:na]
	at org.apache.tomcat.util.threads.ThreadPoolExecutor$Worker.run(ThreadPoolExecutor.java:659) ~[tomcat-embed-core-10.1.19.jar!/:na]
	at org.apache.tomcat.util.threads.TaskThread$WrappingRunnable.run(TaskThread.java:63) ~[tomcat-embed-core-10.1.19.jar!/:na]
	at java.base/java.lang.Thread.run(Thread.java:1575) ~[na:na]
Caused by: org.hibernate.exception.JDBCConnectionException: Unable to acquire JDBC Connection [HikariPool-1 - Connection is not available, request timed out after 30029ms.] [n/a]
	at org.hibernate.exception.internal.SQLExceptionTypeDelegate.convert(SQLExceptionTypeDelegate.java:51) ~[hibernate-core-6.4.4.Final.jar!/:6.4.4.Final]
	at org.hibernate.exception.internal.StandardSQLExceptionConverter.convert(StandardSQLExceptionConverter.java:58) ~[hibernate-core-6.4.4.Final.jar!/:6.4.4.Final]
	at org.hibernate.engine.jdbc.spi.SqlExceptionHelper.convert(SqlExceptionHelper.java:108) ~[hibernate-core-6.4.4.Final.jar!/:6.4.4.Final]
	at org.hibernate.engine.jdbc.spi.SqlExceptionHelper.convert(SqlExceptionHelper.java:94) ~[hibernate-core-6.4.4.Final.jar!/:6.4.4.Final]
	at org.hibernate.resource.jdbc.internal.LogicalConnectionManagedImpl.acquireConnectionIfNeeded(LogicalConnectionManagedImpl.java:116) ~[hibernate-core-6.4.4.Final.jar!/:6.4.4.Final]
	at org.hibernate.resource.jdbc.internal.LogicalConnectionManagedImpl.getPhysicalConnection(LogicalConnectionManagedImpl.java:143) ~[hibernate-core-6.4.4.Final.jar!/:6.4.4.Final]
	at org.hibernate.engine.jdbc.internal.StatementPreparerImpl.connection(StatementPreparerImpl.java:54) ~[hibernate-core-6.4.4.Final.jar!/:6.4.4.Final]
	at org.hibernate.engine.jdbc.internal.StatementPreparerImpl$5.doPrepare(StatementPreparerImpl.java:153) ~[hibernate-core-6.4.4.Final.jar!/:6.4.4.Final]
	at org.hibernate.engine.jdbc.internal.StatementPreparerImpl$StatementPreparationTemplate.prepareStatement(StatementPreparerImpl.java:183) ~[hibernate-core-6.4.4.Final.jar!/:6.4.4.Final]
	at org.hibernate.engine.jdbc.internal.StatementPreparerImpl.prepareQueryStatement(StatementPreparerImpl.java:155) ~[hibernate-core-6.4.4.Final.jar!/:6.4.4.Final]
	at org.hibernate.sql.exec.spi.JdbcSelectExecutor.lambda$list$0(JdbcSelectExecutor.java:85) ~[hibernate-core-6.4.4.Final.jar!/:6.4.4.Final]
	at org.hibernate.sql.results.jdbc.internal.DeferredResultSetAccess.executeQuery(DeferredResultSetAccess.java:231) ~[hibernate-core-6.4.4.Final.jar!/:6.4.4.Final]
	at org.hibernate.sql.results.jdbc.internal.DeferredResultSetAccess.getResultSet(DeferredResultSetAccess.java:167) ~[hibernate-core-6.4.4.Final.jar!/:6.4.4.Final]
	at org.hibernate.sql.results.jdbc.internal.JdbcValuesResultSetImpl.advanceNext(JdbcValuesResultSetImpl.java:218) ~[hibernate-core-6.4.4.Final.jar!/:6.4.4.Final]
	at org.hibernate.sql.results.jdbc.internal.JdbcValuesResultSetImpl.processNext(JdbcValuesResultSetImpl.java:98) ~[hibernate-core-6.4.4.Final.jar!/:6.4.4.Final]
	at org.hibernate.sql.results.jdbc.internal.AbstractJdbcValues.next(AbstractJdbcValues.java:19) ~[hibernate-core-6.4.4.Final.jar!/:6.4.4.Final]
	at org.hibernate.sql.results.internal.RowProcessingStateStandardImpl.next(RowProcessingStateStandardImpl.java:66) ~[hibernate-core-6.4.4.Final.jar!/:6.4.4.Final]
	at org.hibernate.sql.results.spi.ListResultsConsumer.consume(ListResultsConsumer.java:202) ~[hibernate-core-6.4.4.Final.jar!/:6.4.4.Final]
	at org.hibernate.sql.results.spi.ListResultsConsumer.consume(ListResultsConsumer.java:33) ~[hibernate-core-6.4.4.Final.jar!/:6.4.4.Final]
	at org.hibernate.sql.exec.internal.JdbcSelectExecutorStandardImpl.doExecuteQuery(JdbcSelectExecutorStandardImpl.java:209) ~[hibernate-core-6.4.4.Final.jar!/:6.4.4.Final]
	at org.hibernate.sql.exec.internal.JdbcSelectExecutorStandardImpl.executeQuery(JdbcSelectExecutorStandardImpl.java:83) ~[hibernate-core-6.4.4.Final.jar!/:6.4.4.Final]
	at org.hibernate.sql.exec.spi.JdbcSelectExecutor.list(JdbcSelectExecutor.java:76) ~[hibernate-core-6.4.4.Final.jar!/:6.4.4.Final]
	at org.hibernate.sql.exec.spi.JdbcSelectExecutor.list(JdbcSelectExecutor.java:65) ~[hibernate-core-6.4.4.Final.jar!/:6.4.4.Final]
	at org.hibernate.query.sqm.internal.ConcreteSqmSelectQueryPlan.lambda$new$2(ConcreteSqmSelectQueryPlan.java:137) ~[hibernate-core-6.4.4.Final.jar!/:6.4.4.Final]
	at org.hibernate.query.sqm.internal.ConcreteSqmSelectQueryPlan.withCacheableSqmInterpretation(ConcreteSqmSelectQueryPlan.java:362) ~[hibernate-core-6.4.4.Final.jar!/:6.4.4.Final]
	at org.hibernate.query.sqm.internal.ConcreteSqmSelectQueryPlan.performList(ConcreteSqmSelectQueryPlan.java:303) ~[hibernate-core-6.4.4.Final.jar!/:6.4.4.Final]
	at org.hibernate.query.sqm.internal.QuerySqmImpl.doList(QuerySqmImpl.java:509) ~[hibernate-core-6.4.4.Final.jar!/:6.4.4.Final]
	at org.hibernate.query.spi.AbstractSelectionQuery.list(AbstractSelectionQuery.java:427) ~[hibernate-core-6.4.4.Final.jar!/:6.4.4.Final]
	at org.hibernate.query.spi.AbstractSelectionQuery.getSingleResult(AbstractSelectionQuery.java:564) ~[hibernate-core-6.4.4.Final.jar!/:6.4.4.Final]
	at java.base/jdk.internal.reflect.DirectMethodHandleAccessor.invoke(DirectMethodHandleAccessor.java:103) ~[na:na]
	at java.base/java.lang.reflect.Method.invoke(Method.java:580) ~[na:na]
	at org.springframework.orm.jpa.SharedEntityManagerCreator$DeferredQueryInvocationHandler.invoke(SharedEntityManagerCreator.java:415) ~[spring-orm-6.1.4.jar!/:6.1.4]
	at jdk.proxy2/jdk.proxy2.$Proxy196.getSingleResult(Unknown Source) ~[na:na]
	at org.springframework.data.jpa.repository.query.JpaQueryExecution$SingleEntityExecution.doExecute(JpaQueryExecution.java:223) ~[spring-data-jpa-3.2.3.jar!/:3.2.3]
	at org.springframework.data.jpa.repository.query.JpaQueryExecution.execute(JpaQueryExecution.java:92) ~[spring-data-jpa-3.2.3.jar!/:3.2.3]
	at org.springframework.data.jpa.repository.query.AbstractJpaQuery.doExecute(AbstractJpaQuery.java:149) ~[spring-data-jpa-3.2.3.jar!/:3.2.3]
	at org.springframework.data.jpa.repository.query.AbstractJpaQuery.execute(AbstractJpaQuery.java:137) ~[spring-data-jpa-3.2.3.jar!/:3.2.3]
	at org.springframework.data.repository.core.support.RepositoryMethodInvoker.doInvoke(RepositoryMethodInvoker.java:170) ~[spring-data-commons-3.2.3.jar!/:3.2.3]
	at org.springframework.data.repository.core.support.RepositoryMethodInvoker.invoke(RepositoryMethodInvoker.java:158) ~[spring-data-commons-3.2.3.jar!/:3.2.3]
	at org.springframework.data.repository.core.support.QueryExecutorMethodInterceptor.doInvoke(QueryExecutorMethodInterceptor.java:164) ~[spring-data-commons-3.2.3.jar!/:3.2.3]
	at org.springframework.data.repository.core.support.QueryExecutorMethodInterceptor.invoke(QueryExecutorMethodInterceptor.java:143) ~[spring-data-commons-3.2.3.jar!/:3.2.3]
	at org.springframework.aop.framework.ReflectiveMethodInvocation.proceed(ReflectiveMethodInvocation.java:184) ~[spring-aop-6.1.4.jar!/:6.1.4]
	at org.springframework.data.projection.DefaultMethodInvokingMethodInterceptor.invoke(DefaultMethodInvokingMethodInterceptor.java:70) ~[spring-data-commons-3.2.3.jar!/:3.2.3]
	at org.springframework.aop.framework.ReflectiveMethodInvocation.proceed(ReflectiveMethodInvocation.java:184) ~[spring-aop-6.1.4.jar!/:6.1.4]
	at org.springframework.transaction.interceptor.TransactionInterceptor$1.proceedWithInvocation(TransactionInterceptor.java:123) ~[spring-tx-6.1.4.jar!/:6.1.4]
	at org.springframework.transaction.interceptor.TransactionAspectSupport.invokeWithinTransaction(TransactionAspectSupport.java:385) ~[spring-tx-6.1.4.jar!/:6.1.4]
	at org.springframework.transaction.interceptor.TransactionInterceptor.invoke(TransactionInterceptor.java:119) ~[spring-tx-6.1.4.jar!/:6.1.4]
	at org.springframework.aop.framework.ReflectiveMethodInvocation.proceed(ReflectiveMethodInvocation.java:184) ~[spring-aop-6.1.4.jar!/:6.1.4]
	at org.springframework.dao.support.PersistenceExceptionTranslationInterceptor.invoke(PersistenceExceptionTranslationInterceptor.java:137) ~[spring-tx-6.1.4.jar!/:6.1.4]
	... 69 common frames omitted
Caused by: java.sql.SQLTransientConnectionException: HikariPool-1 - Connection is not available, request timed out after 30029ms.
	at com.zaxxer.hikari.pool.HikariPool.createTimeoutException(HikariPool.java:696) ~[HikariCP-5.0.1.jar!/:na]
	at com.zaxxer.hikari.pool.HikariPool.getConnection(HikariPool.java:181) ~[HikariCP-5.0.1.jar!/:na]
	at com.zaxxer.hikari.pool.HikariPool.getConnection(HikariPool.java:146) ~[HikariCP-5.0.1.jar!/:na]
	at com.zaxxer.hikari.HikariDataSource.getConnection(HikariDataSource.java:128) ~[HikariCP-5.0.1.jar!/:na]
	at org.hibernate.engine.jdbc.connections.internal.DatasourceConnectionProviderImpl.getConnection(DatasourceConnectionProviderImpl.java:122) ~[hibernate-core-6.4.4.Final.jar!/:6.4.4.Final]
	at org.hibernate.internal.NonContextualJdbcConnectionAccess.obtainConnection(NonContextualJdbcConnectionAccess.java:46) ~[hibernate-core-6.4.4.Final.jar!/:6.4.4.Final]
	at org.hibernate.resource.jdbc.internal.LogicalConnectionManagedImpl.acquireConnectionIfNeeded(LogicalConnectionManagedImpl.java:113) ~[hibernate-core-6.4.4.Final.jar!/:6.4.4.Final]
	... 113 common frames omitted

2026-08-18T01:45:42.463+05:30  WARN 22332 --- [fixmate-backend] [nio-8081-exec-4] o.h.engine.jdbc.spi.SqlExceptionHelper   : SQL Error: 0, SQLState: null
2026-08-18T01:45:42.466+05:30 ERROR 22332 --- [fixmate-backend] [nio-8081-exec-4] o.h.engine.jdbc.spi.SqlExceptionHelper   : HikariPool-1 - Connection is not available, request timed out after 30012ms.
2026-08-18T01:45:42.469+05:30 ERROR 22332 --- [fixmate-backend] [nio-8081-exec-4] o.a.c.c.C.[.[.[/].[dispatcherServlet]    : Servlet.service() for servlet [dispatcherServlet] in context with path [] threw exception

org.springframework.dao.DataAccessResourceFailureException: Unable to acquire JDBC Connection [HikariPool-1 - Connection is not available, request timed out after 30012ms.] [n/a]
	at org.springframework.orm.jpa.vendor.HibernateJpaDialect.convertHibernateAccessException(HibernateJpaDialect.java:274) ~[spring-orm-6.1.4.jar!/:6.1.4]
	at org.springframework.orm.jpa.vendor.HibernateJpaDialect.translateExceptionIfPossible(HibernateJpaDialect.java:241) ~[spring-orm-6.1.4.jar!/:6.1.4]
	at org.springframework.orm.jpa.AbstractEntityManagerFactoryBean.translateExceptionIfPossible(AbstractEntityManagerFactoryBean.java:550) ~[spring-orm-6.1.4.jar!/:6.1.4]
	at org.springframework.dao.support.ChainedPersistenceExceptionTranslator.translateExceptionIfPossible(ChainedPersistenceExceptionTranslator.java:61) ~[spring-tx-6.1.4.jar!/:6.1.4]
	at org.springframework.dao.support.DataAccessUtils.translateIfNecessary(DataAccessUtils.java:335) ~[spring-tx-6.1.4.jar!/:6.1.4]
	at org.springframework.dao.support.PersistenceExceptionTranslationInterceptor.invoke(PersistenceExceptionTranslationInterceptor.java:152) ~[spring-tx-6.1.4.jar!/:6.1.4]
	at org.springframework.aop.framework.ReflectiveMethodInvocation.proceed(ReflectiveMethodInvocation.java:184) ~[spring-aop-6.1.4.jar!/:6.1.4]
	at org.springframework.data.jpa.repository.support.CrudMethodMetadataPostProcessor$CrudMethodMetadataPopulatingMethodInterceptor.invoke(CrudMethodMetadataPostProcessor.java:135) ~[spring-data-jpa-3.2.3.jar!/:3.2.3]
	at org.springframework.aop.framework.ReflectiveMethodInvocation.proceed(ReflectiveMethodInvocation.java:184) ~[spring-aop-6.1.4.jar!/:6.1.4]
	at org.springframework.aop.interceptor.ExposeInvocationInterceptor.invoke(ExposeInvocationInterceptor.java:97) ~[spring-aop-6.1.4.jar!/:6.1.4]
	at org.springframework.aop.framework.ReflectiveMethodInvocation.proceed(ReflectiveMethodInvocation.java:184) ~[spring-aop-6.1.4.jar!/:6.1.4]
	at org.springframework.aop.framework.JdkDynamicAopProxy.invoke(JdkDynamicAopProxy.java:220) ~[spring-aop-6.1.4.jar!/:6.1.4]
	at jdk.proxy2/jdk.proxy2.$Proxy142.findByEmail(Unknown Source) ~[na:na]
	at com.fixmate.config.ApplicationConfig.lambda$userDetailsService$1(ApplicationConfig.java:24) ~[!/:0.0.1-SNAPSHOT]
	at com.fixmate.config.JwtAuthenticationFilter.doFilterInternal(JwtAuthenticationFilter.java:46) ~[!/:0.0.1-SNAPSHOT]
	at org.springframework.web.filter.OncePerRequestFilter.doFilter(OncePerRequestFilter.java:116) ~[spring-web-6.1.4.jar!/:6.1.4]
	at org.springframework.security.web.FilterChainProxy$VirtualFilterChain.doFilter(FilterChainProxy.java:374) ~[spring-security-web-6.2.2.jar!/:6.2.2]
	at org.springframework.security.web.authentication.logout.LogoutFilter.doFilter(LogoutFilter.java:107) ~[spring-security-web-6.2.2.jar!/:6.2.2]
	at org.springframework.security.web.authentication.logout.LogoutFilter.doFilter(LogoutFilter.java:93) ~[spring-security-web-6.2.2.jar!/:6.2.2]
	at org.springframework.security.web.FilterChainProxy$VirtualFilterChain.doFilter(FilterChainProxy.java:374) ~[spring-security-web-6.2.2.jar!/:6.2.2]
	at org.springframework.web.filter.CorsFilter.doFilterInternal(CorsFilter.java:91) ~[spring-web-6.1.4.jar!/:6.1.4]
	at org.springframework.web.filter.OncePerRequestFilter.doFilter(OncePerRequestFilter.java:116) ~[spring-web-6.1.4.jar!/:6.1.4]
	at org.springframework.security.web.FilterChainProxy$VirtualFilterChain.doFilter(FilterChainProxy.java:374) ~[spring-security-web-6.2.2.jar!/:6.2.2]
	at org.springframework.security.web.header.HeaderWriterFilter.doHeadersAfter(HeaderWriterFilter.java:90) ~[spring-security-web-6.2.2.jar!/:6.2.2]
	at org.springframework.security.web.header.HeaderWriterFilter.doFilterInternal(HeaderWriterFilter.java:75) ~[spring-security-web-6.2.2.jar!/:6.2.2]
	at org.springframework.web.filter.OncePerRequestFilter.doFilter(OncePerRequestFilter.java:116) ~[spring-web-6.1.4.jar!/:6.1.4]
	at org.springframework.security.web.FilterChainProxy$VirtualFilterChain.doFilter(FilterChainProxy.java:374) ~[spring-security-web-6.2.2.jar!/:6.2.2]
	at org.springframework.security.web.context.SecurityContextHolderFilter.doFilter(SecurityContextHolderFilter.java:82) ~[spring-security-web-6.2.2.jar!/:6.2.2]
	at org.springframework.security.web.context.SecurityContextHolderFilter.doFilter(SecurityContextHolderFilter.java:69) ~[spring-security-web-6.2.2.jar!/:6.2.2]
	at org.springframework.security.web.FilterChainProxy$VirtualFilterChain.doFilter(FilterChainProxy.java:374) ~[spring-security-web-6.2.2.jar!/:6.2.2]
	at org.springframework.security.web.context.request.async.WebAsyncManagerIntegrationFilter.doFilterInternal(WebAsyncManagerIntegrationFilter.java:62) ~[spring-security-web-6.2.2.jar!/:6.2.2]
	at org.springframework.web.filter.OncePerRequestFilter.doFilter(OncePerRequestFilter.java:116) ~[spring-web-6.1.4.jar!/:6.1.4]
	at org.springframework.security.web.FilterChainProxy$VirtualFilterChain.doFilter(FilterChainProxy.java:374) ~[spring-security-web-6.2.2.jar!/:6.2.2]
	at org.springframework.security.web.session.DisableEncodeUrlFilter.doFilterInternal(DisableEncodeUrlFilter.java:42) ~[spring-security-web-6.2.2.jar!/:6.2.2]
	at org.springframework.web.filter.OncePerRequestFilter.doFilter(OncePerRequestFilter.java:116) ~[spring-web-6.1.4.jar!/:6.1.4]
	at org.springframework.security.web.FilterChainProxy$VirtualFilterChain.doFilter(FilterChainProxy.java:374) ~[spring-security-web-6.2.2.jar!/:6.2.2]
	at org.springframework.security.web.FilterChainProxy.doFilterInternal(FilterChainProxy.java:233) ~[spring-security-web-6.2.2.jar!/:6.2.2]
	at org.springframework.security.web.FilterChainProxy.doFilter(FilterChainProxy.java:191) ~[spring-security-web-6.2.2.jar!/:6.2.2]
	at org.springframework.web.filter.CompositeFilter$VirtualFilterChain.doFilter(CompositeFilter.java:113) ~[spring-web-6.1.4.jar!/:6.1.4]
	at org.springframework.web.servlet.handler.HandlerMappingIntrospector.lambda$createCacheFilter$3(HandlerMappingIntrospector.java:195) ~[spring-webmvc-6.1.4.jar!/:6.1.4]
	at org.springframework.web.filter.CompositeFilter$VirtualFilterChain.doFilter(CompositeFilter.java:113) ~[spring-web-6.1.4.jar!/:6.1.4]
	at org.springframework.web.filter.CompositeFilter.doFilter(CompositeFilter.java:74) ~[spring-web-6.1.4.jar!/:6.1.4]
	at org.springframework.security.config.annotation.web.configuration.WebMvcSecurityConfiguration$CompositeFilterChainProxy.doFilter(WebMvcSecurityConfiguration.java:230) ~[spring-security-config-6.2.2.jar!/:6.2.2]
	at org.springframework.web.filter.DelegatingFilterProxy.invokeDelegate(DelegatingFilterProxy.java:352) ~[spring-web-6.1.4.jar!/:6.1.4]
	at org.springframework.web.filter.DelegatingFilterProxy.doFilter(DelegatingFilterProxy.java:268) ~[spring-web-6.1.4.jar!/:6.1.4]
	at org.apache.catalina.core.ApplicationFilterChain.internalDoFilter(ApplicationFilterChain.java:174) ~[tomcat-embed-core-10.1.19.jar!/:na]
	at org.apache.catalina.core.ApplicationFilterChain.doFilter(ApplicationFilterChain.java:149) ~[tomcat-embed-core-10.1.19.jar!/:na]
	at org.springframework.web.filter.RequestContextFilter.doFilterInternal(RequestContextFilter.java:100) ~[spring-web-6.1.4.jar!/:6.1.4]
	at org.springframework.web.filter.OncePerRequestFilter.doFilter(OncePerRequestFilter.java:116) ~[spring-web-6.1.4.jar!/:6.1.4]
	at org.apache.catalina.core.ApplicationFilterChain.internalDoFilter(ApplicationFilterChain.java:174) ~[tomcat-embed-core-10.1.19.jar!/:na]
	at org.apache.catalina.core.ApplicationFilterChain.doFilter(ApplicationFilterChain.java:149) ~[tomcat-embed-core-10.1.19.jar!/:na]
	at org.springframework.web.filter.FormContentFilter.doFilterInternal(FormContentFilter.java:93) ~[spring-web-6.1.4.jar!/:6.1.4]
	at org.springframework.web.filter.OncePerRequestFilter.doFilter(OncePerRequestFilter.java:116) ~[spring-web-6.1.4.jar!/:6.1.4]
	at org.apache.catalina.core.ApplicationFilterChain.internalDoFilter(ApplicationFilterChain.java:174) ~[tomcat-embed-core-10.1.19.jar!/:na]
	at org.apache.catalina.core.ApplicationFilterChain.doFilter(ApplicationFilterChain.java:149) ~[tomcat-embed-core-10.1.19.jar!/:na]
	at org.springframework.web.filter.CharacterEncodingFilter.doFilterInternal(CharacterEncodingFilter.java:201) ~[spring-web-6.1.4.jar!/:6.1.4]
	at org.springframework.web.filter.OncePerRequestFilter.doFilter(OncePerRequestFilter.java:116) ~[spring-web-6.1.4.jar!/:6.1.4]
	at org.apache.catalina.core.ApplicationFilterChain.internalDoFilter(ApplicationFilterChain.java:174) ~[tomcat-embed-core-10.1.19.jar!/:na]
	at org.apache.catalina.core.ApplicationFilterChain.doFilter(ApplicationFilterChain.java:149) ~[tomcat-embed-core-10.1.19.jar!/:na]
	at org.apache.catalina.core.StandardWrapperValve.invoke(StandardWrapperValve.java:167) ~[tomcat-embed-core-10.1.19.jar!/:na]
	at org.apache.catalina.core.StandardContextValve.invoke(StandardContextValve.java:90) ~[tomcat-embed-core-10.1.19.jar!/:na]
	at org.apache.catalina.authenticator.AuthenticatorBase.invoke(AuthenticatorBase.java:482) ~[tomcat-embed-core-10.1.19.jar!/:na]
	at org.apache.catalina.core.StandardHostValve.invoke(StandardHostValve.java:115) ~[tomcat-embed-core-10.1.19.jar!/:na]
	at org.apache.catalina.valves.ErrorReportValve.invoke(ErrorReportValve.java:93) ~[tomcat-embed-core-10.1.19.jar!/:na]
	at org.apache.catalina.core.StandardEngineValve.invoke(StandardEngineValve.java:74) ~[tomcat-embed-core-10.1.19.jar!/:na]
	at org.apache.catalina.connector.CoyoteAdapter.service(CoyoteAdapter.java:344) ~[tomcat-embed-core-10.1.19.jar!/:na]
	at org.apache.coyote.http11.Http11Processor.service(Http11Processor.java:391) ~[tomcat-embed-core-10.1.19.jar!/:na]
	at org.apache.coyote.AbstractProcessorLight.process(AbstractProcessorLight.java:63) ~[tomcat-embed-core-10.1.19.jar!/:na]
	at org.apache.coyote.AbstractProtocol$ConnectionHandler.process(AbstractProtocol.java:896) ~[tomcat-embed-core-10.1.19.jar!/:na]
	at org.apache.tomcat.util.net.NioEndpoint$SocketProcessor.doRun(NioEndpoint.java:1744) ~[tomcat-embed-core-10.1.19.jar!/:na]
	at org.apache.tomcat.util.net.SocketProcessorBase.run(SocketProcessorBase.java:52) ~[tomcat-embed-core-10.1.19.jar!/:na]
	at org.apache.tomcat.util.threads.ThreadPoolExecutor.runWorker(ThreadPoolExecutor.java:1191) ~[tomcat-embed-core-10.1.19.jar!/:na]
	at org.apache.tomcat.util.threads.ThreadPoolExecutor$Worker.run(ThreadPoolExecutor.java:659) ~[tomcat-embed-core-10.1.19.jar!/:na]
	at org.apache.tomcat.util.threads.TaskThread$WrappingRunnable.run(TaskThread.java:63) ~[tomcat-embed-core-10.1.19.jar!/:na]
	at java.base/java.lang.Thread.run(Thread.java:1575) ~[na:na]
Caused by: org.hibernate.exception.JDBCConnectionException: Unable to acquire JDBC Connection [HikariPool-1 - Connection is not available, request timed out after 30012ms.] [n/a]
	at org.hibernate.exception.internal.SQLExceptionTypeDelegate.convert(SQLExceptionTypeDelegate.java:51) ~[hibernate-core-6.4.4.Final.jar!/:6.4.4.Final]
	at org.hibernate.exception.internal.StandardSQLExceptionConverter.convert(StandardSQLExceptionConverter.java:58) ~[hibernate-core-6.4.4.Final.jar!/:6.4.4.Final]
	at org.hibernate.engine.jdbc.spi.SqlExceptionHelper.convert(SqlExceptionHelper.java:108) ~[hibernate-core-6.4.4.Final.jar!/:6.4.4.Final]
	at org.hibernate.engine.jdbc.spi.SqlExceptionHelper.convert(SqlExceptionHelper.java:94) ~[hibernate-core-6.4.4.Final.jar!/:6.4.4.Final]
	at org.hibernate.resource.jdbc.internal.LogicalConnectionManagedImpl.acquireConnectionIfNeeded(LogicalConnectionManagedImpl.java:116) ~[hibernate-core-6.4.4.Final.jar!/:6.4.4.Final]
	at org.hibernate.resource.jdbc.internal.LogicalConnectionManagedImpl.getPhysicalConnection(LogicalConnectionManagedImpl.java:143) ~[hibernate-core-6.4.4.Final.jar!/:6.4.4.Final]
	at org.hibernate.engine.jdbc.internal.StatementPreparerImpl.connection(StatementPreparerImpl.java:54) ~[hibernate-core-6.4.4.Final.jar!/:6.4.4.Final]
	at org.hibernate.engine.jdbc.internal.StatementPreparerImpl$5.doPrepare(StatementPreparerImpl.java:153) ~[hibernate-core-6.4.4.Final.jar!/:6.4.4.Final]
	at org.hibernate.engine.jdbc.internal.StatementPreparerImpl$StatementPreparationTemplate.prepareStatement(StatementPreparerImpl.java:183) ~[hibernate-core-6.4.4.Final.jar!/:6.4.4.Final]
	at org.hibernate.engine.jdbc.internal.StatementPreparerImpl.prepareQueryStatement(StatementPreparerImpl.java:155) ~[hibernate-core-6.4.4.Final.jar!/:6.4.4.Final]
	at org.hibernate.sql.exec.spi.JdbcSelectExecutor.lambda$list$0(JdbcSelectExecutor.java:85) ~[hibernate-core-6.4.4.Final.jar!/:6.4.4.Final]
	at org.hibernate.sql.results.jdbc.internal.DeferredResultSetAccess.executeQuery(DeferredResultSetAccess.java:231) ~[hibernate-core-6.4.4.Final.jar!/:6.4.4.Final]
	at org.hibernate.sql.results.jdbc.internal.DeferredResultSetAccess.getResultSet(DeferredResultSetAccess.java:167) ~[hibernate-core-6.4.4.Final.jar!/:6.4.4.Final]
	at org.hibernate.sql.results.jdbc.internal.JdbcValuesResultSetImpl.advanceNext(JdbcValuesResultSetImpl.java:218) ~[hibernate-core-6.4.4.Final.jar!/:6.4.4.Final]
	at org.hibernate.sql.results.jdbc.internal.JdbcValuesResultSetImpl.processNext(JdbcValuesResultSetImpl.java:98) ~[hibernate-core-6.4.4.Final.jar!/:6.4.4.Final]
	at org.hibernate.sql.results.jdbc.internal.AbstractJdbcValues.next(AbstractJdbcValues.java:19) ~[hibernate-core-6.4.4.Final.jar!/:6.4.4.Final]
	at org.hibernate.sql.results.internal.RowProcessingStateStandardImpl.next(RowProcessingStateStandardImpl.java:66) ~[hibernate-core-6.4.4.Final.jar!/:6.4.4.Final]
	at org.hibernate.sql.results.spi.ListResultsConsumer.consume(ListResultsConsumer.java:202) ~[hibernate-core-6.4.4.Final.jar!/:6.4.4.Final]
	at org.hibernate.sql.results.spi.ListResultsConsumer.consume(ListResultsConsumer.java:33) ~[hibernate-core-6.4.4.Final.jar!/:6.4.4.Final]
	at org.hibernate.sql.exec.internal.JdbcSelectExecutorStandardImpl.doExecuteQuery(JdbcSelectExecutorStandardImpl.java:209) ~[hibernate-core-6.4.4.Final.jar!/:6.4.4.Final]
	at org.hibernate.sql.exec.internal.JdbcSelectExecutorStandardImpl.executeQuery(JdbcSelectExecutorStandardImpl.java:83) ~[hibernate-core-6.4.4.Final.jar!/:6.4.4.Final]
	at org.hibernate.sql.exec.spi.JdbcSelectExecutor.list(JdbcSelectExecutor.java:76) ~[hibernate-core-6.4.4.Final.jar!/:6.4.4.Final]
	at org.hibernate.sql.exec.spi.JdbcSelectExecutor.list(JdbcSelectExecutor.java:65) ~[hibernate-core-6.4.4.Final.jar!/:6.4.4.Final]
	at org.hibernate.query.sqm.internal.ConcreteSqmSelectQueryPlan.lambda$new$2(ConcreteSqmSelectQueryPlan.java:137) ~[hibernate-core-6.4.4.Final.jar!/:6.4.4.Final]
	at org.hibernate.query.sqm.internal.ConcreteSqmSelectQueryPlan.withCacheableSqmInterpretation(ConcreteSqmSelectQueryPlan.java:362) ~[hibernate-core-6.4.4.Final.jar!/:6.4.4.Final]
	at org.hibernate.query.sqm.internal.ConcreteSqmSelectQueryPlan.performList(ConcreteSqmSelectQueryPlan.java:303) ~[hibernate-core-6.4.4.Final.jar!/:6.4.4.Final]
	at org.hibernate.query.sqm.internal.QuerySqmImpl.doList(QuerySqmImpl.java:509) ~[hibernate-core-6.4.4.Final.jar!/:6.4.4.Final]
	at org.hibernate.query.spi.AbstractSelectionQuery.list(AbstractSelectionQuery.java:427) ~[hibernate-core-6.4.4.Final.jar!/:6.4.4.Final]
	at org.hibernate.query.spi.AbstractSelectionQuery.getSingleResult(AbstractSelectionQuery.java:564) ~[hibernate-core-6.4.4.Final.jar!/:6.4.4.Final]
	at java.base/jdk.internal.reflect.DirectMethodHandleAccessor.invoke(DirectMethodHandleAccessor.java:103) ~[na:na]
	at java.base/java.lang.reflect.Method.invoke(Method.java:580) ~[na:na]
	at org.springframework.orm.jpa.SharedEntityManagerCreator$DeferredQueryInvocationHandler.invoke(SharedEntityManagerCreator.java:415) ~[spring-orm-6.1.4.jar!/:6.1.4]
	at jdk.proxy2/jdk.proxy2.$Proxy196.getSingleResult(Unknown Source) ~[na:na]
	at org.springframework.data.jpa.repository.query.JpaQueryExecution$SingleEntityExecution.doExecute(JpaQueryExecution.java:223) ~[spring-data-jpa-3.2.3.jar!/:3.2.3]
	at org.springframework.data.jpa.repository.query.JpaQueryExecution.execute(JpaQueryExecution.java:92) ~[spring-data-jpa-3.2.3.jar!/:3.2.3]
	at org.springframework.data.jpa.repository.query.AbstractJpaQuery.doExecute(AbstractJpaQuery.java:149) ~[spring-data-jpa-3.2.3.jar!/:3.2.3]
	at org.springframework.data.jpa.repository.query.AbstractJpaQuery.execute(AbstractJpaQuery.java:137) ~[spring-data-jpa-3.2.3.jar!/:3.2.3]
	at org.springframework.data.repository.core.support.RepositoryMethodInvoker.doInvoke(RepositoryMethodInvoker.java:170) ~[spring-data-commons-3.2.3.jar!/:3.2.3]
	at org.springframework.data.repository.core.support.RepositoryMethodInvoker.invoke(RepositoryMethodInvoker.java:158) ~[spring-data-commons-3.2.3.jar!/:3.2.3]
	at org.springframework.data.repository.core.support.QueryExecutorMethodInterceptor.doInvoke(QueryExecutorMethodInterceptor.java:164) ~[spring-data-commons-3.2.3.jar!/:3.2.3]
	at org.springframework.data.repository.core.support.QueryExecutorMethodInterceptor.invoke(QueryExecutorMethodInterceptor.java:143) ~[spring-data-commons-3.2.3.jar!/:3.2.3]
	at org.springframework.aop.framework.ReflectiveMethodInvocation.proceed(ReflectiveMethodInvocation.java:184) ~[spring-aop-6.1.4.jar!/:6.1.4]
	at org.springframework.data.projection.DefaultMethodInvokingMethodInterceptor.invoke(DefaultMethodInvokingMethodInterceptor.java:70) ~[spring-data-commons-3.2.3.jar!/:3.2.3]
	at org.springframework.aop.framework.ReflectiveMethodInvocation.proceed(ReflectiveMethodInvocation.java:184) ~[spring-aop-6.1.4.jar!/:6.1.4]
	at org.springframework.transaction.interceptor.TransactionInterceptor$1.proceedWithInvocation(TransactionInterceptor.java:123) ~[spring-tx-6.1.4.jar!/:6.1.4]
	at org.springframework.transaction.interceptor.TransactionAspectSupport.invokeWithinTransaction(TransactionAspectSupport.java:385) ~[spring-tx-6.1.4.jar!/:6.1.4]
	at org.springframework.transaction.interceptor.TransactionInterceptor.invoke(TransactionInterceptor.java:119) ~[spring-tx-6.1.4.jar!/:6.1.4]
	at org.springframework.aop.framework.ReflectiveMethodInvocation.proceed(ReflectiveMethodInvocation.java:184) ~[spring-aop-6.1.4.jar!/:6.1.4]
	at org.springframework.dao.support.PersistenceExceptionTranslationInterceptor.invoke(PersistenceExceptionTranslationInterceptor.java:137) ~[spring-tx-6.1.4.jar!/:6.1.4]
	... 69 common frames omitted
Caused by: java.sql.SQLTransientConnectionException: HikariPool-1 - Connection is not available, request timed out after 30012ms.
	at com.zaxxer.hikari.pool.HikariPool.createTimeoutException(HikariPool.java:696) ~[HikariCP-5.0.1.jar!/:na]
	at com.zaxxer.hikari.pool.HikariPool.getConnection(HikariPool.java:181) ~[HikariCP-5.0.1.jar!/:na]
	at com.zaxxer.hikari.pool.HikariPool.getConnection(HikariPool.java:146) ~[HikariCP-5.0.1.jar!/:na]
	at com.zaxxer.hikari.HikariDataSource.getConnection(HikariDataSource.java:128) ~[HikariCP-5.0.1.jar!/:na]
	at org.hibernate.engine.jdbc.connections.internal.DatasourceConnectionProviderImpl.getConnection(DatasourceConnectionProviderImpl.java:122) ~[hibernate-core-6.4.4.Final.jar!/:6.4.4.Final]
	at org.hibernate.internal.NonContextualJdbcConnectionAccess.obtainConnection(NonContextualJdbcConnectionAccess.java:46) ~[hibernate-core-6.4.4.Final.jar!/:6.4.4.Final]
	at org.hibernate.resource.jdbc.internal.LogicalConnectionManagedImpl.acquireConnectionIfNeeded(LogicalConnectionManagedImpl.java:113) ~[hibernate-core-6.4.4.Final.jar!/:6.4.4.Final]
	... 113 common frames omitted

2026-08-18T01:45:44.104+05:30  WARN 22332 --- [fixmate-backend] [nio-8081-exec-6] o.h.engine.jdbc.spi.SqlExceptionHelper   : SQL Error: 0, SQLState: null
2026-08-18T01:45:44.106+05:30 ERROR 22332 --- [fixmate-backend] [nio-8081-exec-6] o.h.engine.jdbc.spi.SqlExceptionHelper   : HikariPool-1 - Connection is not available, request timed out after 30014ms.
2026-08-18T01:45:44.109+05:30 ERROR 22332 --- [fixmate-backend] [nio-8081-exec-6] o.a.c.c.C.[.[.[/].[dispatcherServlet]    : Servlet.service() for servlet [dispatcherServlet] in context with path [] threw exception

org.springframework.dao.DataAccessResourceFailureException: Unable to acquire JDBC Connection [HikariPool-1 - Connection is not available, request timed out after 30014ms.] [n/a]
	at org.springframework.orm.jpa.vendor.HibernateJpaDialect.convertHibernateAccessException(HibernateJpaDialect.java:274) ~[spring-orm-6.1.4.jar!/:6.1.4]
	at org.springframework.orm.jpa.vendor.HibernateJpaDialect.translateExceptionIfPossible(HibernateJpaDialect.java:241) ~[spring-orm-6.1.4.jar!/:6.1.4]
	at org.springframework.orm.jpa.AbstractEntityManagerFactoryBean.translateExceptionIfPossible(AbstractEntityManagerFactoryBean.java:550) ~[spring-orm-6.1.4.jar!/:6.1.4]
	at org.springframework.dao.support.ChainedPersistenceExceptionTranslator.translateExceptionIfPossible(ChainedPersistenceExceptionTranslator.java:61) ~[spring-tx-6.1.4.jar!/:6.1.4]
	at org.springframework.dao.support.DataAccessUtils.translateIfNecessary(DataAccessUtils.java:335) ~[spring-tx-6.1.4.jar!/:6.1.4]
	at org.springframework.dao.support.PersistenceExceptionTranslationInterceptor.invoke(PersistenceExceptionTranslationInterceptor.java:152) ~[spring-tx-6.1.4.jar!/:6.1.4]
	at org.springframework.aop.framework.ReflectiveMethodInvocation.proceed(ReflectiveMethodInvocation.java:184) ~[spring-aop-6.1.4.jar!/:6.1.4]
	at org.springframework.data.jpa.repository.support.CrudMethodMetadataPostProcessor$CrudMethodMetadataPopulatingMethodInterceptor.invoke(CrudMethodMetadataPostProcessor.java:135) ~[spring-data-jpa-3.2.3.jar!/:3.2.3]
	at org.springframework.aop.framework.ReflectiveMethodInvocation.proceed(ReflectiveMethodInvocation.java:184) ~[spring-aop-6.1.4.jar!/:6.1.4]
	at org.springframework.aop.interceptor.ExposeInvocationInterceptor.invoke(ExposeInvocationInterceptor.java:97) ~[spring-aop-6.1.4.jar!/:6.1.4]
	at org.springframework.aop.framework.ReflectiveMethodInvocation.proceed(ReflectiveMethodInvocation.java:184) ~[spring-aop-6.1.4.jar!/:6.1.4]
	at org.springframework.aop.framework.JdkDynamicAopProxy.invoke(JdkDynamicAopProxy.java:220) ~[spring-aop-6.1.4.jar!/:6.1.4]
	at jdk.proxy2/jdk.proxy2.$Proxy142.findByEmail(Unknown Source) ~[na:na]
	at com.fixmate.config.ApplicationConfig.lambda$userDetailsService$1(ApplicationConfig.java:24) ~[!/:0.0.1-SNAPSHOT]
	at com.fixmate.config.JwtAuthenticationFilter.doFilterInternal(JwtAuthenticationFilter.java:46) ~[!/:0.0.1-SNAPSHOT]
	at org.springframework.web.filter.OncePerRequestFilter.doFilter(OncePerRequestFilter.java:116) ~[spring-web-6.1.4.jar!/:6.1.4]
	at org.springframework.security.web.FilterChainProxy$VirtualFilterChain.doFilter(FilterChainProxy.java:374) ~[spring-security-web-6.2.2.jar!/:6.2.2]
	at org.springframework.security.web.authentication.logout.LogoutFilter.doFilter(LogoutFilter.java:107) ~[spring-security-web-6.2.2.jar!/:6.2.2]
	at org.springframework.security.web.authentication.logout.LogoutFilter.doFilter(LogoutFilter.java:93) ~[spring-security-web-6.2.2.jar!/:6.2.2]
	at org.springframework.security.web.FilterChainProxy$VirtualFilterChain.doFilter(FilterChainProxy.java:374) ~[spring-security-web-6.2.2.jar!/:6.2.2]
	at org.springframework.web.filter.CorsFilter.doFilterInternal(CorsFilter.java:91) ~[spring-web-6.1.4.jar!/:6.1.4]
	at org.springframework.web.filter.OncePerRequestFilter.doFilter(OncePerRequestFilter.java:116) ~[spring-web-6.1.4.jar!/:6.1.4]
	at org.springframework.security.web.FilterChainProxy$VirtualFilterChain.doFilter(FilterChainProxy.java:374) ~[spring-security-web-6.2.2.jar!/:6.2.2]
	at org.springframework.security.web.header.HeaderWriterFilter.doHeadersAfter(HeaderWriterFilter.java:90) ~[spring-security-web-6.2.2.jar!/:6.2.2]
	at org.springframework.security.web.header.HeaderWriterFilter.doFilterInternal(HeaderWriterFilter.java:75) ~[spring-security-web-6.2.2.jar!/:6.2.2]
	at org.springframework.web.filter.OncePerRequestFilter.doFilter(OncePerRequestFilter.java:116) ~[spring-web-6.1.4.jar!/:6.1.4]
	at org.springframework.security.web.FilterChainProxy$VirtualFilterChain.doFilter(FilterChainProxy.java:374) ~[spring-security-web-6.2.2.jar!/:6.2.2]
	at org.springframework.security.web.context.SecurityContextHolderFilter.doFilter(SecurityContextHolderFilter.java:82) ~[spring-security-web-6.2.2.jar!/:6.2.2]
	at org.springframework.security.web.context.SecurityContextHolderFilter.doFilter(SecurityContextHolderFilter.java:69) ~[spring-security-web-6.2.2.jar!/:6.2.2]
	at org.springframework.security.web.FilterChainProxy$VirtualFilterChain.doFilter(FilterChainProxy.java:374) ~[spring-security-web-6.2.2.jar!/:6.2.2]
	at org.springframework.security.web.context.request.async.WebAsyncManagerIntegrationFilter.doFilterInternal(WebAsyncManagerIntegrationFilter.java:62) ~[spring-security-web-6.2.2.jar!/:6.2.2]
	at org.springframework.web.filter.OncePerRequestFilter.doFilter(OncePerRequestFilter.java:116) ~[spring-web-6.1.4.jar!/:6.1.4]
	at org.springframework.security.web.FilterChainProxy$VirtualFilterChain.doFilter(FilterChainProxy.java:374) ~[spring-security-web-6.2.2.jar!/:6.2.2]
	at org.springframework.security.web.session.DisableEncodeUrlFilter.doFilterInternal(DisableEncodeUrlFilter.java:42) ~[spring-security-web-6.2.2.jar!/:6.2.2]
	at org.springframework.web.filter.OncePerRequestFilter.doFilter(OncePerRequestFilter.java:116) ~[spring-web-6.1.4.jar!/:6.1.4]
	at org.springframework.security.web.FilterChainProxy$VirtualFilterChain.doFilter(FilterChainProxy.java:374) ~[spring-security-web-6.2.2.jar!/:6.2.2]
	at org.springframework.security.web.FilterChainProxy.doFilterInternal(FilterChainProxy.java:233) ~[spring-security-web-6.2.2.jar!/:6.2.2]
	at org.springframework.security.web.FilterChainProxy.doFilter(FilterChainProxy.java:191) ~[spring-security-web-6.2.2.jar!/:6.2.2]
	at org.springframework.web.filter.CompositeFilter$VirtualFilterChain.doFilter(CompositeFilter.java:113) ~[spring-web-6.1.4.jar!/:6.1.4]
	at org.springframework.web.servlet.handler.HandlerMappingIntrospector.lambda$createCacheFilter$3(HandlerMappingIntrospector.java:195) ~[spring-webmvc-6.1.4.jar!/:6.1.4]
	at org.springframework.web.filter.CompositeFilter$VirtualFilterChain.doFilter(CompositeFilter.java:113) ~[spring-web-6.1.4.jar!/:6.1.4]
	at org.springframework.web.filter.CompositeFilter.doFilter(CompositeFilter.java:74) ~[spring-web-6.1.4.jar!/:6.1.4]
	at org.springframework.security.config.annotation.web.configuration.WebMvcSecurityConfiguration$CompositeFilterChainProxy.doFilter(WebMvcSecurityConfiguration.java:230) ~[spring-security-config-6.2.2.jar!/:6.2.2]
	at org.springframework.web.filter.DelegatingFilterProxy.invokeDelegate(DelegatingFilterProxy.java:352) ~[spring-web-6.1.4.jar!/:6.1.4]
	at org.springframework.web.filter.DelegatingFilterProxy.doFilter(DelegatingFilterProxy.java:268) ~[spring-web-6.1.4.jar!/:6.1.4]
	at org.apache.catalina.core.ApplicationFilterChain.internalDoFilter(ApplicationFilterChain.java:174) ~[tomcat-embed-core-10.1.19.jar!/:na]
	at org.apache.catalina.core.ApplicationFilterChain.doFilter(ApplicationFilterChain.java:149) ~[tomcat-embed-core-10.1.19.jar!/:na]
	at org.springframework.web.filter.RequestContextFilter.doFilterInternal(RequestContextFilter.java:100) ~[spring-web-6.1.4.jar!/:6.1.4]
	at org.springframework.web.filter.OncePerRequestFilter.doFilter(OncePerRequestFilter.java:116) ~[spring-web-6.1.4.jar!/:6.1.4]
	at org.apache.catalina.core.ApplicationFilterChain.internalDoFilter(ApplicationFilterChain.java:174) ~[tomcat-embed-core-10.1.19.jar!/:na]
	at org.apache.catalina.core.ApplicationFilterChain.doFilter(ApplicationFilterChain.java:149) ~[tomcat-embed-core-10.1.19.jar!/:na]
	at org.springframework.web.filter.FormContentFilter.doFilterInternal(FormContentFilter.java:93) ~[spring-web-6.1.4.jar!/:6.1.4]
	at org.springframework.web.filter.OncePerRequestFilter.doFilter(OncePerRequestFilter.java:116) ~[spring-web-6.1.4.jar!/:6.1.4]
	at org.apache.catalina.core.ApplicationFilterChain.internalDoFilter(ApplicationFilterChain.java:174) ~[tomcat-embed-core-10.1.19.jar!/:na]
	at org.apache.catalina.core.ApplicationFilterChain.doFilter(ApplicationFilterChain.java:149) ~[tomcat-embed-core-10.1.19.jar!/:na]
	at org.springframework.web.filter.CharacterEncodingFilter.doFilterInternal(CharacterEncodingFilter.java:201) ~[spring-web-6.1.4.jar!/:6.1.4]
	at org.springframework.web.filter.OncePerRequestFilter.doFilter(OncePerRequestFilter.java:116) ~[spring-web-6.1.4.jar!/:6.1.4]
	at org.apache.catalina.core.ApplicationFilterChain.internalDoFilter(ApplicationFilterChain.java:174) ~[tomcat-embed-core-10.1.19.jar!/:na]
	at org.apache.catalina.core.ApplicationFilterChain.doFilter(ApplicationFilterChain.java:149) ~[tomcat-embed-core-10.1.19.jar!/:na]
	at org.apache.catalina.core.StandardWrapperValve.invoke(StandardWrapperValve.java:167) ~[tomcat-embed-core-10.1.19.jar!/:na]
	at org.apache.catalina.core.StandardContextValve.invoke(StandardContextValve.java:90) ~[tomcat-embed-core-10.1.19.jar!/:na]
	at org.apache.catalina.authenticator.AuthenticatorBase.invoke(AuthenticatorBase.java:482) ~[tomcat-embed-core-10.1.19.jar!/:na]
	at org.apache.catalina.core.StandardHostValve.invoke(StandardHostValve.java:115) ~[tomcat-embed-core-10.1.19.jar!/:na]
	at org.apache.catalina.valves.ErrorReportValve.invoke(ErrorReportValve.java:93) ~[tomcat-embed-core-10.1.19.jar!/:na]
	at org.apache.catalina.core.StandardEngineValve.invoke(StandardEngineValve.java:74) ~[tomcat-embed-core-10.1.19.jar!/:na]
	at org.apache.catalina.connector.CoyoteAdapter.service(CoyoteAdapter.java:344) ~[tomcat-embed-core-10.1.19.jar!/:na]
	at org.apache.coyote.http11.Http11Processor.service(Http11Processor.java:391) ~[tomcat-embed-core-10.1.19.jar!/:na]
	at org.apache.coyote.AbstractProcessorLight.process(AbstractProcessorLight.java:63) ~[tomcat-embed-core-10.1.19.jar!/:na]
	at org.apache.coyote.AbstractProtocol$ConnectionHandler.process(AbstractProtocol.java:896) ~[tomcat-embed-core-10.1.19.jar!/:na]
	at org.apache.tomcat.util.net.NioEndpoint$SocketProcessor.doRun(NioEndpoint.java:1744) ~[tomcat-embed-core-10.1.19.jar!/:na]
	at org.apache.tomcat.util.net.SocketProcessorBase.run(SocketProcessorBase.java:52) ~[tomcat-embed-core-10.1.19.jar!/:na]
	at org.apache.tomcat.util.threads.ThreadPoolExecutor.runWorker(ThreadPoolExecutor.java:1191) ~[tomcat-embed-core-10.1.19.jar!/:na]
	at org.apache.tomcat.util.threads.ThreadPoolExecutor$Worker.run(ThreadPoolExecutor.java:659) ~[tomcat-embed-core-10.1.19.jar!/:na]
	at org.apache.tomcat.util.threads.TaskThread$WrappingRunnable.run(TaskThread.java:63) ~[tomcat-embed-core-10.1.19.jar!/:na]
	at java.base/java.lang.Thread.run(Thread.java:1575) ~[na:na]
Caused by: org.hibernate.exception.JDBCConnectionException: Unable to acquire JDBC Connection [HikariPool-1 - Connection is not available, request timed out after 30014ms.] [n/a]
	at org.hibernate.exception.internal.SQLExceptionTypeDelegate.convert(SQLExceptionTypeDelegate.java:51) ~[hibernate-core-6.4.4.Final.jar!/:6.4.4.Final]
	at org.hibernate.exception.internal.StandardSQLExceptionConverter.convert(StandardSQLExceptionConverter.java:58) ~[hibernate-core-6.4.4.Final.jar!/:6.4.4.Final]
	at org.hibernate.engine.jdbc.spi.SqlExceptionHelper.convert(SqlExceptionHelper.java:108) ~[hibernate-core-6.4.4.Final.jar!/:6.4.4.Final]
	at org.hibernate.engine.jdbc.spi.SqlExceptionHelper.convert(SqlExceptionHelper.java:94) ~[hibernate-core-6.4.4.Final.jar!/:6.4.4.Final]
	at org.hibernate.resource.jdbc.internal.LogicalConnectionManagedImpl.acquireConnectionIfNeeded(LogicalConnectionManagedImpl.java:116) ~[hibernate-core-6.4.4.Final.jar!/:6.4.4.Final]
	at org.hibernate.resource.jdbc.internal.LogicalConnectionManagedImpl.getPhysicalConnection(LogicalConnectionManagedImpl.java:143) ~[hibernate-core-6.4.4.Final.jar!/:6.4.4.Final]
	at org.hibernate.engine.jdbc.internal.StatementPreparerImpl.connection(StatementPreparerImpl.java:54) ~[hibernate-core-6.4.4.Final.jar!/:6.4.4.Final]
	at org.hibernate.engine.jdbc.internal.StatementPreparerImpl$5.doPrepare(StatementPreparerImpl.java:153) ~[hibernate-core-6.4.4.Final.jar!/:6.4.4.Final]
	at org.hibernate.engine.jdbc.internal.StatementPreparerImpl$StatementPreparationTemplate.prepareStatement(StatementPreparerImpl.java:183) ~[hibernate-core-6.4.4.Final.jar!/:6.4.4.Final]
	at org.hibernate.engine.jdbc.internal.StatementPreparerImpl.prepareQueryStatement(StatementPreparerImpl.java:155) ~[hibernate-core-6.4.4.Final.jar!/:6.4.4.Final]
	at org.hibernate.sql.exec.spi.JdbcSelectExecutor.lambda$list$0(JdbcSelectExecutor.java:85) ~[hibernate-core-6.4.4.Final.jar!/:6.4.4.Final]
	at org.hibernate.sql.results.jdbc.internal.DeferredResultSetAccess.executeQuery(DeferredResultSetAccess.java:231) ~[hibernate-core-6.4.4.Final.jar!/:6.4.4.Final]
	at org.hibernate.sql.results.jdbc.internal.DeferredResultSetAccess.getResultSet(DeferredResultSetAccess.java:167) ~[hibernate-core-6.4.4.Final.jar!/:6.4.4.Final]
	at org.hibernate.sql.results.jdbc.internal.JdbcValuesResultSetImpl.advanceNext(JdbcValuesResultSetImpl.java:218) ~[hibernate-core-6.4.4.Final.jar!/:6.4.4.Final]
	at org.hibernate.sql.results.jdbc.internal.JdbcValuesResultSetImpl.processNext(JdbcValuesResultSetImpl.java:98) ~[hibernate-core-6.4.4.Final.jar!/:6.4.4.Final]
	at org.hibernate.sql.results.jdbc.internal.AbstractJdbcValues.next(AbstractJdbcValues.java:19) ~[hibernate-core-6.4.4.Final.jar!/:6.4.4.Final]
	at org.hibernate.sql.results.internal.RowProcessingStateStandardImpl.next(RowProcessingStateStandardImpl.java:66) ~[hibernate-core-6.4.4.Final.jar!/:6.4.4.Final]
	at org.hibernate.sql.results.spi.ListResultsConsumer.consume(ListResultsConsumer.java:202) ~[hibernate-core-6.4.4.Final.jar!/:6.4.4.Final]
	at org.hibernate.sql.results.spi.ListResultsConsumer.consume(ListResultsConsumer.java:33) ~[hibernate-core-6.4.4.Final.jar!/:6.4.4.Final]
	at org.hibernate.sql.exec.internal.JdbcSelectExecutorStandardImpl.doExecuteQuery(JdbcSelectExecutorStandardImpl.java:209) ~[hibernate-core-6.4.4.Final.jar!/:6.4.4.Final]
	at org.hibernate.sql.exec.internal.JdbcSelectExecutorStandardImpl.executeQuery(JdbcSelectExecutorStandardImpl.java:83) ~[hibernate-core-6.4.4.Final.jar!/:6.4.4.Final]
	at org.hibernate.sql.exec.spi.JdbcSelectExecutor.list(JdbcSelectExecutor.java:76) ~[hibernate-core-6.4.4.Final.jar!/:6.4.4.Final]
	at org.hibernate.sql.exec.spi.JdbcSelectExecutor.list(JdbcSelectExecutor.java:65) ~[hibernate-core-6.4.4.Final.jar!/:6.4.4.Final]
	at org.hibernate.query.sqm.internal.ConcreteSqmSelectQueryPlan.lambda$new$2(ConcreteSqmSelectQueryPlan.java:137) ~[hibernate-core-6.4.4.Final.jar!/:6.4.4.Final]
	at org.hibernate.query.sqm.internal.ConcreteSqmSelectQueryPlan.withCacheableSqmInterpretation(ConcreteSqmSelectQueryPlan.java:362) ~[hibernate-core-6.4.4.Final.jar!/:6.4.4.Final]
	at org.hibernate.query.sqm.internal.ConcreteSqmSelectQueryPlan.performList(ConcreteSqmSelectQueryPlan.java:303) ~[hibernate-core-6.4.4.Final.jar!/:6.4.4.Final]
	at org.hibernate.query.sqm.internal.QuerySqmImpl.doList(QuerySqmImpl.java:509) ~[hibernate-core-6.4.4.Final.jar!/:6.4.4.Final]
	at org.hibernate.query.spi.AbstractSelectionQuery.list(AbstractSelectionQuery.java:427) ~[hibernate-core-6.4.4.Final.jar!/:6.4.4.Final]
	at org.hibernate.query.spi.AbstractSelectionQuery.getSingleResult(AbstractSelectionQuery.java:564) ~[hibernate-core-6.4.4.Final.jar!/:6.4.4.Final]
	at java.base/jdk.internal.reflect.DirectMethodHandleAccessor.invoke(DirectMethodHandleAccessor.java:103) ~[na:na]
	at java.base/java.lang.reflect.Method.invoke(Method.java:580) ~[na:na]
	at org.springframework.orm.jpa.SharedEntityManagerCreator$DeferredQueryInvocationHandler.invoke(SharedEntityManagerCreator.java:415) ~[spring-orm-6.1.4.jar!/:6.1.4]
	at jdk.proxy2/jdk.proxy2.$Proxy196.getSingleResult(Unknown Source) ~[na:na]
	at org.springframework.data.jpa.repository.query.JpaQueryExecution$SingleEntityExecution.doExecute(JpaQueryExecution.java:223) ~[spring-data-jpa-3.2.3.jar!/:3.2.3]
	at org.springframework.data.jpa.repository.query.JpaQueryExecution.execute(JpaQueryExecution.java:92) ~[spring-data-jpa-3.2.3.jar!/:3.2.3]
	at org.springframework.data.jpa.repository.query.AbstractJpaQuery.doExecute(AbstractJpaQuery.java:149) ~[spring-data-jpa-3.2.3.jar!/:3.2.3]
	at org.springframework.data.jpa.repository.query.AbstractJpaQuery.execute(AbstractJpaQuery.java:137) ~[spring-data-jpa-3.2.3.jar!/:3.2.3]
	at org.springframework.data.repository.core.support.RepositoryMethodInvoker.doInvoke(RepositoryMethodInvoker.java:170) ~[spring-data-commons-3.2.3.jar!/:3.2.3]
	at org.springframework.data.repository.core.support.RepositoryMethodInvoker.invoke(RepositoryMethodInvoker.java:158) ~[spring-data-commons-3.2.3.jar!/:3.2.3]
	at org.springframework.data.repository.core.support.QueryExecutorMethodInterceptor.doInvoke(QueryExecutorMethodInterceptor.java:164) ~[spring-data-commons-3.2.3.jar!/:3.2.3]
	at org.springframework.data.repository.core.support.QueryExecutorMethodInterceptor.invoke(QueryExecutorMethodInterceptor.java:143) ~[spring-data-commons-3.2.3.jar!/:3.2.3]
	at org.springframework.aop.framework.ReflectiveMethodInvocation.proceed(ReflectiveMethodInvocation.java:184) ~[spring-aop-6.1.4.jar!/:6.1.4]
	at org.springframework.data.projection.DefaultMethodInvokingMethodInterceptor.invoke(DefaultMethodInvokingMethodInterceptor.java:70) ~[spring-data-commons-3.2.3.jar!/:3.2.3]
	at org.springframework.aop.framework.ReflectiveMethodInvocation.proceed(ReflectiveMethodInvocation.java:184) ~[spring-aop-6.1.4.jar!/:6.1.4]
	at org.springframework.transaction.interceptor.TransactionInterceptor$1.proceedWithInvocation(TransactionInterceptor.java:123) ~[spring-tx-6.1.4.jar!/:6.1.4]
	at org.springframework.transaction.interceptor.TransactionAspectSupport.invokeWithinTransaction(TransactionAspectSupport.java:385) ~[spring-tx-6.1.4.jar!/:6.1.4]
	at org.springframework.transaction.interceptor.TransactionInterceptor.invoke(TransactionInterceptor.java:119) ~[spring-tx-6.1.4.jar!/:6.1.4]
	at org.springframework.aop.framework.ReflectiveMethodInvocation.proceed(ReflectiveMethodInvocation.java:184) ~[spring-aop-6.1.4.jar!/:6.1.4]
	at org.springframework.dao.support.PersistenceExceptionTranslationInterceptor.invoke(PersistenceExceptionTranslationInterceptor.java:137) ~[spring-tx-6.1.4.jar!/:6.1.4]
	... 69 common frames omitted
Caused by: java.sql.SQLTransientConnectionException: HikariPool-1 - Connection is not available, request timed out after 30014ms.
	at com.zaxxer.hikari.pool.HikariPool.createTimeoutException(HikariPool.java:696) ~[HikariCP-5.0.1.jar!/:na]
	at com.zaxxer.hikari.pool.HikariPool.getConnection(HikariPool.java:181) ~[HikariCP-5.0.1.jar!/:na]
	at com.zaxxer.hikari.pool.HikariPool.getConnection(HikariPool.java:146) ~[HikariCP-5.0.1.jar!/:na]
	at com.zaxxer.hikari.HikariDataSource.getConnection(HikariDataSource.java:128) ~[HikariCP-5.0.1.jar!/:na]
	at org.hibernate.engine.jdbc.connections.internal.DatasourceConnectionProviderImpl.getConnection(DatasourceConnectionProviderImpl.java:122) ~[hibernate-core-6.4.4.Final.jar!/:6.4.4.Final]
	at org.hibernate.internal.NonContextualJdbcConnectionAccess.obtainConnection(NonContextualJdbcConnectionAccess.java:46) ~[hibernate-core-6.4.4.Final.jar!/:6.4.4.Final]
	at org.hibernate.resource.jdbc.internal.LogicalConnectionManagedImpl.acquireConnectionIfNeeded(LogicalConnectionManagedImpl.java:113) ~[hibernate-core-6.4.4.Final.jar!/:6.4.4.Final]
	... 113 common frames omitted

Hibernate: select u1_0.id,u1_0.email,u1_0.first_name,u1_0.last_name,u1_0.password,u1_0.phone,u1_0.role from users u1_0 where u1_0.email=?
Hibernate: select u1_0.id,u1_0.email,u1_0.first_name,u1_0.last_name,u1_0.password,u1_0.phone,u1_0.role from users u1_0 where u1_0.email=?
2026-08-18T01:46:46.368+05:30  WARN 22332 --- [fixmate-backend] [nio-8081-exec-2] o.h.engine.jdbc.spi.SqlExceptionHelper   : SQL Error: 0, SQLState: null
2026-08-18T01:46:46.368+05:30  WARN 22332 --- [fixmate-backend] [nio-8081-exec-8] o.h.engine.jdbc.spi.SqlExceptionHelper   : SQL Error: 0, SQLState: null
2026-08-18T01:46:46.370+05:30 ERROR 22332 --- [fixmate-backend] [nio-8081-exec-2] o.h.engine.jdbc.spi.SqlExceptionHelper   : HikariPool-1 - Connection is not available, request timed out after 30008ms.
2026-08-18T01:46:46.371+05:30 ERROR 22332 --- [fixmate-backend] [nio-8081-exec-8] o.h.engine.jdbc.spi.SqlExceptionHelper   : HikariPool-1 - Connection is not available, request timed out after 30008ms.
2026-08-18T01:46:46.375+05:30 ERROR 22332 --- [fixmate-backend] [nio-8081-exec-8] o.a.c.c.C.[.[.[/].[dispatcherServlet]    : Servlet.service() for servlet [dispatcherServlet] in context with path [] threw exception

org.springframework.dao.DataAccessResourceFailureException: Unable to acquire JDBC Connection [HikariPool-1 - Connection is not available, request timed out after 30008ms.] [n/a]
	at org.springframework.orm.jpa.vendor.HibernateJpaDialect.convertHibernateAccessException(HibernateJpaDialect.java:274) ~[spring-orm-6.1.4.jar!/:6.1.4]
	at org.springframework.orm.jpa.vendor.HibernateJpaDialect.translateExceptionIfPossible(HibernateJpaDialect.java:241) ~[spring-orm-6.1.4.jar!/:6.1.4]
	at org.springframework.orm.jpa.AbstractEntityManagerFactoryBean.translateExceptionIfPossible(AbstractEntityManagerFactoryBean.java:550) ~[spring-orm-6.1.4.jar!/:6.1.4]
	at org.springframework.dao.support.ChainedPersistenceExceptionTranslator.translateExceptionIfPossible(ChainedPersistenceExceptionTranslator.java:61) ~[spring-tx-6.1.4.jar!/:6.1.4]
	at org.springframework.dao.support.DataAccessUtils.translateIfNecessary(DataAccessUtils.java:335) ~[spring-tx-6.1.4.jar!/:6.1.4]
	at org.springframework.dao.support.PersistenceExceptionTranslationInterceptor.invoke(PersistenceExceptionTranslationInterceptor.java:152) ~[spring-tx-6.1.4.jar!/:6.1.4]
	at org.springframework.aop.framework.ReflectiveMethodInvocation.proceed(ReflectiveMethodInvocation.java:184) ~[spring-aop-6.1.4.jar!/:6.1.4]
	at org.springframework.data.jpa.repository.support.CrudMethodMetadataPostProcessor$CrudMethodMetadataPopulatingMethodInterceptor.invoke(CrudMethodMetadataPostProcessor.java:135) ~[spring-data-jpa-3.2.3.jar!/:3.2.3]
	at org.springframework.aop.framework.ReflectiveMethodInvocation.proceed(ReflectiveMethodInvocation.java:184) ~[spring-aop-6.1.4.jar!/:6.1.4]
	at org.springframework.aop.interceptor.ExposeInvocationInterceptor.invoke(ExposeInvocationInterceptor.java:97) ~[spring-aop-6.1.4.jar!/:6.1.4]
	at org.springframework.aop.framework.ReflectiveMethodInvocation.proceed(ReflectiveMethodInvocation.java:184) ~[spring-aop-6.1.4.jar!/:6.1.4]
	at org.springframework.aop.framework.JdkDynamicAopProxy.invoke(JdkDynamicAopProxy.java:220) ~[spring-aop-6.1.4.jar!/:6.1.4]
	at jdk.proxy2/jdk.proxy2.$Proxy142.findByEmail(Unknown Source) ~[na:na]
	at com.fixmate.config.ApplicationConfig.lambda$userDetailsService$1(ApplicationConfig.java:24) ~[!/:0.0.1-SNAPSHOT]
	at com.fixmate.config.JwtAuthenticationFilter.doFilterInternal(JwtAuthenticationFilter.java:46) ~[!/:0.0.1-SNAPSHOT]
	at org.springframework.web.filter.OncePerRequestFilter.doFilter(OncePerRequestFilter.java:116) ~[spring-web-6.1.4.jar!/:6.1.4]
	at org.springframework.security.web.FilterChainProxy$VirtualFilterChain.doFilter(FilterChainProxy.java:374) ~[spring-security-web-6.2.2.jar!/:6.2.2]
	at org.springframework.security.web.authentication.logout.LogoutFilter.doFilter(LogoutFilter.java:107) ~[spring-security-web-6.2.2.jar!/:6.2.2]
	at org.springframework.security.web.authentication.logout.LogoutFilter.doFilter(LogoutFilter.java:93) ~[spring-security-web-6.2.2.jar!/:6.2.2]
	at org.springframework.security.web.FilterChainProxy$VirtualFilterChain.doFilter(FilterChainProxy.java:374) ~[spring-security-web-6.2.2.jar!/:6.2.2]
	at org.springframework.web.filter.CorsFilter.doFilterInternal(CorsFilter.java:91) ~[spring-web-6.1.4.jar!/:6.1.4]
	at org.springframework.web.filter.OncePerRequestFilter.doFilter(OncePerRequestFilter.java:116) ~[spring-web-6.1.4.jar!/:6.1.4]
	at org.springframework.security.web.FilterChainProxy$VirtualFilterChain.doFilter(FilterChainProxy.java:374) ~[spring-security-web-6.2.2.jar!/:6.2.2]
	at org.springframework.security.web.header.HeaderWriterFilter.doHeadersAfter(HeaderWriterFilter.java:90) ~[spring-security-web-6.2.2.jar!/:6.2.2]
	at org.springframework.security.web.header.HeaderWriterFilter.doFilterInternal(HeaderWriterFilter.java:75) ~[spring-security-web-6.2.2.jar!/:6.2.2]
	at org.springframework.web.filter.OncePerRequestFilter.doFilter(OncePerRequestFilter.java:116) ~[spring-web-6.1.4.jar!/:6.1.4]
	at org.springframework.security.web.FilterChainProxy$VirtualFilterChain.doFilter(FilterChainProxy.java:374) ~[spring-security-web-6.2.2.jar!/:6.2.2]
	at org.springframework.security.web.context.SecurityContextHolderFilter.doFilter(SecurityContextHolderFilter.java:82) ~[spring-security-web-6.2.2.jar!/:6.2.2]
	at org.springframework.security.web.context.SecurityContextHolderFilter.doFilter(SecurityContextHolderFilter.java:69) ~[spring-security-web-6.2.2.jar!/:6.2.2]
	at org.springframework.security.web.FilterChainProxy$VirtualFilterChain.doFilter(FilterChainProxy.java:374) ~[spring-security-web-6.2.2.jar!/:6.2.2]
	at org.springframework.security.web.context.request.async.WebAsyncManagerIntegrationFilter.doFilterInternal(WebAsyncManagerIntegrationFilter.java:62) ~[spring-security-web-6.2.2.jar!/:6.2.2]
	at org.springframework.web.filter.OncePerRequestFilter.doFilter(OncePerRequestFilter.java:116) ~[spring-web-6.1.4.jar!/:6.1.4]
	at org.springframework.security.web.FilterChainProxy$VirtualFilterChain.doFilter(FilterChainProxy.java:374) ~[spring-security-web-6.2.2.jar!/:6.2.2]
	at org.springframework.security.web.session.DisableEncodeUrlFilter.doFilterInternal(DisableEncodeUrlFilter.java:42) ~[spring-security-web-6.2.2.jar!/:6.2.2]
	at org.springframework.web.filter.OncePerRequestFilter.doFilter(OncePerRequestFilter.java:116) ~[spring-web-6.1.4.jar!/:6.1.4]
	at org.springframework.security.web.FilterChainProxy$VirtualFilterChain.doFilter(FilterChainProxy.java:374) ~[spring-security-web-6.2.2.jar!/:6.2.2]
	at org.springframework.security.web.FilterChainProxy.doFilterInternal(FilterChainProxy.java:233) ~[spring-security-web-6.2.2.jar!/:6.2.2]
	at org.springframework.security.web.FilterChainProxy.doFilter(FilterChainProxy.java:191) ~[spring-security-web-6.2.2.jar!/:6.2.2]
	at org.springframework.web.filter.CompositeFilter$VirtualFilterChain.doFilter(CompositeFilter.java:113) ~[spring-web-6.1.4.jar!/:6.1.4]
	at org.springframework.web.servlet.handler.HandlerMappingIntrospector.lambda$createCacheFilter$3(HandlerMappingIntrospector.java:195) ~[spring-webmvc-6.1.4.jar!/:6.1.4]
	at org.springframework.web.filter.CompositeFilter$VirtualFilterChain.doFilter(CompositeFilter.java:113) ~[spring-web-6.1.4.jar!/:6.1.4]
	at org.springframework.web.filter.CompositeFilter.doFilter(CompositeFilter.java:74) ~[spring-web-6.1.4.jar!/:6.1.4]
	at org.springframework.security.config.annotation.web.configuration.WebMvcSecurityConfiguration$CompositeFilterChainProxy.doFilter(WebMvcSecurityConfiguration.java:230) ~[spring-security-config-6.2.2.jar!/:6.2.2]
	at org.springframework.web.filter.DelegatingFilterProxy.invokeDelegate(DelegatingFilterProxy.java:352) ~[spring-web-6.1.4.jar!/:6.1.4]
	at org.springframework.web.filter.DelegatingFilterProxy.doFilter(DelegatingFilterProxy.java:268) ~[spring-web-6.1.4.jar!/:6.1.4]
	at org.apache.catalina.core.ApplicationFilterChain.internalDoFilter(ApplicationFilterChain.java:174) ~[tomcat-embed-core-10.1.19.jar!/:na]
	at org.apache.catalina.core.ApplicationFilterChain.doFilter(ApplicationFilterChain.java:149) ~[tomcat-embed-core-10.1.19.jar!/:na]
	at org.springframework.web.filter.RequestContextFilter.doFilterInternal(RequestContextFilter.java:100) ~[spring-web-6.1.4.jar!/:6.1.4]
	at org.springframework.web.filter.OncePerRequestFilter.doFilter(OncePerRequestFilter.java:116) ~[spring-web-6.1.4.jar!/:6.1.4]
	at org.apache.catalina.core.ApplicationFilterChain.internalDoFilter(ApplicationFilterChain.java:174) ~[tomcat-embed-core-10.1.19.jar!/:na]
	at org.apache.catalina.core.ApplicationFilterChain.doFilter(ApplicationFilterChain.java:149) ~[tomcat-embed-core-10.1.19.jar!/:na]
	at org.springframework.web.filter.FormContentFilter.doFilterInternal(FormContentFilter.java:93) ~[spring-web-6.1.4.jar!/:6.1.4]
	at org.springframework.web.filter.OncePerRequestFilter.doFilter(OncePerRequestFilter.java:116) ~[spring-web-6.1.4.jar!/:6.1.4]
	at org.apache.catalina.core.ApplicationFilterChain.internalDoFilter(ApplicationFilterChain.java:174) ~[tomcat-embed-core-10.1.19.jar!/:na]
	at org.apache.catalina.core.ApplicationFilterChain.doFilter(ApplicationFilterChain.java:149) ~[tomcat-embed-core-10.1.19.jar!/:na]
	at org.springframework.web.filter.CharacterEncodingFilter.doFilterInternal(CharacterEncodingFilter.java:201) ~[spring-web-6.1.4.jar!/:6.1.4]
	at org.springframework.web.filter.OncePerRequestFilter.doFilter(OncePerRequestFilter.java:116) ~[spring-web-6.1.4.jar!/:6.1.4]
	at org.apache.catalina.core.ApplicationFilterChain.internalDoFilter(ApplicationFilterChain.java:174) ~[tomcat-embed-core-10.1.19.jar!/:na]
	at org.apache.catalina.core.ApplicationFilterChain.doFilter(ApplicationFilterChain.java:149) ~[tomcat-embed-core-10.1.19.jar!/:na]
	at org.apache.catalina.core.StandardWrapperValve.invoke(StandardWrapperValve.java:167) ~[tomcat-embed-core-10.1.19.jar!/:na]
	at org.apache.catalina.core.StandardContextValve.invoke(StandardContextValve.java:90) ~[tomcat-embed-core-10.1.19.jar!/:na]
	at org.apache.catalina.authenticator.AuthenticatorBase.invoke(AuthenticatorBase.java:482) ~[tomcat-embed-core-10.1.19.jar!/:na]
	at org.apache.catalina.core.StandardHostValve.invoke(StandardHostValve.java:115) ~[tomcat-embed-core-10.1.19.jar!/:na]
	at org.apache.catalina.valves.ErrorReportValve.invoke(ErrorReportValve.java:93) ~[tomcat-embed-core-10.1.19.jar!/:na]
	at org.apache.catalina.core.StandardEngineValve.invoke(StandardEngineValve.java:74) ~[tomcat-embed-core-10.1.19.jar!/:na]
	at org.apache.catalina.connector.CoyoteAdapter.service(CoyoteAdapter.java:344) ~[tomcat-embed-core-10.1.19.jar!/:na]
	at org.apache.coyote.http11.Http11Processor.service(Http11Processor.java:391) ~[tomcat-embed-core-10.1.19.jar!/:na]
	at org.apache.coyote.AbstractProcessorLight.process(AbstractProcessorLight.java:63) ~[tomcat-embed-core-10.1.19.jar!/:na]
	at org.apache.coyote.AbstractProtocol$ConnectionHandler.process(AbstractProtocol.java:896) ~[tomcat-embed-core-10.1.19.jar!/:na]
	at org.apache.tomcat.util.net.NioEndpoint$SocketProcessor.doRun(NioEndpoint.java:1744) ~[tomcat-embed-core-10.1.19.jar!/:na]
	at org.apache.tomcat.util.net.SocketProcessorBase.run(SocketProcessorBase.java:52) ~[tomcat-embed-core-10.1.19.jar!/:na]
	at org.apache.tomcat.util.threads.ThreadPoolExecutor.runWorker(ThreadPoolExecutor.java:1191) ~[tomcat-embed-core-10.1.19.jar!/:na]
	at org.apache.tomcat.util.threads.ThreadPoolExecutor$Worker.run(ThreadPoolExecutor.java:659) ~[tomcat-embed-core-10.1.19.jar!/:na]
	at org.apache.tomcat.util.threads.TaskThread$WrappingRunnable.run(TaskThread.java:63) ~[tomcat-embed-core-10.1.19.jar!/:na]
	at java.base/java.lang.Thread.run(Thread.java:1575) ~[na:na]
Caused by: org.hibernate.exception.JDBCConnectionException: Unable to acquire JDBC Connection [HikariPool-1 - Connection is not available, request timed out after 30008ms.] [n/a]
	at org.hibernate.exception.internal.SQLExceptionTypeDelegate.convert(SQLExceptionTypeDelegate.java:51) ~[hibernate-core-6.4.4.Final.jar!/:6.4.4.Final]
	at org.hibernate.exception.internal.StandardSQLExceptionConverter.convert(StandardSQLExceptionConverter.java:58) ~[hibernate-core-6.4.4.Final.jar!/:6.4.4.Final]
	at org.hibernate.engine.jdbc.spi.SqlExceptionHelper.convert(SqlExceptionHelper.java:108) ~[hibernate-core-6.4.4.Final.jar!/:6.4.4.Final]
	at org.hibernate.engine.jdbc.spi.SqlExceptionHelper.convert(SqlExceptionHelper.java:94) ~[hibernate-core-6.4.4.Final.jar!/:6.4.4.Final]
	at org.hibernate.resource.jdbc.internal.LogicalConnectionManagedImpl.acquireConnectionIfNeeded(LogicalConnectionManagedImpl.java:116) ~[hibernate-core-6.4.4.Final.jar!/:6.4.4.Final]
	at org.hibernate.resource.jdbc.internal.LogicalConnectionManagedImpl.getPhysicalConnection(LogicalConnectionManagedImpl.java:143) ~[hibernate-core-6.4.4.Final.jar!/:6.4.4.Final]
	at org.hibernate.engine.jdbc.internal.StatementPreparerImpl.connection(StatementPreparerImpl.java:54) ~[hibernate-core-6.4.4.Final.jar!/:6.4.4.Final]
	at org.hibernate.engine.jdbc.internal.StatementPreparerImpl$5.doPrepare(StatementPreparerImpl.java:153) ~[hibernate-core-6.4.4.Final.jar!/:6.4.4.Final]
	at org.hibernate.engine.jdbc.internal.StatementPreparerImpl$StatementPreparationTemplate.prepareStatement(StatementPreparerImpl.java:183) ~[hibernate-core-6.4.4.Final.jar!/:6.4.4.Final]
	at org.hibernate.engine.jdbc.internal.StatementPreparerImpl.prepareQueryStatement(StatementPreparerImpl.java:155) ~[hibernate-core-6.4.4.Final.jar!/:6.4.4.Final]
	at org.hibernate.sql.exec.spi.JdbcSelectExecutor.lambda$list$0(JdbcSelectExecutor.java:85) ~[hibernate-core-6.4.4.Final.jar!/:6.4.4.Final]
	at org.hibernate.sql.results.jdbc.internal.DeferredResultSetAccess.executeQuery(DeferredResultSetAccess.java:231) ~[hibernate-core-6.4.4.Final.jar!/:6.4.4.Final]
	at org.hibernate.sql.results.jdbc.internal.DeferredResultSetAccess.getResultSet(DeferredResultSetAccess.java:167) ~[hibernate-core-6.4.4.Final.jar!/:6.4.4.Final]
	at org.hibernate.sql.results.jdbc.internal.JdbcValuesResultSetImpl.advanceNext(JdbcValuesResultSetImpl.java:218) ~[hibernate-core-6.4.4.Final.jar!/:6.4.4.Final]
	at org.hibernate.sql.results.jdbc.internal.JdbcValuesResultSetImpl.processNext(JdbcValuesResultSetImpl.java:98) ~[hibernate-core-6.4.4.Final.jar!/:6.4.4.Final]
	at org.hibernate.sql.results.jdbc.internal.AbstractJdbcValues.next(AbstractJdbcValues.java:19) ~[hibernate-core-6.4.4.Final.jar!/:6.4.4.Final]
	at org.hibernate.sql.results.internal.RowProcessingStateStandardImpl.next(RowProcessingStateStandardImpl.java:66) ~[hibernate-core-6.4.4.Final.jar!/:6.4.4.Final]
	at org.hibernate.sql.results.spi.ListResultsConsumer.consume(ListResultsConsumer.java:202) ~[hibernate-core-6.4.4.Final.jar!/:6.4.4.Final]
	at org.hibernate.sql.results.spi.ListResultsConsumer.consume(ListResultsConsumer.java:33) ~[hibernate-core-6.4.4.Final.jar!/:6.4.4.Final]
	at org.hibernate.sql.exec.internal.JdbcSelectExecutorStandardImpl.doExecuteQuery(JdbcSelectExecutorStandardImpl.java:209) ~[hibernate-core-6.4.4.Final.jar!/:6.4.4.Final]
	at org.hibernate.sql.exec.internal.JdbcSelectExecutorStandardImpl.executeQuery(JdbcSelectExecutorStandardImpl.java:83) ~[hibernate-core-6.4.4.Final.jar!/:6.4.4.Final]
	at org.hibernate.sql.exec.spi.JdbcSelectExecutor.list(JdbcSelectExecutor.java:76) ~[hibernate-core-6.4.4.Final.jar!/:6.4.4.Final]
	at org.hibernate.sql.exec.spi.JdbcSelectExecutor.list(JdbcSelectExecutor.java:65) ~[hibernate-core-6.4.4.Final.jar!/:6.4.4.Final]
	at org.hibernate.query.sqm.internal.ConcreteSqmSelectQueryPlan.lambda$new$2(ConcreteSqmSelectQueryPlan.java:137) ~[hibernate-core-6.4.4.Final.jar!/:6.4.4.Final]
	at org.hibernate.query.sqm.internal.ConcreteSqmSelectQueryPlan.withCacheableSqmInterpretation(ConcreteSqmSelectQueryPlan.java:362) ~[hibernate-core-6.4.4.Final.jar!/:6.4.4.Final]
	at org.hibernate.query.sqm.internal.ConcreteSqmSelectQueryPlan.performList(ConcreteSqmSelectQueryPlan.java:303) ~[hibernate-core-6.4.4.Final.jar!/:6.4.4.Final]
	at org.hibernate.query.sqm.internal.QuerySqmImpl.doList(QuerySqmImpl.java:509) ~[hibernate-core-6.4.4.Final.jar!/:6.4.4.Final]
	at org.hibernate.query.spi.AbstractSelectionQuery.list(AbstractSelectionQuery.java:427) ~[hibernate-core-6.4.4.Final.jar!/:6.4.4.Final]
	at org.hibernate.query.spi.AbstractSelectionQuery.getSingleResult(AbstractSelectionQuery.java:564) ~[hibernate-core-6.4.4.Final.jar!/:6.4.4.Final]
	at java.base/jdk.internal.reflect.DirectMethodHandleAccessor.invoke(DirectMethodHandleAccessor.java:103) ~[na:na]
	at java.base/java.lang.reflect.Method.invoke(Method.java:580) ~[na:na]
	at org.springframework.orm.jpa.SharedEntityManagerCreator$DeferredQueryInvocationHandler.invoke(SharedEntityManagerCreator.java:415) ~[spring-orm-6.1.4.jar!/:6.1.4]
	at jdk.proxy2/jdk.proxy2.$Proxy196.getSingleResult(Unknown Source) ~[na:na]
	at org.springframework.data.jpa.repository.query.JpaQueryExecution$SingleEntityExecution.doExecute(JpaQueryExecution.java:223) ~[spring-data-jpa-3.2.3.jar!/:3.2.3]
	at org.springframework.data.jpa.repository.query.JpaQueryExecution.execute(JpaQueryExecution.java:92) ~[spring-data-jpa-3.2.3.jar!/:3.2.3]
	at org.springframework.data.jpa.repository.query.AbstractJpaQuery.doExecute(AbstractJpaQuery.java:149) ~[spring-data-jpa-3.2.3.jar!/:3.2.3]
	at org.springframework.data.jpa.repository.query.AbstractJpaQuery.execute(AbstractJpaQuery.java:137) ~[spring-data-jpa-3.2.3.jar!/:3.2.3]
	at org.springframework.data.repository.core.support.RepositoryMethodInvoker.doInvoke(RepositoryMethodInvoker.java:170) ~[spring-data-commons-3.2.3.jar!/:3.2.3]
	at org.springframework.data.repository.core.support.RepositoryMethodInvoker.invoke(RepositoryMethodInvoker.java:158) ~[spring-data-commons-3.2.3.jar!/:3.2.3]
	at org.springframework.data.repository.core.support.QueryExecutorMethodInterceptor.doInvoke(QueryExecutorMethodInterceptor.java:164) ~[spring-data-commons-3.2.3.jar!/:3.2.3]
	at org.springframework.data.repository.core.support.QueryExecutorMethodInterceptor.invoke(QueryExecutorMethodInterceptor.java:143) ~[spring-data-commons-3.2.3.jar!/:3.2.3]
	at org.springframework.aop.framework.ReflectiveMethodInvocation.proceed(ReflectiveMethodInvocation.java:184) ~[spring-aop-6.1.4.jar!/:6.1.4]
	at org.springframework.data.projection.DefaultMethodInvokingMethodInterceptor.invoke(DefaultMethodInvokingMethodInterceptor.java:70) ~[spring-data-commons-3.2.3.jar!/:3.2.3]
	at org.springframework.aop.framework.ReflectiveMethodInvocation.proceed(ReflectiveMethodInvocation.java:184) ~[spring-aop-6.1.4.jar!/:6.1.4]
	at org.springframework.transaction.interceptor.TransactionInterceptor$1.proceedWithInvocation(TransactionInterceptor.java:123) ~[spring-tx-6.1.4.jar!/:6.1.4]
	at org.springframework.transaction.interceptor.TransactionAspectSupport.invokeWithinTransaction(TransactionAspectSupport.java:385) ~[spring-tx-6.1.4.jar!/:6.1.4]
	at org.springframework.transaction.interceptor.TransactionInterceptor.invoke(TransactionInterceptor.java:119) ~[spring-tx-6.1.4.jar!/:6.1.4]
	at org.springframework.aop.framework.ReflectiveMethodInvocation.proceed(ReflectiveMethodInvocation.java:184) ~[spring-aop-6.1.4.jar!/:6.1.4]
	at org.springframework.dao.support.PersistenceExceptionTranslationInterceptor.invoke(PersistenceExceptionTranslationInterceptor.java:137) ~[spring-tx-6.1.4.jar!/:6.1.4]
	... 69 common frames omitted
Caused by: java.sql.SQLTransientConnectionException: HikariPool-1 - Connection is not available, request timed out after 30008ms.
	at com.zaxxer.hikari.pool.HikariPool.createTimeoutException(HikariPool.java:696) ~[HikariCP-5.0.1.jar!/:na]
	at com.zaxxer.hikari.pool.HikariPool.getConnection(HikariPool.java:181) ~[HikariCP-5.0.1.jar!/:na]
	at com.zaxxer.hikari.pool.HikariPool.getConnection(HikariPool.java:146) ~[HikariCP-5.0.1.jar!/:na]
	at com.zaxxer.hikari.HikariDataSource.getConnection(HikariDataSource.java:128) ~[HikariCP-5.0.1.jar!/:na]
	at org.hibernate.engine.jdbc.connections.internal.DatasourceConnectionProviderImpl.getConnection(DatasourceConnectionProviderImpl.java:122) ~[hibernate-core-6.4.4.Final.jar!/:6.4.4.Final]
	at org.hibernate.internal.NonContextualJdbcConnectionAccess.obtainConnection(NonContextualJdbcConnectionAccess.java:46) ~[hibernate-core-6.4.4.Final.jar!/:6.4.4.Final]
	at org.hibernate.resource.jdbc.internal.LogicalConnectionManagedImpl.acquireConnectionIfNeeded(LogicalConnectionManagedImpl.java:113) ~[hibernate-core-6.4.4.Final.jar!/:6.4.4.Final]
	... 113 common frames omitted

2026-08-18T01:46:46.375+05:30 ERROR 22332 --- [fixmate-backend] [nio-8081-exec-2] o.a.c.c.C.[.[.[/].[dispatcherServlet]    : Servlet.service() for servlet [dispatcherServlet] in context with path [] threw exception

org.springframework.dao.DataAccessResourceFailureException: Unable to acquire JDBC Connection [HikariPool-1 - Connection is not available, request timed out after 30008ms.] [n/a]
	at org.springframework.orm.jpa.vendor.HibernateJpaDialect.convertHibernateAccessException(HibernateJpaDialect.java:274) ~[spring-orm-6.1.4.jar!/:6.1.4]
	at org.springframework.orm.jpa.vendor.HibernateJpaDialect.translateExceptionIfPossible(HibernateJpaDialect.java:241) ~[spring-orm-6.1.4.jar!/:6.1.4]
	at org.springframework.orm.jpa.AbstractEntityManagerFactoryBean.translateExceptionIfPossible(AbstractEntityManagerFactoryBean.java:550) ~[spring-orm-6.1.4.jar!/:6.1.4]
	at org.springframework.dao.support.ChainedPersistenceExceptionTranslator.translateExceptionIfPossible(ChainedPersistenceExceptionTranslator.java:61) ~[spring-tx-6.1.4.jar!/:6.1.4]
	at org.springframework.dao.support.DataAccessUtils.translateIfNecessary(DataAccessUtils.java:335) ~[spring-tx-6.1.4.jar!/:6.1.4]
	at org.springframework.dao.support.PersistenceExceptionTranslationInterceptor.invoke(PersistenceExceptionTranslationInterceptor.java:152) ~[spring-tx-6.1.4.jar!/:6.1.4]
	at org.springframework.aop.framework.ReflectiveMethodInvocation.proceed(ReflectiveMethodInvocation.java:184) ~[spring-aop-6.1.4.jar!/:6.1.4]
	at org.springframework.data.jpa.repository.support.CrudMethodMetadataPostProcessor$CrudMethodMetadataPopulatingMethodInterceptor.invoke(CrudMethodMetadataPostProcessor.java:135) ~[spring-data-jpa-3.2.3.jar!/:3.2.3]
	at org.springframework.aop.framework.ReflectiveMethodInvocation.proceed(ReflectiveMethodInvocation.java:184) ~[spring-aop-6.1.4.jar!/:6.1.4]
	at org.springframework.aop.interceptor.ExposeInvocationInterceptor.invoke(ExposeInvocationInterceptor.java:97) ~[spring-aop-6.1.4.jar!/:6.1.4]
	at org.springframework.aop.framework.ReflectiveMethodInvocation.proceed(ReflectiveMethodInvocation.java:184) ~[spring-aop-6.1.4.jar!/:6.1.4]
	at org.springframework.aop.framework.JdkDynamicAopProxy.invoke(JdkDynamicAopProxy.java:220) ~[spring-aop-6.1.4.jar!/:6.1.4]
	at jdk.proxy2/jdk.proxy2.$Proxy142.findByEmail(Unknown Source) ~[na:na]
	at com.fixmate.config.ApplicationConfig.lambda$userDetailsService$1(ApplicationConfig.java:24) ~[!/:0.0.1-SNAPSHOT]
	at com.fixmate.config.JwtAuthenticationFilter.doFilterInternal(JwtAuthenticationFilter.java:46) ~[!/:0.0.1-SNAPSHOT]
	at org.springframework.web.filter.OncePerRequestFilter.doFilter(OncePerRequestFilter.java:116) ~[spring-web-6.1.4.jar!/:6.1.4]
	at org.springframework.security.web.FilterChainProxy$VirtualFilterChain.doFilter(FilterChainProxy.java:374) ~[spring-security-web-6.2.2.jar!/:6.2.2]
	at org.springframework.security.web.authentication.logout.LogoutFilter.doFilter(LogoutFilter.java:107) ~[spring-security-web-6.2.2.jar!/:6.2.2]
	at org.springframework.security.web.authentication.logout.LogoutFilter.doFilter(LogoutFilter.java:93) ~[spring-security-web-6.2.2.jar!/:6.2.2]
	at org.springframework.security.web.FilterChainProxy$VirtualFilterChain.doFilter(FilterChainProxy.java:374) ~[spring-security-web-6.2.2.jar!/:6.2.2]
	at org.springframework.web.filter.CorsFilter.doFilterInternal(CorsFilter.java:91) ~[spring-web-6.1.4.jar!/:6.1.4]
	at org.springframework.web.filter.OncePerRequestFilter.doFilter(OncePerRequestFilter.java:116) ~[spring-web-6.1.4.jar!/:6.1.4]
	at org.springframework.security.web.FilterChainProxy$VirtualFilterChain.doFilter(FilterChainProxy.java:374) ~[spring-security-web-6.2.2.jar!/:6.2.2]
	at org.springframework.security.web.header.HeaderWriterFilter.doHeadersAfter(HeaderWriterFilter.java:90) ~[spring-security-web-6.2.2.jar!/:6.2.2]
	at org.springframework.security.web.header.HeaderWriterFilter.doFilterInternal(HeaderWriterFilter.java:75) ~[spring-security-web-6.2.2.jar!/:6.2.2]
	at org.springframework.web.filter.OncePerRequestFilter.doFilter(OncePerRequestFilter.java:116) ~[spring-web-6.1.4.jar!/:6.1.4]
	at org.springframework.security.web.FilterChainProxy$VirtualFilterChain.doFilter(FilterChainProxy.java:374) ~[spring-security-web-6.2.2.jar!/:6.2.2]
	at org.springframework.security.web.context.SecurityContextHolderFilter.doFilter(SecurityContextHolderFilter.java:82) ~[spring-security-web-6.2.2.jar!/:6.2.2]
	at org.springframework.security.web.context.SecurityContextHolderFilter.doFilter(SecurityContextHolderFilter.java:69) ~[spring-security-web-6.2.2.jar!/:6.2.2]
	at org.springframework.security.web.FilterChainProxy$VirtualFilterChain.doFilter(FilterChainProxy.java:374) ~[spring-security-web-6.2.2.jar!/:6.2.2]
	at org.springframework.security.web.context.request.async.WebAsyncManagerIntegrationFilter.doFilterInternal(WebAsyncManagerIntegrationFilter.java:62) ~[spring-security-web-6.2.2.jar!/:6.2.2]
	at org.springframework.web.filter.OncePerRequestFilter.doFilter(OncePerRequestFilter.java:116) ~[spring-web-6.1.4.jar!/:6.1.4]
	at org.springframework.security.web.FilterChainProxy$VirtualFilterChain.doFilter(FilterChainProxy.java:374) ~[spring-security-web-6.2.2.jar!/:6.2.2]
	at org.springframework.security.web.session.DisableEncodeUrlFilter.doFilterInternal(DisableEncodeUrlFilter.java:42) ~[spring-security-web-6.2.2.jar!/:6.2.2]
	at org.springframework.web.filter.OncePerRequestFilter.doFilter(OncePerRequestFilter.java:116) ~[spring-web-6.1.4.jar!/:6.1.4]
	at org.springframework.security.web.FilterChainProxy$VirtualFilterChain.doFilter(FilterChainProxy.java:374) ~[spring-security-web-6.2.2.jar!/:6.2.2]
	at org.springframework.security.web.FilterChainProxy.doFilterInternal(FilterChainProxy.java:233) ~[spring-security-web-6.2.2.jar!/:6.2.2]
	at org.springframework.security.web.FilterChainProxy.doFilter(FilterChainProxy.java:191) ~[spring-security-web-6.2.2.jar!/:6.2.2]
	at org.springframework.web.filter.CompositeFilter$VirtualFilterChain.doFilter(CompositeFilter.java:113) ~[spring-web-6.1.4.jar!/:6.1.4]
	at org.springframework.web.servlet.handler.HandlerMappingIntrospector.lambda$createCacheFilter$3(HandlerMappingIntrospector.java:195) ~[spring-webmvc-6.1.4.jar!/:6.1.4]
	at org.springframework.web.filter.CompositeFilter$VirtualFilterChain.doFilter(CompositeFilter.java:113) ~[spring-web-6.1.4.jar!/:6.1.4]
	at org.springframework.web.filter.CompositeFilter.doFilter(CompositeFilter.java:74) ~[spring-web-6.1.4.jar!/:6.1.4]
	at org.springframework.security.config.annotation.web.configuration.WebMvcSecurityConfiguration$CompositeFilterChainProxy.doFilter(WebMvcSecurityConfiguration.java:230) ~[spring-security-config-6.2.2.jar!/:6.2.2]
	at org.springframework.web.filter.DelegatingFilterProxy.invokeDelegate(DelegatingFilterProxy.java:352) ~[spring-web-6.1.4.jar!/:6.1.4]
	at org.springframework.web.filter.DelegatingFilterProxy.doFilter(DelegatingFilterProxy.java:268) ~[spring-web-6.1.4.jar!/:6.1.4]
	at org.apache.catalina.core.ApplicationFilterChain.internalDoFilter(ApplicationFilterChain.java:174) ~[tomcat-embed-core-10.1.19.jar!/:na]
	at org.apache.catalina.core.ApplicationFilterChain.doFilter(ApplicationFilterChain.java:149) ~[tomcat-embed-core-10.1.19.jar!/:na]
	at org.springframework.web.filter.RequestContextFilter.doFilterInternal(RequestContextFilter.java:100) ~[spring-web-6.1.4.jar!/:6.1.4]
	at org.springframework.web.filter.OncePerRequestFilter.doFilter(OncePerRequestFilter.java:116) ~[spring-web-6.1.4.jar!/:6.1.4]
	at org.apache.catalina.core.ApplicationFilterChain.internalDoFilter(ApplicationFilterChain.java:174) ~[tomcat-embed-core-10.1.19.jar!/:na]
	at org.apache.catalina.core.ApplicationFilterChain.doFilter(ApplicationFilterChain.java:149) ~[tomcat-embed-core-10.1.19.jar!/:na]
	at org.springframework.web.filter.FormContentFilter.doFilterInternal(FormContentFilter.java:93) ~[spring-web-6.1.4.jar!/:6.1.4]
	at org.springframework.web.filter.OncePerRequestFilter.doFilter(OncePerRequestFilter.java:116) ~[spring-web-6.1.4.jar!/:6.1.4]
	at org.apache.catalina.core.ApplicationFilterChain.internalDoFilter(ApplicationFilterChain.java:174) ~[tomcat-embed-core-10.1.19.jar!/:na]
	at org.apache.catalina.core.ApplicationFilterChain.doFilter(ApplicationFilterChain.java:149) ~[tomcat-embed-core-10.1.19.jar!/:na]
	at org.springframework.web.filter.CharacterEncodingFilter.doFilterInternal(CharacterEncodingFilter.java:201) ~[spring-web-6.1.4.jar!/:6.1.4]
	at org.springframework.web.filter.OncePerRequestFilter.doFilter(OncePerRequestFilter.java:116) ~[spring-web-6.1.4.jar!/:6.1.4]
	at org.apache.catalina.core.ApplicationFilterChain.internalDoFilter(ApplicationFilterChain.java:174) ~[tomcat-embed-core-10.1.19.jar!/:na]
	at org.apache.catalina.core.ApplicationFilterChain.doFilter(ApplicationFilterChain.java:149) ~[tomcat-embed-core-10.1.19.jar!/:na]
	at org.apache.catalina.core.StandardWrapperValve.invoke(StandardWrapperValve.java:167) ~[tomcat-embed-core-10.1.19.jar!/:na]
	at org.apache.catalina.core.StandardContextValve.invoke(StandardContextValve.java:90) ~[tomcat-embed-core-10.1.19.jar!/:na]
	at org.apache.catalina.authenticator.AuthenticatorBase.invoke(AuthenticatorBase.java:482) ~[tomcat-embed-core-10.1.19.jar!/:na]
	at org.apache.catalina.core.StandardHostValve.invoke(StandardHostValve.java:115) ~[tomcat-embed-core-10.1.19.jar!/:na]
	at org.apache.catalina.valves.ErrorReportValve.invoke(ErrorReportValve.java:93) ~[tomcat-embed-core-10.1.19.jar!/:na]
	at org.apache.catalina.core.StandardEngineValve.invoke(StandardEngineValve.java:74) ~[tomcat-embed-core-10.1.19.jar!/:na]
	at org.apache.catalina.connector.CoyoteAdapter.service(CoyoteAdapter.java:344) ~[tomcat-embed-core-10.1.19.jar!/:na]
	at org.apache.coyote.http11.Http11Processor.service(Http11Processor.java:391) ~[tomcat-embed-core-10.1.19.jar!/:na]
	at org.apache.coyote.AbstractProcessorLight.process(AbstractProcessorLight.java:63) ~[tomcat-embed-core-10.1.19.jar!/:na]
	at org.apache.coyote.AbstractProtocol$ConnectionHandler.process(AbstractProtocol.java:896) ~[tomcat-embed-core-10.1.19.jar!/:na]
	at org.apache.tomcat.util.net.NioEndpoint$SocketProcessor.doRun(NioEndpoint.java:1744) ~[tomcat-embed-core-10.1.19.jar!/:na]
	at org.apache.tomcat.util.net.SocketProcessorBase.run(SocketProcessorBase.java:52) ~[tomcat-embed-core-10.1.19.jar!/:na]
	at org.apache.tomcat.util.threads.ThreadPoolExecutor.runWorker(ThreadPoolExecutor.java:1191) ~[tomcat-embed-core-10.1.19.jar!/:na]
	at org.apache.tomcat.util.threads.ThreadPoolExecutor$Worker.run(ThreadPoolExecutor.java:659) ~[tomcat-embed-core-10.1.19.jar!/:na]
	at org.apache.tomcat.util.threads.TaskThread$WrappingRunnable.run(TaskThread.java:63) ~[tomcat-embed-core-10.1.19.jar!/:na]
	at java.base/java.lang.Thread.run(Thread.java:1575) ~[na:na]
Caused by: org.hibernate.exception.JDBCConnectionException: Unable to acquire JDBC Connection [HikariPool-1 - Connection is not available, request timed out after 30008ms.] [n/a]
	at org.hibernate.exception.internal.SQLExceptionTypeDelegate.convert(SQLExceptionTypeDelegate.java:51) ~[hibernate-core-6.4.4.Final.jar!/:6.4.4.Final]
	at org.hibernate.exception.internal.StandardSQLExceptionConverter.convert(StandardSQLExceptionConverter.java:58) ~[hibernate-core-6.4.4.Final.jar!/:6.4.4.Final]
	at org.hibernate.engine.jdbc.spi.SqlExceptionHelper.convert(SqlExceptionHelper.java:108) ~[hibernate-core-6.4.4.Final.jar!/:6.4.4.Final]
	at org.hibernate.engine.jdbc.spi.SqlExceptionHelper.convert(SqlExceptionHelper.java:94) ~[hibernate-core-6.4.4.Final.jar!/:6.4.4.Final]
	at org.hibernate.resource.jdbc.internal.LogicalConnectionManagedImpl.acquireConnectionIfNeeded(LogicalConnectionManagedImpl.java:116) ~[hibernate-core-6.4.4.Final.jar!/:6.4.4.Final]
	at org.hibernate.resource.jdbc.internal.LogicalConnectionManagedImpl.getPhysicalConnection(LogicalConnectionManagedImpl.java:143) ~[hibernate-core-6.4.4.Final.jar!/:6.4.4.Final]
	at org.hibernate.engine.jdbc.internal.StatementPreparerImpl.connection(StatementPreparerImpl.java:54) ~[hibernate-core-6.4.4.Final.jar!/:6.4.4.Final]
	at org.hibernate.engine.jdbc.internal.StatementPreparerImpl$5.doPrepare(StatementPreparerImpl.java:153) ~[hibernate-core-6.4.4.Final.jar!/:6.4.4.Final]
	at org.hibernate.engine.jdbc.internal.StatementPreparerImpl$StatementPreparationTemplate.prepareStatement(StatementPreparerImpl.java:183) ~[hibernate-core-6.4.4.Final.jar!/:6.4.4.Final]
	at org.hibernate.engine.jdbc.internal.StatementPreparerImpl.prepareQueryStatement(StatementPreparerImpl.java:155) ~[hibernate-core-6.4.4.Final.jar!/:6.4.4.Final]
	at org.hibernate.sql.exec.spi.JdbcSelectExecutor.lambda$list$0(JdbcSelectExecutor.java:85) ~[hibernate-core-6.4.4.Final.jar!/:6.4.4.Final]
	at org.hibernate.sql.results.jdbc.internal.DeferredResultSetAccess.executeQuery(DeferredResultSetAccess.java:231) ~[hibernate-core-6.4.4.Final.jar!/:6.4.4.Final]
	at org.hibernate.sql.results.jdbc.internal.DeferredResultSetAccess.getResultSet(DeferredResultSetAccess.java:167) ~[hibernate-core-6.4.4.Final.jar!/:6.4.4.Final]
	at org.hibernate.sql.results.jdbc.internal.JdbcValuesResultSetImpl.advanceNext(JdbcValuesResultSetImpl.java:218) ~[hibernate-core-6.4.4.Final.jar!/:6.4.4.Final]
	at org.hibernate.sql.results.jdbc.internal.JdbcValuesResultSetImpl.processNext(JdbcValuesResultSetImpl.java:98) ~[hibernate-core-6.4.4.Final.jar!/:6.4.4.Final]
	at org.hibernate.sql.results.jdbc.internal.AbstractJdbcValues.next(AbstractJdbcValues.java:19) ~[hibernate-core-6.4.4.Final.jar!/:6.4.4.Final]
	at org.hibernate.sql.results.internal.RowProcessingStateStandardImpl.next(RowProcessingStateStandardImpl.java:66) ~[hibernate-core-6.4.4.Final.jar!/:6.4.4.Final]
	at org.hibernate.sql.results.spi.ListResultsConsumer.consume(ListResultsConsumer.java:202) ~[hibernate-core-6.4.4.Final.jar!/:6.4.4.Final]
	at org.hibernate.sql.results.spi.ListResultsConsumer.consume(ListResultsConsumer.java:33) ~[hibernate-core-6.4.4.Final.jar!/:6.4.4.Final]
	at org.hibernate.sql.exec.internal.JdbcSelectExecutorStandardImpl.doExecuteQuery(JdbcSelectExecutorStandardImpl.java:209) ~[hibernate-core-6.4.4.Final.jar!/:6.4.4.Final]
	at org.hibernate.sql.exec.internal.JdbcSelectExecutorStandardImpl.executeQuery(JdbcSelectExecutorStandardImpl.java:83) ~[hibernate-core-6.4.4.Final.jar!/:6.4.4.Final]
	at org.hibernate.sql.exec.spi.JdbcSelectExecutor.list(JdbcSelectExecutor.java:76) ~[hibernate-core-6.4.4.Final.jar!/:6.4.4.Final]
	at org.hibernate.sql.exec.spi.JdbcSelectExecutor.list(JdbcSelectExecutor.java:65) ~[hibernate-core-6.4.4.Final.jar!/:6.4.4.Final]
	at org.hibernate.query.sqm.internal.ConcreteSqmSelectQueryPlan.lambda$new$2(ConcreteSqmSelectQueryPlan.java:137) ~[hibernate-core-6.4.4.Final.jar!/:6.4.4.Final]
	at org.hibernate.query.sqm.internal.ConcreteSqmSelectQueryPlan.withCacheableSqmInterpretation(ConcreteSqmSelectQueryPlan.java:362) ~[hibernate-core-6.4.4.Final.jar!/:6.4.4.Final]
	at org.hibernate.query.sqm.internal.ConcreteSqmSelectQueryPlan.performList(ConcreteSqmSelectQueryPlan.java:303) ~[hibernate-core-6.4.4.Final.jar!/:6.4.4.Final]
	at org.hibernate.query.sqm.internal.QuerySqmImpl.doList(QuerySqmImpl.java:509) ~[hibernate-core-6.4.4.Final.jar!/:6.4.4.Final]
	at org.hibernate.query.spi.AbstractSelectionQuery.list(AbstractSelectionQuery.java:427) ~[hibernate-core-6.4.4.Final.jar!/:6.4.4.Final]
	at org.hibernate.query.spi.AbstractSelectionQuery.getSingleResult(AbstractSelectionQuery.java:564) ~[hibernate-core-6.4.4.Final.jar!/:6.4.4.Final]
	at java.base/jdk.internal.reflect.DirectMethodHandleAccessor.invoke(DirectMethodHandleAccessor.java:103) ~[na:na]
	at java.base/java.lang.reflect.Method.invoke(Method.java:580) ~[na:na]
	at org.springframework.orm.jpa.SharedEntityManagerCreator$DeferredQueryInvocationHandler.invoke(SharedEntityManagerCreator.java:415) ~[spring-orm-6.1.4.jar!/:6.1.4]
	at jdk.proxy2/jdk.proxy2.$Proxy196.getSingleResult(Unknown Source) ~[na:na]
	at org.springframework.data.jpa.repository.query.JpaQueryExecution$SingleEntityExecution.doExecute(JpaQueryExecution.java:223) ~[spring-data-jpa-3.2.3.jar!/:3.2.3]
	at org.springframework.data.jpa.repository.query.JpaQueryExecution.execute(JpaQueryExecution.java:92) ~[spring-data-jpa-3.2.3.jar!/:3.2.3]
	at org.springframework.data.jpa.repository.query.AbstractJpaQuery.doExecute(AbstractJpaQuery.java:149) ~[spring-data-jpa-3.2.3.jar!/:3.2.3]
	at org.springframework.data.jpa.repository.query.AbstractJpaQuery.execute(AbstractJpaQuery.java:137) ~[spring-data-jpa-3.2.3.jar!/:3.2.3]
	at org.springframework.data.repository.core.support.RepositoryMethodInvoker.doInvoke(RepositoryMethodInvoker.java:170) ~[spring-data-commons-3.2.3.jar!/:3.2.3]
	at org.springframework.data.repository.core.support.RepositoryMethodInvoker.invoke(RepositoryMethodInvoker.java:158) ~[spring-data-commons-3.2.3.jar!/:3.2.3]
	at org.springframework.data.repository.core.support.QueryExecutorMethodInterceptor.doInvoke(QueryExecutorMethodInterceptor.java:164) ~[spring-data-commons-3.2.3.jar!/:3.2.3]
	at org.springframework.data.repository.core.support.QueryExecutorMethodInterceptor.invoke(QueryExecutorMethodInterceptor.java:143) ~[spring-data-commons-3.2.3.jar!/:3.2.3]
	at org.springframework.aop.framework.ReflectiveMethodInvocation.proceed(ReflectiveMethodInvocation.java:184) ~[spring-aop-6.1.4.jar!/:6.1.4]
	at org.springframework.data.projection.DefaultMethodInvokingMethodInterceptor.invoke(DefaultMethodInvokingMethodInterceptor.java:70) ~[spring-data-commons-3.2.3.jar!/:3.2.3]
	at org.springframework.aop.framework.ReflectiveMethodInvocation.proceed(ReflectiveMethodInvocation.java:184) ~[spring-aop-6.1.4.jar!/:6.1.4]
	at org.springframework.transaction.interceptor.TransactionInterceptor$1.proceedWithInvocation(TransactionInterceptor.java:123) ~[spring-tx-6.1.4.jar!/:6.1.4]
	at org.springframework.transaction.interceptor.TransactionAspectSupport.invokeWithinTransaction(TransactionAspectSupport.java:385) ~[spring-tx-6.1.4.jar!/:6.1.4]
	at org.springframework.transaction.interceptor.TransactionInterceptor.invoke(TransactionInterceptor.java:119) ~[spring-tx-6.1.4.jar!/:6.1.4]
	at org.springframework.aop.framework.ReflectiveMethodInvocation.proceed(ReflectiveMethodInvocation.java:184) ~[spring-aop-6.1.4.jar!/:6.1.4]
	at org.springframework.dao.support.PersistenceExceptionTranslationInterceptor.invoke(PersistenceExceptionTranslationInterceptor.java:137) ~[spring-tx-6.1.4.jar!/:6.1.4]
	... 69 common frames omitted
Caused by: java.sql.SQLTransientConnectionException: HikariPool-1 - Connection is not available, request timed out after 30008ms.
	at com.zaxxer.hikari.pool.HikariPool.createTimeoutException(HikariPool.java:696) ~[HikariCP-5.0.1.jar!/:na]
	at com.zaxxer.hikari.pool.HikariPool.getConnection(HikariPool.java:181) ~[HikariCP-5.0.1.jar!/:na]
	at com.zaxxer.hikari.pool.HikariPool.getConnection(HikariPool.java:146) ~[HikariCP-5.0.1.jar!/:na]
	at com.zaxxer.hikari.HikariDataSource.getConnection(HikariDataSource.java:128) ~[HikariCP-5.0.1.jar!/:na]
	at org.hibernate.engine.jdbc.connections.internal.DatasourceConnectionProviderImpl.getConnection(DatasourceConnectionProviderImpl.java:122) ~[hibernate-core-6.4.4.Final.jar!/:6.4.4.Final]
	at org.hibernate.internal.NonContextualJdbcConnectionAccess.obtainConnection(NonContextualJdbcConnectionAccess.java:46) ~[hibernate-core-6.4.4.Final.jar!/:6.4.4.Final]
	at org.hibernate.resource.jdbc.internal.LogicalConnectionManagedImpl.acquireConnectionIfNeeded(LogicalConnectionManagedImpl.java:113) ~[hibernate-core-6.4.4.Final.jar!/:6.4.4.Final]
	... 113 common frames omitted

2026-08-18T01:48:07.888+05:30  INFO 22332 --- [fixmate-backend] [trap-executor-0] c.n.d.s.r.aws.ConfigClusterResolver      : Resolving eureka endpoints via configuration
Hibernate: select u1_0.id,u1_0.email,u1_0.first_name,u1_0.last_name,u1_0.password,u1_0.phone,u1_0.role from users u1_0 where u1_0.email=?
Hibernate: select u1_0.id,u1_0.email,u1_0.first_name,u1_0.last_name,u1_0.password,u1_0.phone,u1_0.role from users u1_0 where u1_0.email=?
Hibernate: select u1_0.id,u1_0.email,u1_0.first_name,u1_0.last_name,u1_0.password,u1_0.phone,u1_0.role from users u1_0 where u1_0.email=?
Hibernate: select u1_0.id,u1_0.email,u1_0.first_name,u1_0.last_name,u1_0.password,u1_0.phone,u1_0.role from users u1_0 where u1_0.email=?
Hibernate: select u1_0.id,u1_0.email,u1_0.first_name,u1_0.last_name,u1_0.password,u1_0.phone,u1_0.role from users u1_0 where u1_0.email=?
Hibernate: select u1_0.id,u1_0.email,u1_0.first_name,u1_0.last_name,u1_0.password,u1_0.phone,u1_0.role from users u1_0 where u1_0.email=?
Hibernate: select u1_0.id,u1_0.email,u1_0.first_name,u1_0.last_name,u1_0.password,u1_0.phone,u1_0.role from users u1_0 where u1_0.email=?
Hibernate: select u1_0.id,u1_0.email,u1_0.first_name,u1_0.last_name,u1_0.password,u1_0.phone,u1_0.role from users u1_0 where u1_0.email=?
Hibernate: select u1_0.id,u1_0.email,u1_0.first_name,u1_0.last_name,u1_0.password,u1_0.phone,u1_0.role from users u1_0 where u1_0.email=?
Hibernate: select u1_0.id,u1_0.email,u1_0.first_name,u1_0.last_name,u1_0.password,u1_0.phone,u1_0.role from users u1_0 where u1_0.email=?
2026-08-18T01:53:07.904+05:30  INFO 22332 --- [fixmate-backend] [trap-executor-0] c.n.d.s.r.aws.ConfigClusterResolver      : Resolving eureka endpoints via configuration
Hibernate: select u1_0.id,u1_0.email,u1_0.first_name,u1_0.last_name,u1_0.password,u1_0.phone,u1_0.role from users u1_0 where u1_0.email=?
Hibernate: select u1_0.id,u1_0.email,u1_0.first_name,u1_0.last_name,u1_0.password,u1_0.phone,u1_0.role from users u1_0 where u1_0.email=?
2026-08-18T01:53:16.237+05:30  WARN 22332 --- [fixmate-backend] [nio-8081-exec-5] o.h.engine.jdbc.spi.SqlExceptionHelper   : SQL Error: 0, SQLState: null
2026-08-18T01:53:16.243+05:30 ERROR 22332 --- [fixmate-backend] [nio-8081-exec-5] o.h.engine.jdbc.spi.SqlExceptionHelper   : HikariPool-1 - Connection is not available, request timed out after 30002ms.
2026-08-18T01:53:16.246+05:30 ERROR 22332 --- [fixmate-backend] [nio-8081-exec-5] o.a.c.c.C.[.[.[/].[dispatcherServlet]    : Servlet.service() for servlet [dispatcherServlet] in context with path [] threw exception

org.springframework.dao.DataAccessResourceFailureException: Unable to acquire JDBC Connection [HikariPool-1 - Connection is not available, request timed out after 30002ms.] [n/a]
	at org.springframework.orm.jpa.vendor.HibernateJpaDialect.convertHibernateAccessException(HibernateJpaDialect.java:274) ~[spring-orm-6.1.4.jar!/:6.1.4]
	at org.springframework.orm.jpa.vendor.HibernateJpaDialect.translateExceptionIfPossible(HibernateJpaDialect.java:241) ~[spring-orm-6.1.4.jar!/:6.1.4]
	at org.springframework.orm.jpa.AbstractEntityManagerFactoryBean.translateExceptionIfPossible(AbstractEntityManagerFactoryBean.java:550) ~[spring-orm-6.1.4.jar!/:6.1.4]
	at org.springframework.dao.support.ChainedPersistenceExceptionTranslator.translateExceptionIfPossible(ChainedPersistenceExceptionTranslator.java:61) ~[spring-tx-6.1.4.jar!/:6.1.4]
	at org.springframework.dao.support.DataAccessUtils.translateIfNecessary(DataAccessUtils.java:335) ~[spring-tx-6.1.4.jar!/:6.1.4]
	at org.springframework.dao.support.PersistenceExceptionTranslationInterceptor.invoke(PersistenceExceptionTranslationInterceptor.java:152) ~[spring-tx-6.1.4.jar!/:6.1.4]
	at org.springframework.aop.framework.ReflectiveMethodInvocation.proceed(ReflectiveMethodInvocation.java:184) ~[spring-aop-6.1.4.jar!/:6.1.4]
	at org.springframework.data.jpa.repository.support.CrudMethodMetadataPostProcessor$CrudMethodMetadataPopulatingMethodInterceptor.invoke(CrudMethodMetadataPostProcessor.java:135) ~[spring-data-jpa-3.2.3.jar!/:3.2.3]
	at org.springframework.aop.framework.ReflectiveMethodInvocation.proceed(ReflectiveMethodInvocation.java:184) ~[spring-aop-6.1.4.jar!/:6.1.4]
	at org.springframework.aop.interceptor.ExposeInvocationInterceptor.invoke(ExposeInvocationInterceptor.java:97) ~[spring-aop-6.1.4.jar!/:6.1.4]
	at org.springframework.aop.framework.ReflectiveMethodInvocation.proceed(ReflectiveMethodInvocation.java:184) ~[spring-aop-6.1.4.jar!/:6.1.4]
	at org.springframework.aop.framework.JdkDynamicAopProxy.invoke(JdkDynamicAopProxy.java:220) ~[spring-aop-6.1.4.jar!/:6.1.4]
	at jdk.proxy2/jdk.proxy2.$Proxy142.findByEmail(Unknown Source) ~[na:na]
	at com.fixmate.config.ApplicationConfig.lambda$userDetailsService$1(ApplicationConfig.java:24) ~[!/:0.0.1-SNAPSHOT]
	at com.fixmate.config.JwtAuthenticationFilter.doFilterInternal(JwtAuthenticationFilter.java:46) ~[!/:0.0.1-SNAPSHOT]
	at org.springframework.web.filter.OncePerRequestFilter.doFilter(OncePerRequestFilter.java:116) ~[spring-web-6.1.4.jar!/:6.1.4]
	at org.springframework.security.web.FilterChainProxy$VirtualFilterChain.doFilter(FilterChainProxy.java:374) ~[spring-security-web-6.2.2.jar!/:6.2.2]
	at org.springframework.security.web.authentication.logout.LogoutFilter.doFilter(LogoutFilter.java:107) ~[spring-security-web-6.2.2.jar!/:6.2.2]
	at org.springframework.security.web.authentication.logout.LogoutFilter.doFilter(LogoutFilter.java:93) ~[spring-security-web-6.2.2.jar!/:6.2.2]
	at org.springframework.security.web.FilterChainProxy$VirtualFilterChain.doFilter(FilterChainProxy.java:374) ~[spring-security-web-6.2.2.jar!/:6.2.2]
	at org.springframework.web.filter.CorsFilter.doFilterInternal(CorsFilter.java:91) ~[spring-web-6.1.4.jar!/:6.1.4]
	at org.springframework.web.filter.OncePerRequestFilter.doFilter(OncePerRequestFilter.java:116) ~[spring-web-6.1.4.jar!/:6.1.4]
	at org.springframework.security.web.FilterChainProxy$VirtualFilterChain.doFilter(FilterChainProxy.java:374) ~[spring-security-web-6.2.2.jar!/:6.2.2]
	at org.springframework.security.web.header.HeaderWriterFilter.doHeadersAfter(HeaderWriterFilter.java:90) ~[spring-security-web-6.2.2.jar!/:6.2.2]
	at org.springframework.security.web.header.HeaderWriterFilter.doFilterInternal(HeaderWriterFilter.java:75) ~[spring-security-web-6.2.2.jar!/:6.2.2]
	at org.springframework.web.filter.OncePerRequestFilter.doFilter(OncePerRequestFilter.java:116) ~[spring-web-6.1.4.jar!/:6.1.4]
	at org.springframework.security.web.FilterChainProxy$VirtualFilterChain.doFilter(FilterChainProxy.java:374) ~[spring-security-web-6.2.2.jar!/:6.2.2]
	at org.springframework.security.web.context.SecurityContextHolderFilter.doFilter(SecurityContextHolderFilter.java:82) ~[spring-security-web-6.2.2.jar!/:6.2.2]
	at org.springframework.security.web.context.SecurityContextHolderFilter.doFilter(SecurityContextHolderFilter.java:69) ~[spring-security-web-6.2.2.jar!/:6.2.2]
	at org.springframework.security.web.FilterChainProxy$VirtualFilterChain.doFilter(FilterChainProxy.java:374) ~[spring-security-web-6.2.2.jar!/:6.2.2]
	at org.springframework.security.web.context.request.async.WebAsyncManagerIntegrationFilter.doFilterInternal(WebAsyncManagerIntegrationFilter.java:62) ~[spring-security-web-6.2.2.jar!/:6.2.2]
	at org.springframework.web.filter.OncePerRequestFilter.doFilter(OncePerRequestFilter.java:116) ~[spring-web-6.1.4.jar!/:6.1.4]
	at org.springframework.security.web.FilterChainProxy$VirtualFilterChain.doFilter(FilterChainProxy.java:374) ~[spring-security-web-6.2.2.jar!/:6.2.2]
	at org.springframework.security.web.session.DisableEncodeUrlFilter.doFilterInternal(DisableEncodeUrlFilter.java:42) ~[spring-security-web-6.2.2.jar!/:6.2.2]
	at org.springframework.web.filter.OncePerRequestFilter.doFilter(OncePerRequestFilter.java:116) ~[spring-web-6.1.4.jar!/:6.1.4]
	at org.springframework.security.web.FilterChainProxy$VirtualFilterChain.doFilter(FilterChainProxy.java:374) ~[spring-security-web-6.2.2.jar!/:6.2.2]
	at org.springframework.security.web.FilterChainProxy.doFilterInternal(FilterChainProxy.java:233) ~[spring-security-web-6.2.2.jar!/:6.2.2]
	at org.springframework.security.web.FilterChainProxy.doFilter(FilterChainProxy.java:191) ~[spring-security-web-6.2.2.jar!/:6.2.2]
	at org.springframework.web.filter.CompositeFilter$VirtualFilterChain.doFilter(CompositeFilter.java:113) ~[spring-web-6.1.4.jar!/:6.1.4]
	at org.springframework.web.servlet.handler.HandlerMappingIntrospector.lambda$createCacheFilter$3(HandlerMappingIntrospector.java:195) ~[spring-webmvc-6.1.4.jar!/:6.1.4]
	at org.springframework.web.filter.CompositeFilter$VirtualFilterChain.doFilter(CompositeFilter.java:113) ~[spring-web-6.1.4.jar!/:6.1.4]
	at org.springframework.web.filter.CompositeFilter.doFilter(CompositeFilter.java:74) ~[spring-web-6.1.4.jar!/:6.1.4]
	at org.springframework.security.config.annotation.web.configuration.WebMvcSecurityConfiguration$CompositeFilterChainProxy.doFilter(WebMvcSecurityConfiguration.java:230) ~[spring-security-config-6.2.2.jar!/:6.2.2]
	at org.springframework.web.filter.DelegatingFilterProxy.invokeDelegate(DelegatingFilterProxy.java:352) ~[spring-web-6.1.4.jar!/:6.1.4]
	at org.springframework.web.filter.DelegatingFilterProxy.doFilter(DelegatingFilterProxy.java:268) ~[spring-web-6.1.4.jar!/:6.1.4]
	at org.apache.catalina.core.ApplicationFilterChain.internalDoFilter(ApplicationFilterChain.java:174) ~[tomcat-embed-core-10.1.19.jar!/:na]
	at org.apache.catalina.core.ApplicationFilterChain.doFilter(ApplicationFilterChain.java:149) ~[tomcat-embed-core-10.1.19.jar!/:na]
	at org.springframework.web.filter.RequestContextFilter.doFilterInternal(RequestContextFilter.java:100) ~[spring-web-6.1.4.jar!/:6.1.4]
	at org.springframework.web.filter.OncePerRequestFilter.doFilter(OncePerRequestFilter.java:116) ~[spring-web-6.1.4.jar!/:6.1.4]
	at org.apache.catalina.core.ApplicationFilterChain.internalDoFilter(ApplicationFilterChain.java:174) ~[tomcat-embed-core-10.1.19.jar!/:na]
	at org.apache.catalina.core.ApplicationFilterChain.doFilter(ApplicationFilterChain.java:149) ~[tomcat-embed-core-10.1.19.jar!/:na]
	at org.springframework.web.filter.FormContentFilter.doFilterInternal(FormContentFilter.java:93) ~[spring-web-6.1.4.jar!/:6.1.4]
	at org.springframework.web.filter.OncePerRequestFilter.doFilter(OncePerRequestFilter.java:116) ~[spring-web-6.1.4.jar!/:6.1.4]
	at org.apache.catalina.core.ApplicationFilterChain.internalDoFilter(ApplicationFilterChain.java:174) ~[tomcat-embed-core-10.1.19.jar!/:na]
	at org.apache.catalina.core.ApplicationFilterChain.doFilter(ApplicationFilterChain.java:149) ~[tomcat-embed-core-10.1.19.jar!/:na]
	at org.springframework.web.filter.CharacterEncodingFilter.doFilterInternal(CharacterEncodingFilter.java:201) ~[spring-web-6.1.4.jar!/:6.1.4]
	at org.springframework.web.filter.OncePerRequestFilter.doFilter(OncePerRequestFilter.java:116) ~[spring-web-6.1.4.jar!/:6.1.4]
	at org.apache.catalina.core.ApplicationFilterChain.internalDoFilter(ApplicationFilterChain.java:174) ~[tomcat-embed-core-10.1.19.jar!/:na]
	at org.apache.catalina.core.ApplicationFilterChain.doFilter(ApplicationFilterChain.java:149) ~[tomcat-embed-core-10.1.19.jar!/:na]
	at org.apache.catalina.core.StandardWrapperValve.invoke(StandardWrapperValve.java:167) ~[tomcat-embed-core-10.1.19.jar!/:na]
	at org.apache.catalina.core.StandardContextValve.invoke(StandardContextValve.java:90) ~[tomcat-embed-core-10.1.19.jar!/:na]
	at org.apache.catalina.authenticator.AuthenticatorBase.invoke(AuthenticatorBase.java:482) ~[tomcat-embed-core-10.1.19.jar!/:na]
	at org.apache.catalina.core.StandardHostValve.invoke(StandardHostValve.java:115) ~[tomcat-embed-core-10.1.19.jar!/:na]
	at org.apache.catalina.valves.ErrorReportValve.invoke(ErrorReportValve.java:93) ~[tomcat-embed-core-10.1.19.jar!/:na]
	at org.apache.catalina.core.StandardEngineValve.invoke(StandardEngineValve.java:74) ~[tomcat-embed-core-10.1.19.jar!/:na]
	at org.apache.catalina.connector.CoyoteAdapter.service(CoyoteAdapter.java:344) ~[tomcat-embed-core-10.1.19.jar!/:na]
	at org.apache.coyote.http11.Http11Processor.service(Http11Processor.java:391) ~[tomcat-embed-core-10.1.19.jar!/:na]
	at org.apache.coyote.AbstractProcessorLight.process(AbstractProcessorLight.java:63) ~[tomcat-embed-core-10.1.19.jar!/:na]
	at org.apache.coyote.AbstractProtocol$ConnectionHandler.process(AbstractProtocol.java:896) ~[tomcat-embed-core-10.1.19.jar!/:na]
	at org.apache.tomcat.util.net.NioEndpoint$SocketProcessor.doRun(NioEndpoint.java:1744) ~[tomcat-embed-core-10.1.19.jar!/:na]
	at org.apache.tomcat.util.net.SocketProcessorBase.run(SocketProcessorBase.java:52) ~[tomcat-embed-core-10.1.19.jar!/:na]
	at org.apache.tomcat.util.threads.ThreadPoolExecutor.runWorker(ThreadPoolExecutor.java:1191) ~[tomcat-embed-core-10.1.19.jar!/:na]
	at org.apache.tomcat.util.threads.ThreadPoolExecutor$Worker.run(ThreadPoolExecutor.java:659) ~[tomcat-embed-core-10.1.19.jar!/:na]
	at org.apache.tomcat.util.threads.TaskThread$WrappingRunnable.run(TaskThread.java:63) ~[tomcat-embed-core-10.1.19.jar!/:na]
	at java.base/java.lang.Thread.run(Thread.java:1575) ~[na:na]
Caused by: org.hibernate.exception.JDBCConnectionException: Unable to acquire JDBC Connection [HikariPool-1 - Connection is not available, request timed out after 30002ms.] [n/a]
	at org.hibernate.exception.internal.SQLExceptionTypeDelegate.convert(SQLExceptionTypeDelegate.java:51) ~[hibernate-core-6.4.4.Final.jar!/:6.4.4.Final]
	at org.hibernate.exception.internal.StandardSQLExceptionConverter.convert(StandardSQLExceptionConverter.java:58) ~[hibernate-core-6.4.4.Final.jar!/:6.4.4.Final]
	at org.hibernate.engine.jdbc.spi.SqlExceptionHelper.convert(SqlExceptionHelper.java:108) ~[hibernate-core-6.4.4.Final.jar!/:6.4.4.Final]
	at org.hibernate.engine.jdbc.spi.SqlExceptionHelper.convert(SqlExceptionHelper.java:94) ~[hibernate-core-6.4.4.Final.jar!/:6.4.4.Final]
	at org.hibernate.resource.jdbc.internal.LogicalConnectionManagedImpl.acquireConnectionIfNeeded(LogicalConnectionManagedImpl.java:116) ~[hibernate-core-6.4.4.Final.jar!/:6.4.4.Final]
	at org.hibernate.resource.jdbc.internal.LogicalConnectionManagedImpl.getPhysicalConnection(LogicalConnectionManagedImpl.java:143) ~[hibernate-core-6.4.4.Final.jar!/:6.4.4.Final]
	at org.hibernate.engine.jdbc.internal.StatementPreparerImpl.connection(StatementPreparerImpl.java:54) ~[hibernate-core-6.4.4.Final.jar!/:6.4.4.Final]
	at org.hibernate.engine.jdbc.internal.StatementPreparerImpl$5.doPrepare(StatementPreparerImpl.java:153) ~[hibernate-core-6.4.4.Final.jar!/:6.4.4.Final]
	at org.hibernate.engine.jdbc.internal.StatementPreparerImpl$StatementPreparationTemplate.prepareStatement(StatementPreparerImpl.java:183) ~[hibernate-core-6.4.4.Final.jar!/:6.4.4.Final]
	at org.hibernate.engine.jdbc.internal.StatementPreparerImpl.prepareQueryStatement(StatementPreparerImpl.java:155) ~[hibernate-core-6.4.4.Final.jar!/:6.4.4.Final]
	at org.hibernate.sql.exec.spi.JdbcSelectExecutor.lambda$list$0(JdbcSelectExecutor.java:85) ~[hibernate-core-6.4.4.Final.jar!/:6.4.4.Final]
	at org.hibernate.sql.results.jdbc.internal.DeferredResultSetAccess.executeQuery(DeferredResultSetAccess.java:231) ~[hibernate-core-6.4.4.Final.jar!/:6.4.4.Final]
	at org.hibernate.sql.results.jdbc.internal.DeferredResultSetAccess.getResultSet(DeferredResultSetAccess.java:167) ~[hibernate-core-6.4.4.Final.jar!/:6.4.4.Final]
	at org.hibernate.sql.results.jdbc.internal.JdbcValuesResultSetImpl.advanceNext(JdbcValuesResultSetImpl.java:218) ~[hibernate-core-6.4.4.Final.jar!/:6.4.4.Final]
	at org.hibernate.sql.results.jdbc.internal.JdbcValuesResultSetImpl.processNext(JdbcValuesResultSetImpl.java:98) ~[hibernate-core-6.4.4.Final.jar!/:6.4.4.Final]
	at org.hibernate.sql.results.jdbc.internal.AbstractJdbcValues.next(AbstractJdbcValues.java:19) ~[hibernate-core-6.4.4.Final.jar!/:6.4.4.Final]
	at org.hibernate.sql.results.internal.RowProcessingStateStandardImpl.next(RowProcessingStateStandardImpl.java:66) ~[hibernate-core-6.4.4.Final.jar!/:6.4.4.Final]
	at org.hibernate.sql.results.spi.ListResultsConsumer.consume(ListResultsConsumer.java:202) ~[hibernate-core-6.4.4.Final.jar!/:6.4.4.Final]
	at org.hibernate.sql.results.spi.ListResultsConsumer.consume(ListResultsConsumer.java:33) ~[hibernate-core-6.4.4.Final.jar!/:6.4.4.Final]
	at org.hibernate.sql.exec.internal.JdbcSelectExecutorStandardImpl.doExecuteQuery(JdbcSelectExecutorStandardImpl.java:209) ~[hibernate-core-6.4.4.Final.jar!/:6.4.4.Final]
	at org.hibernate.sql.exec.internal.JdbcSelectExecutorStandardImpl.executeQuery(JdbcSelectExecutorStandardImpl.java:83) ~[hibernate-core-6.4.4.Final.jar!/:6.4.4.Final]
	at org.hibernate.sql.exec.spi.JdbcSelectExecutor.list(JdbcSelectExecutor.java:76) ~[hibernate-core-6.4.4.Final.jar!/:6.4.4.Final]
	at org.hibernate.sql.exec.spi.JdbcSelectExecutor.list(JdbcSelectExecutor.java:65) ~[hibernate-core-6.4.4.Final.jar!/:6.4.4.Final]
	at org.hibernate.query.sqm.internal.ConcreteSqmSelectQueryPlan.lambda$new$2(ConcreteSqmSelectQueryPlan.java:137) ~[hibernate-core-6.4.4.Final.jar!/:6.4.4.Final]
	at org.hibernate.query.sqm.internal.ConcreteSqmSelectQueryPlan.withCacheableSqmInterpretation(ConcreteSqmSelectQueryPlan.java:362) ~[hibernate-core-6.4.4.Final.jar!/:6.4.4.Final]
	at org.hibernate.query.sqm.internal.ConcreteSqmSelectQueryPlan.performList(ConcreteSqmSelectQueryPlan.java:303) ~[hibernate-core-6.4.4.Final.jar!/:6.4.4.Final]
	at org.hibernate.query.sqm.internal.QuerySqmImpl.doList(QuerySqmImpl.java:509) ~[hibernate-core-6.4.4.Final.jar!/:6.4.4.Final]
	at org.hibernate.query.spi.AbstractSelectionQuery.list(AbstractSelectionQuery.java:427) ~[hibernate-core-6.4.4.Final.jar!/:6.4.4.Final]
	at org.hibernate.query.spi.AbstractSelectionQuery.getSingleResult(AbstractSelectionQuery.java:564) ~[hibernate-core-6.4.4.Final.jar!/:6.4.4.Final]
	at java.base/jdk.internal.reflect.DirectMethodHandleAccessor.invoke(DirectMethodHandleAccessor.java:103) ~[na:na]
	at java.base/java.lang.reflect.Method.invoke(Method.java:580) ~[na:na]
	at org.springframework.orm.jpa.SharedEntityManagerCreator$DeferredQueryInvocationHandler.invoke(SharedEntityManagerCreator.java:415) ~[spring-orm-6.1.4.jar!/:6.1.4]
	at jdk.proxy2/jdk.proxy2.$Proxy196.getSingleResult(Unknown Source) ~[na:na]
	at org.springframework.data.jpa.repository.query.JpaQueryExecution$SingleEntityExecution.doExecute(JpaQueryExecution.java:223) ~[spring-data-jpa-3.2.3.jar!/:3.2.3]
	at org.springframework.data.jpa.repository.query.JpaQueryExecution.execute(JpaQueryExecution.java:92) ~[spring-data-jpa-3.2.3.jar!/:3.2.3]
	at org.springframework.data.jpa.repository.query.AbstractJpaQuery.doExecute(AbstractJpaQuery.java:149) ~[spring-data-jpa-3.2.3.jar!/:3.2.3]
	at org.springframework.data.jpa.repository.query.AbstractJpaQuery.execute(AbstractJpaQuery.java:137) ~[spring-data-jpa-3.2.3.jar!/:3.2.3]
	at org.springframework.data.repository.core.support.RepositoryMethodInvoker.doInvoke(RepositoryMethodInvoker.java:170) ~[spring-data-commons-3.2.3.jar!/:3.2.3]
	at org.springframework.data.repository.core.support.RepositoryMethodInvoker.invoke(RepositoryMethodInvoker.java:158) ~[spring-data-commons-3.2.3.jar!/:3.2.3]
	at org.springframework.data.repository.core.support.QueryExecutorMethodInterceptor.doInvoke(QueryExecutorMethodInterceptor.java:164) ~[spring-data-commons-3.2.3.jar!/:3.2.3]
	at org.springframework.data.repository.core.support.QueryExecutorMethodInterceptor.invoke(QueryExecutorMethodInterceptor.java:143) ~[spring-data-commons-3.2.3.jar!/:3.2.3]
	at org.springframework.aop.framework.ReflectiveMethodInvocation.proceed(ReflectiveMethodInvocation.java:184) ~[spring-aop-6.1.4.jar!/:6.1.4]
	at org.springframework.data.projection.DefaultMethodInvokingMethodInterceptor.invoke(DefaultMethodInvokingMethodInterceptor.java:70) ~[spring-data-commons-3.2.3.jar!/:3.2.3]
	at org.springframework.aop.framework.ReflectiveMethodInvocation.proceed(ReflectiveMethodInvocation.java:184) ~[spring-aop-6.1.4.jar!/:6.1.4]
	at org.springframework.transaction.interceptor.TransactionInterceptor$1.proceedWithInvocation(TransactionInterceptor.java:123) ~[spring-tx-6.1.4.jar!/:6.1.4]
	at org.springframework.transaction.interceptor.TransactionAspectSupport.invokeWithinTransaction(TransactionAspectSupport.java:385) ~[spring-tx-6.1.4.jar!/:6.1.4]
	at org.springframework.transaction.interceptor.TransactionInterceptor.invoke(TransactionInterceptor.java:119) ~[spring-tx-6.1.4.jar!/:6.1.4]
	at org.springframework.aop.framework.ReflectiveMethodInvocation.proceed(ReflectiveMethodInvocation.java:184) ~[spring-aop-6.1.4.jar!/:6.1.4]
	at org.springframework.dao.support.PersistenceExceptionTranslationInterceptor.invoke(PersistenceExceptionTranslationInterceptor.java:137) ~[spring-tx-6.1.4.jar!/:6.1.4]
	... 69 common frames omitted
Caused by: java.sql.SQLTransientConnectionException: HikariPool-1 - Connection is not available, request timed out after 30002ms.
	at com.zaxxer.hikari.pool.HikariPool.createTimeoutException(HikariPool.java:696) ~[HikariCP-5.0.1.jar!/:na]
	at com.zaxxer.hikari.pool.HikariPool.getConnection(HikariPool.java:181) ~[HikariCP-5.0.1.jar!/:na]
	at com.zaxxer.hikari.pool.HikariPool.getConnection(HikariPool.java:146) ~[HikariCP-5.0.1.jar!/:na]
	at com.zaxxer.hikari.HikariDataSource.getConnection(HikariDataSource.java:128) ~[HikariCP-5.0.1.jar!/:na]
	at org.hibernate.engine.jdbc.connections.internal.DatasourceConnectionProviderImpl.getConnection(DatasourceConnectionProviderImpl.java:122) ~[hibernate-core-6.4.4.Final.jar!/:6.4.4.Final]
	at org.hibernate.internal.NonContextualJdbcConnectionAccess.obtainConnection(NonContextualJdbcConnectionAccess.java:46) ~[hibernate-core-6.4.4.Final.jar!/:6.4.4.Final]
	at org.hibernate.resource.jdbc.internal.LogicalConnectionManagedImpl.acquireConnectionIfNeeded(LogicalConnectionManagedImpl.java:113) ~[hibernate-core-6.4.4.Final.jar!/:6.4.4.Final]
	... 113 common frames omitted

2026-08-18T01:53:16.300+05:30  WARN 22332 --- [fixmate-backend] [io-8081-exec-10] o.h.engine.jdbc.spi.SqlExceptionHelper   : SQL Error: 0, SQLState: null
2026-08-18T01:53:16.301+05:30 ERROR 22332 --- [fixmate-backend] [io-8081-exec-10] o.h.engine.jdbc.spi.SqlExceptionHelper   : HikariPool-1 - Connection is not available, request timed out after 30011ms.
2026-08-18T01:53:16.303+05:30 ERROR 22332 --- [fixmate-backend] [io-8081-exec-10] o.a.c.c.C.[.[.[/].[dispatcherServlet]    : Servlet.service() for servlet [dispatcherServlet] in context with path [] threw exception

org.springframework.dao.DataAccessResourceFailureException: Unable to acquire JDBC Connection [HikariPool-1 - Connection is not available, request timed out after 30011ms.] [n/a]
	at org.springframework.orm.jpa.vendor.HibernateJpaDialect.convertHibernateAccessException(HibernateJpaDialect.java:274) ~[spring-orm-6.1.4.jar!/:6.1.4]
	at org.springframework.orm.jpa.vendor.HibernateJpaDialect.translateExceptionIfPossible(HibernateJpaDialect.java:241) ~[spring-orm-6.1.4.jar!/:6.1.4]
	at org.springframework.orm.jpa.AbstractEntityManagerFactoryBean.translateExceptionIfPossible(AbstractEntityManagerFactoryBean.java:550) ~[spring-orm-6.1.4.jar!/:6.1.4]
	at org.springframework.dao.support.ChainedPersistenceExceptionTranslator.translateExceptionIfPossible(ChainedPersistenceExceptionTranslator.java:61) ~[spring-tx-6.1.4.jar!/:6.1.4]
	at org.springframework.dao.support.DataAccessUtils.translateIfNecessary(DataAccessUtils.java:335) ~[spring-tx-6.1.4.jar!/:6.1.4]
	at org.springframework.dao.support.PersistenceExceptionTranslationInterceptor.invoke(PersistenceExceptionTranslationInterceptor.java:152) ~[spring-tx-6.1.4.jar!/:6.1.4]
	at org.springframework.aop.framework.ReflectiveMethodInvocation.proceed(ReflectiveMethodInvocation.java:184) ~[spring-aop-6.1.4.jar!/:6.1.4]
	at org.springframework.data.jpa.repository.support.CrudMethodMetadataPostProcessor$CrudMethodMetadataPopulatingMethodInterceptor.invoke(CrudMethodMetadataPostProcessor.java:135) ~[spring-data-jpa-3.2.3.jar!/:3.2.3]
	at org.springframework.aop.framework.ReflectiveMethodInvocation.proceed(ReflectiveMethodInvocation.java:184) ~[spring-aop-6.1.4.jar!/:6.1.4]
	at org.springframework.aop.interceptor.ExposeInvocationInterceptor.invoke(ExposeInvocationInterceptor.java:97) ~[spring-aop-6.1.4.jar!/:6.1.4]
	at org.springframework.aop.framework.ReflectiveMethodInvocation.proceed(ReflectiveMethodInvocation.java:184) ~[spring-aop-6.1.4.jar!/:6.1.4]
	at org.springframework.aop.framework.JdkDynamicAopProxy.invoke(JdkDynamicAopProxy.java:220) ~[spring-aop-6.1.4.jar!/:6.1.4]
	at jdk.proxy2/jdk.proxy2.$Proxy142.findByEmail(Unknown Source) ~[na:na]
	at com.fixmate.config.ApplicationConfig.lambda$userDetailsService$1(ApplicationConfig.java:24) ~[!/:0.0.1-SNAPSHOT]
	at com.fixmate.config.JwtAuthenticationFilter.doFilterInternal(JwtAuthenticationFilter.java:46) ~[!/:0.0.1-SNAPSHOT]
	at org.springframework.web.filter.OncePerRequestFilter.doFilter(OncePerRequestFilter.java:116) ~[spring-web-6.1.4.jar!/:6.1.4]
	at org.springframework.security.web.FilterChainProxy$VirtualFilterChain.doFilter(FilterChainProxy.java:374) ~[spring-security-web-6.2.2.jar!/:6.2.2]
	at org.springframework.security.web.authentication.logout.LogoutFilter.doFilter(LogoutFilter.java:107) ~[spring-security-web-6.2.2.jar!/:6.2.2]
	at org.springframework.security.web.authentication.logout.LogoutFilter.doFilter(LogoutFilter.java:93) ~[spring-security-web-6.2.2.jar!/:6.2.2]
	at org.springframework.security.web.FilterChainProxy$VirtualFilterChain.doFilter(FilterChainProxy.java:374) ~[spring-security-web-6.2.2.jar!/:6.2.2]
	at org.springframework.web.filter.CorsFilter.doFilterInternal(CorsFilter.java:91) ~[spring-web-6.1.4.jar!/:6.1.4]
	at org.springframework.web.filter.OncePerRequestFilter.doFilter(OncePerRequestFilter.java:116) ~[spring-web-6.1.4.jar!/:6.1.4]
	at org.springframework.security.web.FilterChainProxy$VirtualFilterChain.doFilter(FilterChainProxy.java:374) ~[spring-security-web-6.2.2.jar!/:6.2.2]
	at org.springframework.security.web.header.HeaderWriterFilter.doHeadersAfter(HeaderWriterFilter.java:90) ~[spring-security-web-6.2.2.jar!/:6.2.2]
	at org.springframework.security.web.header.HeaderWriterFilter.doFilterInternal(HeaderWriterFilter.java:75) ~[spring-security-web-6.2.2.jar!/:6.2.2]
	at org.springframework.web.filter.OncePerRequestFilter.doFilter(OncePerRequestFilter.java:116) ~[spring-web-6.1.4.jar!/:6.1.4]
	at org.springframework.security.web.FilterChainProxy$VirtualFilterChain.doFilter(FilterChainProxy.java:374) ~[spring-security-web-6.2.2.jar!/:6.2.2]
	at org.springframework.security.web.context.SecurityContextHolderFilter.doFilter(SecurityContextHolderFilter.java:82) ~[spring-security-web-6.2.2.jar!/:6.2.2]
	at org.springframework.security.web.context.SecurityContextHolderFilter.doFilter(SecurityContextHolderFilter.java:69) ~[spring-security-web-6.2.2.jar!/:6.2.2]
	at org.springframework.security.web.FilterChainProxy$VirtualFilterChain.doFilter(FilterChainProxy.java:374) ~[spring-security-web-6.2.2.jar!/:6.2.2]
	at org.springframework.security.web.context.request.async.WebAsyncManagerIntegrationFilter.doFilterInternal(WebAsyncManagerIntegrationFilter.java:62) ~[spring-security-web-6.2.2.jar!/:6.2.2]
	at org.springframework.web.filter.OncePerRequestFilter.doFilter(OncePerRequestFilter.java:116) ~[spring-web-6.1.4.jar!/:6.1.4]
	at org.springframework.security.web.FilterChainProxy$VirtualFilterChain.doFilter(FilterChainProxy.java:374) ~[spring-security-web-6.2.2.jar!/:6.2.2]
	at org.springframework.security.web.session.DisableEncodeUrlFilter.doFilterInternal(DisableEncodeUrlFilter.java:42) ~[spring-security-web-6.2.2.jar!/:6.2.2]
	at org.springframework.web.filter.OncePerRequestFilter.doFilter(OncePerRequestFilter.java:116) ~[spring-web-6.1.4.jar!/:6.1.4]
	at org.springframework.security.web.FilterChainProxy$VirtualFilterChain.doFilter(FilterChainProxy.java:374) ~[spring-security-web-6.2.2.jar!/:6.2.2]
	at org.springframework.security.web.FilterChainProxy.doFilterInternal(FilterChainProxy.java:233) ~[spring-security-web-6.2.2.jar!/:6.2.2]
	at org.springframework.security.web.FilterChainProxy.doFilter(FilterChainProxy.java:191) ~[spring-security-web-6.2.2.jar!/:6.2.2]
	at org.springframework.web.filter.CompositeFilter$VirtualFilterChain.doFilter(CompositeFilter.java:113) ~[spring-web-6.1.4.jar!/:6.1.4]
	at org.springframework.web.servlet.handler.HandlerMappingIntrospector.lambda$createCacheFilter$3(HandlerMappingIntrospector.java:195) ~[spring-webmvc-6.1.4.jar!/:6.1.4]
	at org.springframework.web.filter.CompositeFilter$VirtualFilterChain.doFilter(CompositeFilter.java:113) ~[spring-web-6.1.4.jar!/:6.1.4]
	at org.springframework.web.filter.CompositeFilter.doFilter(CompositeFilter.java:74) ~[spring-web-6.1.4.jar!/:6.1.4]
	at org.springframework.security.config.annotation.web.configuration.WebMvcSecurityConfiguration$CompositeFilterChainProxy.doFilter(WebMvcSecurityConfiguration.java:230) ~[spring-security-config-6.2.2.jar!/:6.2.2]
	at org.springframework.web.filter.DelegatingFilterProxy.invokeDelegate(DelegatingFilterProxy.java:352) ~[spring-web-6.1.4.jar!/:6.1.4]
	at org.springframework.web.filter.DelegatingFilterProxy.doFilter(DelegatingFilterProxy.java:268) ~[spring-web-6.1.4.jar!/:6.1.4]
	at org.apache.catalina.core.ApplicationFilterChain.internalDoFilter(ApplicationFilterChain.java:174) ~[tomcat-embed-core-10.1.19.jar!/:na]
	at org.apache.catalina.core.ApplicationFilterChain.doFilter(ApplicationFilterChain.java:149) ~[tomcat-embed-core-10.1.19.jar!/:na]
	at org.springframework.web.filter.RequestContextFilter.doFilterInternal(RequestContextFilter.java:100) ~[spring-web-6.1.4.jar!/:6.1.4]
	at org.springframework.web.filter.OncePerRequestFilter.doFilter(OncePerRequestFilter.java:116) ~[spring-web-6.1.4.jar!/:6.1.4]
	at org.apache.catalina.core.ApplicationFilterChain.internalDoFilter(ApplicationFilterChain.java:174) ~[tomcat-embed-core-10.1.19.jar!/:na]
	at org.apache.catalina.core.ApplicationFilterChain.doFilter(ApplicationFilterChain.java:149) ~[tomcat-embed-core-10.1.19.jar!/:na]
	at org.springframework.web.filter.FormContentFilter.doFilterInternal(FormContentFilter.java:93) ~[spring-web-6.1.4.jar!/:6.1.4]
	at org.springframework.web.filter.OncePerRequestFilter.doFilter(OncePerRequestFilter.java:116) ~[spring-web-6.1.4.jar!/:6.1.4]
	at org.apache.catalina.core.ApplicationFilterChain.internalDoFilter(ApplicationFilterChain.java:174) ~[tomcat-embed-core-10.1.19.jar!/:na]
	at org.apache.catalina.core.ApplicationFilterChain.doFilter(ApplicationFilterChain.java:149) ~[tomcat-embed-core-10.1.19.jar!/:na]
	at org.springframework.web.filter.CharacterEncodingFilter.doFilterInternal(CharacterEncodingFilter.java:201) ~[spring-web-6.1.4.jar!/:6.1.4]
	at org.springframework.web.filter.OncePerRequestFilter.doFilter(OncePerRequestFilter.java:116) ~[spring-web-6.1.4.jar!/:6.1.4]
	at org.apache.catalina.core.ApplicationFilterChain.internalDoFilter(ApplicationFilterChain.java:174) ~[tomcat-embed-core-10.1.19.jar!/:na]
	at org.apache.catalina.core.ApplicationFilterChain.doFilter(ApplicationFilterChain.java:149) ~[tomcat-embed-core-10.1.19.jar!/:na]
	at org.apache.catalina.core.StandardWrapperValve.invoke(StandardWrapperValve.java:167) ~[tomcat-embed-core-10.1.19.jar!/:na]
	at org.apache.catalina.core.StandardContextValve.invoke(StandardContextValve.java:90) ~[tomcat-embed-core-10.1.19.jar!/:na]
	at org.apache.catalina.authenticator.AuthenticatorBase.invoke(AuthenticatorBase.java:482) ~[tomcat-embed-core-10.1.19.jar!/:na]
	at org.apache.catalina.core.StandardHostValve.invoke(StandardHostValve.java:115) ~[tomcat-embed-core-10.1.19.jar!/:na]
	at org.apache.catalina.valves.ErrorReportValve.invoke(ErrorReportValve.java:93) ~[tomcat-embed-core-10.1.19.jar!/:na]
	at org.apache.catalina.core.StandardEngineValve.invoke(StandardEngineValve.java:74) ~[tomcat-embed-core-10.1.19.jar!/:na]
	at org.apache.catalina.connector.CoyoteAdapter.service(CoyoteAdapter.java:344) ~[tomcat-embed-core-10.1.19.jar!/:na]
	at org.apache.coyote.http11.Http11Processor.service(Http11Processor.java:391) ~[tomcat-embed-core-10.1.19.jar!/:na]
	at org.apache.coyote.AbstractProcessorLight.process(AbstractProcessorLight.java:63) ~[tomcat-embed-core-10.1.19.jar!/:na]
	at org.apache.coyote.AbstractProtocol$ConnectionHandler.process(AbstractProtocol.java:896) ~[tomcat-embed-core-10.1.19.jar!/:na]
	at org.apache.tomcat.util.net.NioEndpoint$SocketProcessor.doRun(NioEndpoint.java:1744) ~[tomcat-embed-core-10.1.19.jar!/:na]
	at org.apache.tomcat.util.net.SocketProcessorBase.run(SocketProcessorBase.java:52) ~[tomcat-embed-core-10.1.19.jar!/:na]
	at org.apache.tomcat.util.threads.ThreadPoolExecutor.runWorker(ThreadPoolExecutor.java:1191) ~[tomcat-embed-core-10.1.19.jar!/:na]
	at org.apache.tomcat.util.threads.ThreadPoolExecutor$Worker.run(ThreadPoolExecutor.java:659) ~[tomcat-embed-core-10.1.19.jar!/:na]
	at org.apache.tomcat.util.threads.TaskThread$WrappingRunnable.run(TaskThread.java:63) ~[tomcat-embed-core-10.1.19.jar!/:na]
	at java.base/java.lang.Thread.run(Thread.java:1575) ~[na:na]
Caused by: org.hibernate.exception.JDBCConnectionException: Unable to acquire JDBC Connection [HikariPool-1 - Connection is not available, request timed out after 30011ms.] [n/a]
	at org.hibernate.exception.internal.SQLExceptionTypeDelegate.convert(SQLExceptionTypeDelegate.java:51) ~[hibernate-core-6.4.4.Final.jar!/:6.4.4.Final]
	at org.hibernate.exception.internal.StandardSQLExceptionConverter.convert(StandardSQLExceptionConverter.java:58) ~[hibernate-core-6.4.4.Final.jar!/:6.4.4.Final]
	at org.hibernate.engine.jdbc.spi.SqlExceptionHelper.convert(SqlExceptionHelper.java:108) ~[hibernate-core-6.4.4.Final.jar!/:6.4.4.Final]
	at org.hibernate.engine.jdbc.spi.SqlExceptionHelper.convert(SqlExceptionHelper.java:94) ~[hibernate-core-6.4.4.Final.jar!/:6.4.4.Final]
	at org.hibernate.resource.jdbc.internal.LogicalConnectionManagedImpl.acquireConnectionIfNeeded(LogicalConnectionManagedImpl.java:116) ~[hibernate-core-6.4.4.Final.jar!/:6.4.4.Final]
	at org.hibernate.resource.jdbc.internal.LogicalConnectionManagedImpl.getPhysicalConnection(LogicalConnectionManagedImpl.java:143) ~[hibernate-core-6.4.4.Final.jar!/:6.4.4.Final]
	at org.hibernate.engine.jdbc.internal.StatementPreparerImpl.connection(StatementPreparerImpl.java:54) ~[hibernate-core-6.4.4.Final.jar!/:6.4.4.Final]
	at org.hibernate.engine.jdbc.internal.StatementPreparerImpl$5.doPrepare(StatementPreparerImpl.java:153) ~[hibernate-core-6.4.4.Final.jar!/:6.4.4.Final]
	at org.hibernate.engine.jdbc.internal.StatementPreparerImpl$StatementPreparationTemplate.prepareStatement(StatementPreparerImpl.java:183) ~[hibernate-core-6.4.4.Final.jar!/:6.4.4.Final]
	at org.hibernate.engine.jdbc.internal.StatementPreparerImpl.prepareQueryStatement(StatementPreparerImpl.java:155) ~[hibernate-core-6.4.4.Final.jar!/:6.4.4.Final]
	at org.hibernate.sql.exec.spi.JdbcSelectExecutor.lambda$list$0(JdbcSelectExecutor.java:85) ~[hibernate-core-6.4.4.Final.jar!/:6.4.4.Final]
	at org.hibernate.sql.results.jdbc.internal.DeferredResultSetAccess.executeQuery(DeferredResultSetAccess.java:231) ~[hibernate-core-6.4.4.Final.jar!/:6.4.4.Final]
	at org.hibernate.sql.results.jdbc.internal.DeferredResultSetAccess.getResultSet(DeferredResultSetAccess.java:167) ~[hibernate-core-6.4.4.Final.jar!/:6.4.4.Final]
	at org.hibernate.sql.results.jdbc.internal.JdbcValuesResultSetImpl.advanceNext(JdbcValuesResultSetImpl.java:218) ~[hibernate-core-6.4.4.Final.jar!/:6.4.4.Final]
	at org.hibernate.sql.results.jdbc.internal.JdbcValuesResultSetImpl.processNext(JdbcValuesResultSetImpl.java:98) ~[hibernate-core-6.4.4.Final.jar!/:6.4.4.Final]
	at org.hibernate.sql.results.jdbc.internal.AbstractJdbcValues.next(AbstractJdbcValues.java:19) ~[hibernate-core-6.4.4.Final.jar!/:6.4.4.Final]
	at org.hibernate.sql.results.internal.RowProcessingStateStandardImpl.next(RowProcessingStateStandardImpl.java:66) ~[hibernate-core-6.4.4.Final.jar!/:6.4.4.Final]
	at org.hibernate.sql.results.spi.ListResultsConsumer.consume(ListResultsConsumer.java:202) ~[hibernate-core-6.4.4.Final.jar!/:6.4.4.Final]
	at org.hibernate.sql.results.spi.ListResultsConsumer.consume(ListResultsConsumer.java:33) ~[hibernate-core-6.4.4.Final.jar!/:6.4.4.Final]
	at org.hibernate.sql.exec.internal.JdbcSelectExecutorStandardImpl.doExecuteQuery(JdbcSelectExecutorStandardImpl.java:209) ~[hibernate-core-6.4.4.Final.jar!/:6.4.4.Final]
	at org.hibernate.sql.exec.internal.JdbcSelectExecutorStandardImpl.executeQuery(JdbcSelectExecutorStandardImpl.java:83) ~[hibernate-core-6.4.4.Final.jar!/:6.4.4.Final]
	at org.hibernate.sql.exec.spi.JdbcSelectExecutor.list(JdbcSelectExecutor.java:76) ~[hibernate-core-6.4.4.Final.jar!/:6.4.4.Final]
	at org.hibernate.sql.exec.spi.JdbcSelectExecutor.list(JdbcSelectExecutor.java:65) ~[hibernate-core-6.4.4.Final.jar!/:6.4.4.Final]
	at org.hibernate.query.sqm.internal.ConcreteSqmSelectQueryPlan.lambda$new$2(ConcreteSqmSelectQueryPlan.java:137) ~[hibernate-core-6.4.4.Final.jar!/:6.4.4.Final]
	at org.hibernate.query.sqm.internal.ConcreteSqmSelectQueryPlan.withCacheableSqmInterpretation(ConcreteSqmSelectQueryPlan.java:362) ~[hibernate-core-6.4.4.Final.jar!/:6.4.4.Final]
	at org.hibernate.query.sqm.internal.ConcreteSqmSelectQueryPlan.performList(ConcreteSqmSelectQueryPlan.java:303) ~[hibernate-core-6.4.4.Final.jar!/:6.4.4.Final]
	at org.hibernate.query.sqm.internal.QuerySqmImpl.doList(QuerySqmImpl.java:509) ~[hibernate-core-6.4.4.Final.jar!/:6.4.4.Final]
	at org.hibernate.query.spi.AbstractSelectionQuery.list(AbstractSelectionQuery.java:427) ~[hibernate-core-6.4.4.Final.jar!/:6.4.4.Final]
	at org.hibernate.query.spi.AbstractSelectionQuery.getSingleResult(AbstractSelectionQuery.java:564) ~[hibernate-core-6.4.4.Final.jar!/:6.4.4.Final]
	at java.base/jdk.internal.reflect.DirectMethodHandleAccessor.invoke(DirectMethodHandleAccessor.java:103) ~[na:na]
	at java.base/java.lang.reflect.Method.invoke(Method.java:580) ~[na:na]
	at org.springframework.orm.jpa.SharedEntityManagerCreator$DeferredQueryInvocationHandler.invoke(SharedEntityManagerCreator.java:415) ~[spring-orm-6.1.4.jar!/:6.1.4]
	at jdk.proxy2/jdk.proxy2.$Proxy196.getSingleResult(Unknown Source) ~[na:na]
	at org.springframework.data.jpa.repository.query.JpaQueryExecution$SingleEntityExecution.doExecute(JpaQueryExecution.java:223) ~[spring-data-jpa-3.2.3.jar!/:3.2.3]
	at org.springframework.data.jpa.repository.query.JpaQueryExecution.execute(JpaQueryExecution.java:92) ~[spring-data-jpa-3.2.3.jar!/:3.2.3]
	at org.springframework.data.jpa.repository.query.AbstractJpaQuery.doExecute(AbstractJpaQuery.java:149) ~[spring-data-jpa-3.2.3.jar!/:3.2.3]
	at org.springframework.data.jpa.repository.query.AbstractJpaQuery.execute(AbstractJpaQuery.java:137) ~[spring-data-jpa-3.2.3.jar!/:3.2.3]
	at org.springframework.data.repository.core.support.RepositoryMethodInvoker.doInvoke(RepositoryMethodInvoker.java:170) ~[spring-data-commons-3.2.3.jar!/:3.2.3]
	at org.springframework.data.repository.core.support.RepositoryMethodInvoker.invoke(RepositoryMethodInvoker.java:158) ~[spring-data-commons-3.2.3.jar!/:3.2.3]
	at org.springframework.data.repository.core.support.QueryExecutorMethodInterceptor.doInvoke(QueryExecutorMethodInterceptor.java:164) ~[spring-data-commons-3.2.3.jar!/:3.2.3]
	at org.springframework.data.repository.core.support.QueryExecutorMethodInterceptor.invoke(QueryExecutorMethodInterceptor.java:143) ~[spring-data-commons-3.2.3.jar!/:3.2.3]
	at org.springframework.aop.framework.ReflectiveMethodInvocation.proceed(ReflectiveMethodInvocation.java:184) ~[spring-aop-6.1.4.jar!/:6.1.4]
	at org.springframework.data.projection.DefaultMethodInvokingMethodInterceptor.invoke(DefaultMethodInvokingMethodInterceptor.java:70) ~[spring-data-commons-3.2.3.jar!/:3.2.3]
	at org.springframework.aop.framework.ReflectiveMethodInvocation.proceed(ReflectiveMethodInvocation.java:184) ~[spring-aop-6.1.4.jar!/:6.1.4]
	at org.springframework.transaction.interceptor.TransactionInterceptor$1.proceedWithInvocation(TransactionInterceptor.java:123) ~[spring-tx-6.1.4.jar!/:6.1.4]
	at org.springframework.transaction.interceptor.TransactionAspectSupport.invokeWithinTransaction(TransactionAspectSupport.java:385) ~[spring-tx-6.1.4.jar!/:6.1.4]
	at org.springframework.transaction.interceptor.TransactionInterceptor.invoke(TransactionInterceptor.java:119) ~[spring-tx-6.1.4.jar!/:6.1.4]
	at org.springframework.aop.framework.ReflectiveMethodInvocation.proceed(ReflectiveMethodInvocation.java:184) ~[spring-aop-6.1.4.jar!/:6.1.4]
	at org.springframework.dao.support.PersistenceExceptionTranslationInterceptor.invoke(PersistenceExceptionTranslationInterceptor.java:137) ~[spring-tx-6.1.4.jar!/:6.1.4]
	... 69 common frames omitted
Caused by: java.sql.SQLTransientConnectionException: HikariPool-1 - Connection is not available, request timed out after 30011ms.
	at com.zaxxer.hikari.pool.HikariPool.createTimeoutException(HikariPool.java:696) ~[HikariCP-5.0.1.jar!/:na]
	at com.zaxxer.hikari.pool.HikariPool.getConnection(HikariPool.java:181) ~[HikariCP-5.0.1.jar!/:na]
	at com.zaxxer.hikari.pool.HikariPool.getConnection(HikariPool.java:146) ~[HikariCP-5.0.1.jar!/:na]
	at com.zaxxer.hikari.HikariDataSource.getConnection(HikariDataSource.java:128) ~[HikariCP-5.0.1.jar!/:na]
	at org.hibernate.engine.jdbc.connections.internal.DatasourceConnectionProviderImpl.getConnection(DatasourceConnectionProviderImpl.java:122) ~[hibernate-core-6.4.4.Final.jar!/:6.4.4.Final]
	at org.hibernate.internal.NonContextualJdbcConnectionAccess.obtainConnection(NonContextualJdbcConnectionAccess.java:46) ~[hibernate-core-6.4.4.Final.jar!/:6.4.4.Final]
	at org.hibernate.resource.jdbc.internal.LogicalConnectionManagedImpl.acquireConnectionIfNeeded(LogicalConnectionManagedImpl.java:113) ~[hibernate-core-6.4.4.Final.jar!/:6.4.4.Final]
	... 113 common frames omitted

2026-08-18T01:53:16.315+05:30  WARN 22332 --- [fixmate-backend] [nio-8081-exec-4] o.h.engine.jdbc.spi.SqlExceptionHelper   : SQL Error: 0, SQLState: null
2026-08-18T01:53:16.316+05:30 ERROR 22332 --- [fixmate-backend] [nio-8081-exec-4] o.h.engine.jdbc.spi.SqlExceptionHelper   : HikariPool-1 - Connection is not available, request timed out after 30008ms.
2026-08-18T01:53:16.330+05:30  WARN 22332 --- [fixmate-backend] [nio-8081-exec-6] o.h.engine.jdbc.spi.SqlExceptionHelper   : SQL Error: 0, SQLState: null
2026-08-18T01:53:16.320+05:30 ERROR 22332 --- [fixmate-backend] [nio-8081-exec-4] o.a.c.c.C.[.[.[/].[dispatcherServlet]    : Servlet.service() for servlet [dispatcherServlet] in context with path [] threw exception

org.springframework.dao.DataAccessResourceFailureException: Unable to acquire JDBC Connection [HikariPool-1 - Connection is not available, request timed out after 30008ms.] [n/a]
	at org.springframework.orm.jpa.vendor.HibernateJpaDialect.convertHibernateAccessException(HibernateJpaDialect.java:274) ~[spring-orm-6.1.4.jar!/:6.1.4]
	at org.springframework.orm.jpa.vendor.HibernateJpaDialect.translateExceptionIfPossible(HibernateJpaDialect.java:241) ~[spring-orm-6.1.4.jar!/:6.1.4]
	at org.springframework.orm.jpa.AbstractEntityManagerFactoryBean.translateExceptionIfPossible(AbstractEntityManagerFactoryBean.java:550) ~[spring-orm-6.1.4.jar!/:6.1.4]
	at org.springframework.dao.support.ChainedPersistenceExceptionTranslator.translateExceptionIfPossible(ChainedPersistenceExceptionTranslator.java:61) ~[spring-tx-6.1.4.jar!/:6.1.4]
	at org.springframework.dao.support.DataAccessUtils.translateIfNecessary(DataAccessUtils.java:335) ~[spring-tx-6.1.4.jar!/:6.1.4]
	at org.springframework.dao.support.PersistenceExceptionTranslationInterceptor.invoke(PersistenceExceptionTranslationInterceptor.java:152) ~[spring-tx-6.1.4.jar!/:6.1.4]
	at org.springframework.aop.framework.ReflectiveMethodInvocation.proceed(ReflectiveMethodInvocation.java:184) ~[spring-aop-6.1.4.jar!/:6.1.4]
	at org.springframework.data.jpa.repository.support.CrudMethodMetadataPostProcessor$CrudMethodMetadataPopulatingMethodInterceptor.invoke(CrudMethodMetadataPostProcessor.java:135) ~[spring-data-jpa-3.2.3.jar!/:3.2.3]
	at org.springframework.aop.framework.ReflectiveMethodInvocation.proceed(ReflectiveMethodInvocation.java:184) ~[spring-aop-6.1.4.jar!/:6.1.4]
	at org.springframework.aop.interceptor.ExposeInvocationInterceptor.invoke(ExposeInvocationInterceptor.java:97) ~[spring-aop-6.1.4.jar!/:6.1.4]
	at org.springframework.aop.framework.ReflectiveMethodInvocation.proceed(ReflectiveMethodInvocation.java:184) ~[spring-aop-6.1.4.jar!/:6.1.4]
	at org.springframework.aop.framework.JdkDynamicAopProxy.invoke(JdkDynamicAopProxy.java:220) ~[spring-aop-6.1.4.jar!/:6.1.4]
	at jdk.proxy2/jdk.proxy2.$Proxy142.findByEmail(Unknown Source) ~[na:na]
	at com.fixmate.config.ApplicationConfig.lambda$userDetailsService$1(ApplicationConfig.java:24) ~[!/:0.0.1-SNAPSHOT]
	at com.fixmate.config.JwtAuthenticationFilter.doFilterInternal(JwtAuthenticationFilter.java:46) ~[!/:0.0.1-SNAPSHOT]
	at org.springframework.web.filter.OncePerRequestFilter.doFilter(OncePerRequestFilter.java:116) ~[spring-web-6.1.4.jar!/:6.1.4]
	at org.springframework.security.web.FilterChainProxy$VirtualFilterChain.doFilter(FilterChainProxy.java:374) ~[spring-security-web-6.2.2.jar!/:6.2.2]
	at org.springframework.security.web.authentication.logout.LogoutFilter.doFilter(LogoutFilter.java:107) ~[spring-security-web-6.2.2.jar!/:6.2.2]
	at org.springframework.security.web.authentication.logout.LogoutFilter.doFilter(LogoutFilter.java:93) ~[spring-security-web-6.2.2.jar!/:6.2.2]
	at org.springframework.security.web.FilterChainProxy$VirtualFilterChain.doFilter(FilterChainProxy.java:374) ~[spring-security-web-6.2.2.jar!/:6.2.2]
	at org.springframework.web.filter.CorsFilter.doFilterInternal(CorsFilter.java:91) ~[spring-web-6.1.4.jar!/:6.1.4]
	at org.springframework.web.filter.OncePerRequestFilter.doFilter(OncePerRequestFilter.java:116) ~[spring-web-6.1.4.jar!/:6.1.4]
	at org.springframework.security.web.FilterChainProxy$VirtualFilterChain.doFilter(FilterChainProxy.java:374) ~[spring-security-web-6.2.2.jar!/:6.2.2]
	at org.springframework.security.web.header.HeaderWriterFilter.doHeadersAfter(HeaderWriterFilter.java:90) ~[spring-security-web-6.2.2.jar!/:6.2.2]
	at org.springframework.security.web.header.HeaderWriterFilter.doFilterInternal(HeaderWriterFilter.java:75) ~[spring-security-web-6.2.2.jar!/:6.2.2]
	at org.springframework.web.filter.OncePerRequestFilter.doFilter(OncePerRequestFilter.java:116) ~[spring-web-6.1.4.jar!/:6.1.4]
	at org.springframework.security.web.FilterChainProxy$VirtualFilterChain.doFilter(FilterChainProxy.java:374) ~[spring-security-web-6.2.2.jar!/:6.2.2]
	at org.springframework.security.web.context.SecurityContextHolderFilter.doFilter(SecurityContextHolderFilter.java:82) ~[spring-security-web-6.2.2.jar!/:6.2.2]
	at org.springframework.security.web.context.SecurityContextHolderFilter.doFilter(SecurityContextHolderFilter.java:69) ~[spring-security-web-6.2.2.jar!/:6.2.2]
	at org.springframework.security.web.FilterChainProxy$VirtualFilterChain.doFilter(FilterChainProxy.java:374) ~[spring-security-web-6.2.2.jar!/:6.2.2]
	at org.springframework.security.web.context.request.async.WebAsyncManagerIntegrationFilter.doFilterInternal(WebAsyncManagerIntegrationFilter.java:62) ~[spring-security-web-6.2.2.jar!/:6.2.2]
	at org.springframework.web.filter.OncePerRequestFilter.doFilter(OncePerRequestFilter.java:116) ~[spring-web-6.1.4.jar!/:6.1.4]
	at org.springframework.security.web.FilterChainProxy$VirtualFilterChain.doFilter(FilterChainProxy.java:374) ~[spring-security-web-6.2.2.jar!/:6.2.2]
	at org.springframework.security.web.session.DisableEncodeUrlFilter.doFilterInternal(DisableEncodeUrlFilter.java:42) ~[spring-security-web-6.2.2.jar!/:6.2.2]
	at org.springframework.web.filter.OncePerRequestFilter.doFilter(OncePerRequestFilter.java:116) ~[spring-web-6.1.4.jar!/:6.1.4]
	at org.springframework.security.web.FilterChainProxy$VirtualFilterChain.doFilter(FilterChainProxy.java:374) ~[spring-security-web-6.2.2.jar!/:6.2.2]
	at org.springframework.security.web.FilterChainProxy.doFilterInternal(FilterChainProxy.java:233) ~[spring-security-web-6.2.2.jar!/:6.2.2]
	at org.springframework.security.web.FilterChainProxy.doFilter(FilterChainProxy.java:191) ~[spring-security-web-6.2.2.jar!/:6.2.2]
	at org.springframework.web.filter.CompositeFilter$VirtualFilterChain.doFilter(CompositeFilter.java:113) ~[spring-web-6.1.4.jar!/:6.1.4]
	at org.springframework.web.servlet.handler.HandlerMappingIntrospector.lambda$createCacheFilter$3(HandlerMappingIntrospector.java:195) ~[spring-webmvc-6.1.4.jar!/:6.1.4]
	at org.springframework.web.filter.CompositeFilter$VirtualFilterChain.doFilter(CompositeFilter.java:113) ~[spring-web-6.1.4.jar!/:6.1.4]
	at org.springframework.web.filter.CompositeFilter.doFilter(CompositeFilter.java:74) ~[spring-web-6.1.4.jar!/:6.1.4]
	at org.springframework.security.config.annotation.web.configuration.WebMvcSecurityConfiguration$CompositeFilterChainProxy.doFilter(WebMvcSecurityConfiguration.java:230) ~[spring-security-config-6.2.2.jar!/:6.2.2]
	at org.springframework.web.filter.DelegatingFilterProxy.invokeDelegate(DelegatingFilterProxy.java:352) ~[spring-web-6.1.4.jar!/:6.1.4]
	at org.springframework.web.filter.DelegatingFilterProxy.doFilter(DelegatingFilterProxy.java:268) ~[spring-web-6.1.4.jar!/:6.1.4]
	at org.apache.catalina.core.ApplicationFilterChain.internalDoFilter(ApplicationFilterChain.java:174) ~[tomcat-embed-core-10.1.19.jar!/:na]
	at org.apache.catalina.core.ApplicationFilterChain.doFilter(ApplicationFilterChain.java:149) ~[tomcat-embed-core-10.1.19.jar!/:na]
	at org.springframework.web.filter.RequestContextFilter.doFilterInternal(RequestContextFilter.java:100) ~[spring-web-6.1.4.jar!/:6.1.4]
	at org.springframework.web.filter.OncePerRequestFilter.doFilter(OncePerRequestFilter.java:116) ~[spring-web-6.1.4.jar!/:6.1.4]
	at org.apache.catalina.core.ApplicationFilterChain.internalDoFilter(ApplicationFilterChain.java:174) ~[tomcat-embed-core-10.1.19.jar!/:na]
	at org.apache.catalina.core.ApplicationFilterChain.doFilter(ApplicationFilterChain.java:149) ~[tomcat-embed-core-10.1.19.jar!/:na]
	at org.springframework.web.filter.FormContentFilter.doFilterInternal(FormContentFilter.java:93) ~[spring-web-6.1.4.jar!/:6.1.4]
	at org.springframework.web.filter.OncePerRequestFilter.doFilter(OncePerRequestFilter.java:116) ~[spring-web-6.1.4.jar!/:6.1.4]
	at org.apache.catalina.core.ApplicationFilterChain.internalDoFilter(ApplicationFilterChain.java:174) ~[tomcat-embed-core-10.1.19.jar!/:na]
	at org.apache.catalina.core.ApplicationFilterChain.doFilter(ApplicationFilterChain.java:149) ~[tomcat-embed-core-10.1.19.jar!/:na]
	at org.springframework.web.filter.CharacterEncodingFilter.doFilterInternal(CharacterEncodingFilter.java:201) ~[spring-web-6.1.4.jar!/:6.1.4]
	at org.springframework.web.filter.OncePerRequestFilter.doFilter(OncePerRequestFilter.java:116) ~[spring-web-6.1.4.jar!/:6.1.4]
	at org.apache.catalina.core.ApplicationFilterChain.internalDoFilter(ApplicationFilterChain.java:174) ~[tomcat-embed-core-10.1.19.jar!/:na]
	at org.apache.catalina.core.ApplicationFilterChain.doFilter(ApplicationFilterChain.java:149) ~[tomcat-embed-core-10.1.19.jar!/:na]
	at org.apache.catalina.core.StandardWrapperValve.invoke(StandardWrapperValve.java:167) ~[tomcat-embed-core-10.1.19.jar!/:na]
	at org.apache.catalina.core.StandardContextValve.invoke(StandardContextValve.java:90) ~[tomcat-embed-core-10.1.19.jar!/:na]
	at org.apache.catalina.authenticator.AuthenticatorBase.invoke(AuthenticatorBase.java:482) ~[tomcat-embed-core-10.1.19.jar!/:na]
	at org.apache.catalina.core.StandardHostValve.invoke(StandardHostValve.java:115) ~[tomcat-embed-core-10.1.19.jar!/:na]
	at org.apache.catalina.valves.ErrorReportValve.invoke(ErrorReportValve.java:93) ~[tomcat-embed-core-10.1.19.jar!/:na]
	at org.apache.catalina.core.StandardEngineValve.invoke(StandardEngineValve.java:74) ~[tomcat-embed-core-10.1.19.jar!/:na]
	at org.apache.catalina.connector.CoyoteAdapter.service(CoyoteAdapter.java:344) ~[tomcat-embed-core-10.1.19.jar!/:na]
	at org.apache.coyote.http11.Http11Processor.service(Http11Processor.java:391) ~[tomcat-embed-core-10.1.19.jar!/:na]
	at org.apache.coyote.AbstractProcessorLight.process(AbstractProcessorLight.java:63) ~[tomcat-embed-core-10.1.19.jar!/:na]
	at org.apache.coyote.AbstractProtocol$ConnectionHandler.process(AbstractProtocol.java:896) ~[tomcat-embed-core-10.1.19.jar!/:na]
	at org.apache.tomcat.util.net.NioEndpoint$SocketProcessor.doRun(NioEndpoint.java:1744) ~[tomcat-embed-core-10.1.19.jar!/:na]
	at org.apache.tomcat.util.net.SocketProcessorBase.run(SocketProcessorBase.java:52) ~[tomcat-embed-core-10.1.19.jar!/:na]
	at org.apache.tomcat.util.threads.ThreadPoolExecutor.runWorker(ThreadPoolExecutor.java:1191) ~[tomcat-embed-core-10.1.19.jar!/:na]
	at org.apache.tomcat.util.threads.ThreadPoolExecutor$Worker.run(ThreadPoolExecutor.java:659) ~[tomcat-embed-core-10.1.19.jar!/:na]
	at org.apache.tomcat.util.threads.TaskThread$WrappingRunnable.run(TaskThread.java:63) ~[tomcat-embed-core-10.1.19.jar!/:na]
	at java.base/java.lang.Thread.run(Thread.java:1575) ~[na:na]
Caused by: org.hibernate.exception.JDBCConnectionException: Unable to acquire JDBC Connection [HikariPool-1 - Connection is not available, request timed out after 30008ms.] [n/a]
	at org.hibernate.exception.internal.SQLExceptionTypeDelegate.convert(SQLExceptionTypeDelegate.java:51) ~[hibernate-core-6.4.4.Final.jar!/:6.4.4.Final]
	at org.hibernate.exception.internal.StandardSQLExceptionConverter.convert(StandardSQLExceptionConverter.java:58) ~[hibernate-core-6.4.4.Final.jar!/:6.4.4.Final]
	at org.hibernate.engine.jdbc.spi.SqlExceptionHelper.convert(SqlExceptionHelper.java:108) ~[hibernate-core-6.4.4.Final.jar!/:6.4.4.Final]
	at org.hibernate.engine.jdbc.spi.SqlExceptionHelper.convert(SqlExceptionHelper.java:94) ~[hibernate-core-6.4.4.Final.jar!/:6.4.4.Final]
	at org.hibernate.resource.jdbc.internal.LogicalConnectionManagedImpl.acquireConnectionIfNeeded(LogicalConnectionManagedImpl.java:116) ~[hibernate-core-6.4.4.Final.jar!/:6.4.4.Final]
	at org.hibernate.resource.jdbc.internal.LogicalConnectionManagedImpl.getPhysicalConnection(LogicalConnectionManagedImpl.java:143) ~[hibernate-core-6.4.4.Final.jar!/:6.4.4.Final]
	at org.hibernate.engine.jdbc.internal.StatementPreparerImpl.connection(StatementPreparerImpl.java:54) ~[hibernate-core-6.4.4.Final.jar!/:6.4.4.Final]
	at org.hibernate.engine.jdbc.internal.StatementPreparerImpl$5.doPrepare(StatementPreparerImpl.java:153) ~[hibernate-core-6.4.4.Final.jar!/:6.4.4.Final]
	at org.hibernate.engine.jdbc.internal.StatementPreparerImpl$StatementPreparationTemplate.prepareStatement(StatementPreparerImpl.java:183) ~[hibernate-core-6.4.4.Final.jar!/:6.4.4.Final]
	at org.hibernate.engine.jdbc.internal.StatementPreparerImpl.prepareQueryStatement(StatementPreparerImpl.java:155) ~[hibernate-core-6.4.4.Final.jar!/:6.4.4.Final]
	at org.hibernate.sql.exec.spi.JdbcSelectExecutor.lambda$list$0(JdbcSelectExecutor.java:85) ~[hibernate-core-6.4.4.Final.jar!/:6.4.4.Final]
	at org.hibernate.sql.results.jdbc.internal.DeferredResultSetAccess.executeQuery(DeferredResultSetAccess.java:231) ~[hibernate-core-6.4.4.Final.jar!/:6.4.4.Final]
	at org.hibernate.sql.results.jdbc.internal.DeferredResultSetAccess.getResultSet(DeferredResultSetAccess.java:167) ~[hibernate-core-6.4.4.Final.jar!/:6.4.4.Final]
	at org.hibernate.sql.results.jdbc.internal.JdbcValuesResultSetImpl.advanceNext(JdbcValuesResultSetImpl.java:218) ~[hibernate-core-6.4.4.Final.jar!/:6.4.4.Final]
	at org.hibernate.sql.results.jdbc.internal.JdbcValuesResultSetImpl.processNext(JdbcValuesResultSetImpl.java:98) ~[hibernate-core-6.4.4.Final.jar!/:6.4.4.Final]
	at org.hibernate.sql.results.jdbc.internal.AbstractJdbcValues.next(AbstractJdbcValues.java:19) ~[hibernate-core-6.4.4.Final.jar!/:6.4.4.Final]
	at org.hibernate.sql.results.internal.RowProcessingStateStandardImpl.next(RowProcessingStateStandardImpl.java:66) ~[hibernate-core-6.4.4.Final.jar!/:6.4.4.Final]
	at org.hibernate.sql.results.spi.ListResultsConsumer.consume(ListResultsConsumer.java:202) ~[hibernate-core-6.4.4.Final.jar!/:6.4.4.Final]
	at org.hibernate.sql.results.spi.ListResultsConsumer.consume(ListResultsConsumer.java:33) ~[hibernate-core-6.4.4.Final.jar!/:6.4.4.Final]
	at org.hibernate.sql.exec.internal.JdbcSelectExecutorStandardImpl.doExecuteQuery(JdbcSelectExecutorStandardImpl.java:209) ~[hibernate-core-6.4.4.Final.jar!/:6.4.4.Final]
	at org.hibernate.sql.exec.internal.JdbcSelectExecutorStandardImpl.executeQuery(JdbcSelectExecutorStandardImpl.java:83) ~[hibernate-core-6.4.4.Final.jar!/:6.4.4.Final]
	at org.hibernate.sql.exec.spi.JdbcSelectExecutor.list(JdbcSelectExecutor.java:76) ~[hibernate-core-6.4.4.Final.jar!/:6.4.4.Final]
	at org.hibernate.sql.exec.spi.JdbcSelectExecutor.list(JdbcSelectExecutor.java:65) ~[hibernate-core-6.4.4.Final.jar!/:6.4.4.Final]
	at org.hibernate.query.sqm.internal.ConcreteSqmSelectQueryPlan.lambda$new$2(ConcreteSqmSelectQueryPlan.java:137) ~[hibernate-core-6.4.4.Final.jar!/:6.4.4.Final]
	at org.hibernate.query.sqm.internal.ConcreteSqmSelectQueryPlan.withCacheableSqmInterpretation(ConcreteSqmSelectQueryPlan.java:362) ~[hibernate-core-6.4.4.Final.jar!/:6.4.4.Final]
	at org.hibernate.query.sqm.internal.ConcreteSqmSelectQueryPlan.performList(ConcreteSqmSelectQueryPlan.java:303) ~[hibernate-core-6.4.4.Final.jar!/:6.4.4.Final]
	at org.hibernate.query.sqm.internal.QuerySqmImpl.doList(QuerySqmImpl.java:509) ~[hibernate-core-6.4.4.Final.jar!/:6.4.4.Final]
	at org.hibernate.query.spi.AbstractSelectionQuery.list(AbstractSelectionQuery.java:427) ~[hibernate-core-6.4.4.Final.jar!/:6.4.4.Final]
	at org.hibernate.query.spi.AbstractSelectionQuery.getSingleResult(AbstractSelectionQuery.java:564) ~[hibernate-core-6.4.4.Final.jar!/:6.4.4.Final]
	at java.base/jdk.internal.reflect.DirectMethodHandleAccessor.invoke(DirectMethodHandleAccessor.java:103) ~[na:na]
	at java.base/java.lang.reflect.Method.invoke(Method.java:580) ~[na:na]
	at org.springframework.orm.jpa.SharedEntityManagerCreator$DeferredQueryInvocationHandler.invoke(SharedEntityManagerCreator.java:415) ~[spring-orm-6.1.4.jar!/:6.1.4]
	at jdk.proxy2/jdk.proxy2.$Proxy196.getSingleResult(Unknown Source) ~[na:na]
	at org.springframework.data.jpa.repository.query.JpaQueryExecution$SingleEntityExecution.doExecute(JpaQueryExecution.java:223) ~[spring-data-jpa-3.2.3.jar!/:3.2.3]
	at org.springframework.data.jpa.repository.query.JpaQueryExecution.execute(JpaQueryExecution.java:92) ~[spring-data-jpa-3.2.3.jar!/:3.2.3]
	at org.springframework.data.jpa.repository.query.AbstractJpaQuery.doExecute(AbstractJpaQuery.java:149) ~[spring-data-jpa-3.2.3.jar!/:3.2.3]
	at org.springframework.data.jpa.repository.query.AbstractJpaQuery.execute(AbstractJpaQuery.java:137) ~[spring-data-jpa-3.2.3.jar!/:3.2.3]
	at org.springframework.data.repository.core.support.RepositoryMethodInvoker.doInvoke(RepositoryMethodInvoker.java:170) ~[spring-data-commons-3.2.3.jar!/:3.2.3]
	at org.springframework.data.repository.core.support.RepositoryMethodInvoker.invoke(RepositoryMethodInvoker.java:158) ~[spring-data-commons-3.2.3.jar!/:3.2.3]
	at org.springframework.data.repository.core.support.QueryExecutorMethodInterceptor.doInvoke(QueryExecutorMethodInterceptor.java:164) ~[spring-data-commons-3.2.3.jar!/:3.2.3]
	at org.springframework.data.repository.core.support.QueryExecutorMethodInterceptor.invoke(QueryExecutorMethodInterceptor.java:143) ~[spring-data-commons-3.2.3.jar!/:3.2.3]
	at org.springframework.aop.framework.ReflectiveMethodInvocation.proceed(ReflectiveMethodInvocation.java:184) ~[spring-aop-6.1.4.jar!/:6.1.4]
	at org.springframework.data.projection.DefaultMethodInvokingMethodInterceptor.invoke(DefaultMethodInvokingMethodInterceptor.java:70) ~[spring-data-commons-3.2.3.jar!/:3.2.3]
	at org.springframework.aop.framework.ReflectiveMethodInvocation.proceed(ReflectiveMethodInvocation.java:184) ~[spring-aop-6.1.4.jar!/:6.1.4]
	at org.springframework.transaction.interceptor.TransactionInterceptor$1.proceedWithInvocation(TransactionInterceptor.java:123) ~[spring-tx-6.1.4.jar!/:6.1.4]
	at org.springframework.transaction.interceptor.TransactionAspectSupport.invokeWithinTransaction(TransactionAspectSupport.java:385) ~[spring-tx-6.1.4.jar!/:6.1.4]
	at org.springframework.transaction.interceptor.TransactionInterceptor.invoke(TransactionInterceptor.java:119) ~[spring-tx-6.1.4.jar!/:6.1.4]
	at org.springframework.aop.framework.ReflectiveMethodInvocation.proceed(ReflectiveMethodInvocation.java:184) ~[spring-aop-6.1.4.jar!/:6.1.4]
	at org.springframework.dao.support.PersistenceExceptionTranslationInterceptor.invoke(PersistenceExceptionTranslationInterceptor.java:137) ~[spring-tx-6.1.4.jar!/:6.1.4]
	... 69 common frames omitted
Caused by: java.sql.SQLTransientConnectionException: HikariPool-1 - Connection is not available, request timed out after 30008ms.
	at com.zaxxer.hikari.pool.HikariPool.createTimeoutException(HikariPool.java:696) ~[HikariCP-5.0.1.jar!/:na]
	at com.zaxxer.hikari.pool.HikariPool.getConnection(HikariPool.java:181) ~[HikariCP-5.0.1.jar!/:na]
	at com.zaxxer.hikari.pool.HikariPool.getConnection(HikariPool.java:146) ~[HikariCP-5.0.1.jar!/:na]
	at com.zaxxer.hikari.HikariDataSource.getConnection(HikariDataSource.java:128) ~[HikariCP-5.0.1.jar!/:na]
	at org.hibernate.engine.jdbc.connections.internal.DatasourceConnectionProviderImpl.getConnection(DatasourceConnectionProviderImpl.java:122) ~[hibernate-core-6.4.4.Final.jar!/:6.4.4.Final]
	at org.hibernate.internal.NonContextualJdbcConnectionAccess.obtainConnection(NonContextualJdbcConnectionAccess.java:46) ~[hibernate-core-6.4.4.Final.jar!/:6.4.4.Final]
	at org.hibernate.resource.jdbc.internal.LogicalConnectionManagedImpl.acquireConnectionIfNeeded(LogicalConnectionManagedImpl.java:113) ~[hibernate-core-6.4.4.Final.jar!/:6.4.4.Final]
	... 113 common frames omitted

2026-08-18T01:53:16.332+05:30 ERROR 22332 --- [fixmate-backend] [nio-8081-exec-6] o.h.engine.jdbc.spi.SqlExceptionHelper   : HikariPool-1 - Connection is not available, request timed out after 30008ms.
2026-08-18T01:53:16.345+05:30  WARN 22332 --- [fixmate-backend] [nio-8081-exec-7] o.h.engine.jdbc.spi.SqlExceptionHelper   : SQL Error: 0, SQLState: null
2026-08-18T01:53:16.345+05:30  WARN 22332 --- [fixmate-backend] [nio-8081-exec-9] o.h.engine.jdbc.spi.SqlExceptionHelper   : SQL Error: 0, SQLState: null
2026-08-18T01:53:16.346+05:30 ERROR 22332 --- [fixmate-backend] [nio-8081-exec-7] o.h.engine.jdbc.spi.SqlExceptionHelper   : HikariPool-1 - Connection is not available, request timed out after 30002ms.
2026-08-18T01:53:16.347+05:30 ERROR 22332 --- [fixmate-backend] [nio-8081-exec-9] o.h.engine.jdbc.spi.SqlExceptionHelper   : HikariPool-1 - Connection is not available, request timed out after 30014ms.
2026-08-18T01:53:16.336+05:30 ERROR 22332 --- [fixmate-backend] [nio-8081-exec-6] o.a.c.c.C.[.[.[/].[dispatcherServlet]    : Servlet.service() for servlet [dispatcherServlet] in context with path [] threw exception

org.springframework.dao.DataAccessResourceFailureException: Unable to acquire JDBC Connection [HikariPool-1 - Connection is not available, request timed out after 30008ms.] [n/a]
	at org.springframework.orm.jpa.vendor.HibernateJpaDialect.convertHibernateAccessException(HibernateJpaDialect.java:274) ~[spring-orm-6.1.4.jar!/:6.1.4]
	at org.springframework.orm.jpa.vendor.HibernateJpaDialect.translateExceptionIfPossible(HibernateJpaDialect.java:241) ~[spring-orm-6.1.4.jar!/:6.1.4]
	at org.springframework.orm.jpa.AbstractEntityManagerFactoryBean.translateExceptionIfPossible(AbstractEntityManagerFactoryBean.java:550) ~[spring-orm-6.1.4.jar!/:6.1.4]
	at org.springframework.dao.support.ChainedPersistenceExceptionTranslator.translateExceptionIfPossible(ChainedPersistenceExceptionTranslator.java:61) ~[spring-tx-6.1.4.jar!/:6.1.4]
	at org.springframework.dao.support.DataAccessUtils.translateIfNecessary(DataAccessUtils.java:335) ~[spring-tx-6.1.4.jar!/:6.1.4]
	at org.springframework.dao.support.PersistenceExceptionTranslationInterceptor.invoke(PersistenceExceptionTranslationInterceptor.java:152) ~[spring-tx-6.1.4.jar!/:6.1.4]
	at org.springframework.aop.framework.ReflectiveMethodInvocation.proceed(ReflectiveMethodInvocation.java:184) ~[spring-aop-6.1.4.jar!/:6.1.4]
	at org.springframework.data.jpa.repository.support.CrudMethodMetadataPostProcessor$CrudMethodMetadataPopulatingMethodInterceptor.invoke(CrudMethodMetadataPostProcessor.java:135) ~[spring-data-jpa-3.2.3.jar!/:3.2.3]
	at org.springframework.aop.framework.ReflectiveMethodInvocation.proceed(ReflectiveMethodInvocation.java:184) ~[spring-aop-6.1.4.jar!/:6.1.4]
	at org.springframework.aop.interceptor.ExposeInvocationInterceptor.invoke(ExposeInvocationInterceptor.java:97) ~[spring-aop-6.1.4.jar!/:6.1.4]
	at org.springframework.aop.framework.ReflectiveMethodInvocation.proceed(ReflectiveMethodInvocation.java:184) ~[spring-aop-6.1.4.jar!/:6.1.4]
	at org.springframework.aop.framework.JdkDynamicAopProxy.invoke(JdkDynamicAopProxy.java:220) ~[spring-aop-6.1.4.jar!/:6.1.4]
	at jdk.proxy2/jdk.proxy2.$Proxy142.findByEmail(Unknown Source) ~[na:na]
	at com.fixmate.config.ApplicationConfig.lambda$userDetailsService$1(ApplicationConfig.java:24) ~[!/:0.0.1-SNAPSHOT]
	at com.fixmate.config.JwtAuthenticationFilter.doFilterInternal(JwtAuthenticationFilter.java:46) ~[!/:0.0.1-SNAPSHOT]
	at org.springframework.web.filter.OncePerRequestFilter.doFilter(OncePerRequestFilter.java:116) ~[spring-web-6.1.4.jar!/:6.1.4]
	at org.springframework.security.web.FilterChainProxy$VirtualFilterChain.doFilter(FilterChainProxy.java:374) ~[spring-security-web-6.2.2.jar!/:6.2.2]
	at org.springframework.security.web.authentication.logout.LogoutFilter.doFilter(LogoutFilter.java:107) ~[spring-security-web-6.2.2.jar!/:6.2.2]
	at org.springframework.security.web.authentication.logout.LogoutFilter.doFilter(LogoutFilter.java:93) ~[spring-security-web-6.2.2.jar!/:6.2.2]
	at org.springframework.security.web.FilterChainProxy$VirtualFilterChain.doFilter(FilterChainProxy.java:374) ~[spring-security-web-6.2.2.jar!/:6.2.2]
	at org.springframework.web.filter.CorsFilter.doFilterInternal(CorsFilter.java:91) ~[spring-web-6.1.4.jar!/:6.1.4]
	at org.springframework.web.filter.OncePerRequestFilter.doFilter(OncePerRequestFilter.java:116) ~[spring-web-6.1.4.jar!/:6.1.4]
	at org.springframework.security.web.FilterChainProxy$VirtualFilterChain.doFilter(FilterChainProxy.java:374) ~[spring-security-web-6.2.2.jar!/:6.2.2]
	at org.springframework.security.web.header.HeaderWriterFilter.doHeadersAfter(HeaderWriterFilter.java:90) ~[spring-security-web-6.2.2.jar!/:6.2.2]
	at org.springframework.security.web.header.HeaderWriterFilter.doFilterInternal(HeaderWriterFilter.java:75) ~[spring-security-web-6.2.2.jar!/:6.2.2]
	at org.springframework.web.filter.OncePerRequestFilter.doFilter(OncePerRequestFilter.java:116) ~[spring-web-6.1.4.jar!/:6.1.4]
	at org.springframework.security.web.FilterChainProxy$VirtualFilterChain.doFilter(FilterChainProxy.java:374) ~[spring-security-web-6.2.2.jar!/:6.2.2]
	at org.springframework.security.web.context.SecurityContextHolderFilter.doFilter(SecurityContextHolderFilter.java:82) ~[spring-security-web-6.2.2.jar!/:6.2.2]
	at org.springframework.security.web.context.SecurityContextHolderFilter.doFilter(SecurityContextHolderFilter.java:69) ~[spring-security-web-6.2.2.jar!/:6.2.2]
	at org.springframework.security.web.FilterChainProxy$VirtualFilterChain.doFilter(FilterChainProxy.java:374) ~[spring-security-web-6.2.2.jar!/:6.2.2]
	at org.springframework.security.web.context.request.async.WebAsyncManagerIntegrationFilter.doFilterInternal(WebAsyncManagerIntegrationFilter.java:62) ~[spring-security-web-6.2.2.jar!/:6.2.2]
	at org.springframework.web.filter.OncePerRequestFilter.doFilter(OncePerRequestFilter.java:116) ~[spring-web-6.1.4.jar!/:6.1.4]
	at org.springframework.security.web.FilterChainProxy$VirtualFilterChain.doFilter(FilterChainProxy.java:374) ~[spring-security-web-6.2.2.jar!/:6.2.2]
	at org.springframework.security.web.session.DisableEncodeUrlFilter.doFilterInternal(DisableEncodeUrlFilter.java:42) ~[spring-security-web-6.2.2.jar!/:6.2.2]
	at org.springframework.web.filter.OncePerRequestFilter.doFilter(OncePerRequestFilter.java:116) ~[spring-web-6.1.4.jar!/:6.1.4]
	at org.springframework.security.web.FilterChainProxy$VirtualFilterChain.doFilter(FilterChainProxy.java:374) ~[spring-security-web-6.2.2.jar!/:6.2.2]
	at org.springframework.security.web.FilterChainProxy.doFilterInternal(FilterChainProxy.java:233) ~[spring-security-web-6.2.2.jar!/:6.2.2]
	at org.springframework.security.web.FilterChainProxy.doFilter(FilterChainProxy.java:191) ~[spring-security-web-6.2.2.jar!/:6.2.2]
	at org.springframework.web.filter.CompositeFilter$VirtualFilterChain.doFilter(CompositeFilter.java:113) ~[spring-web-6.1.4.jar!/:6.1.4]
	at org.springframework.web.servlet.handler.HandlerMappingIntrospector.lambda$createCacheFilter$3(HandlerMappingIntrospector.java:195) ~[spring-webmvc-6.1.4.jar!/:6.1.4]
	at org.springframework.web.filter.CompositeFilter$VirtualFilterChain.doFilter(CompositeFilter.java:113) ~[spring-web-6.1.4.jar!/:6.1.4]
	at org.springframework.web.filter.CompositeFilter.doFilter(CompositeFilter.java:74) ~[spring-web-6.1.4.jar!/:6.1.4]
	at org.springframework.security.config.annotation.web.configuration.WebMvcSecurityConfiguration$CompositeFilterChainProxy.doFilter(WebMvcSecurityConfiguration.java:230) ~[spring-security-config-6.2.2.jar!/:6.2.2]
	at org.springframework.web.filter.DelegatingFilterProxy.invokeDelegate(DelegatingFilterProxy.java:352) ~[spring-web-6.1.4.jar!/:6.1.4]
	at org.springframework.web.filter.DelegatingFilterProxy.doFilter(DelegatingFilterProxy.java:268) ~[spring-web-6.1.4.jar!/:6.1.4]
	at org.apache.catalina.core.ApplicationFilterChain.internalDoFilter(ApplicationFilterChain.java:174) ~[tomcat-embed-core-10.1.19.jar!/:na]
	at org.apache.catalina.core.ApplicationFilterChain.doFilter(ApplicationFilterChain.java:149) ~[tomcat-embed-core-10.1.19.jar!/:na]
	at org.springframework.web.filter.RequestContextFilter.doFilterInternal(RequestContextFilter.java:100) ~[spring-web-6.1.4.jar!/:6.1.4]
	at org.springframework.web.filter.OncePerRequestFilter.doFilter(OncePerRequestFilter.java:116) ~[spring-web-6.1.4.jar!/:6.1.4]
	at org.apache.catalina.core.ApplicationFilterChain.internalDoFilter(ApplicationFilterChain.java:174) ~[tomcat-embed-core-10.1.19.jar!/:na]
	at org.apache.catalina.core.ApplicationFilterChain.doFilter(ApplicationFilterChain.java:149) ~[tomcat-embed-core-10.1.19.jar!/:na]
	at org.springframework.web.filter.FormContentFilter.doFilterInternal(FormContentFilter.java:93) ~[spring-web-6.1.4.jar!/:6.1.4]
	at org.springframework.web.filter.OncePerRequestFilter.doFilter(OncePerRequestFilter.java:116) ~[spring-web-6.1.4.jar!/:6.1.4]
	at org.apache.catalina.core.ApplicationFilterChain.internalDoFilter(ApplicationFilterChain.java:174) ~[tomcat-embed-core-10.1.19.jar!/:na]
	at org.apache.catalina.core.ApplicationFilterChain.doFilter(ApplicationFilterChain.java:149) ~[tomcat-embed-core-10.1.19.jar!/:na]
	at org.springframework.web.filter.CharacterEncodingFilter.doFilterInternal(CharacterEncodingFilter.java:201) ~[spring-web-6.1.4.jar!/:6.1.4]
	at org.springframework.web.filter.OncePerRequestFilter.doFilter(OncePerRequestFilter.java:116) ~[spring-web-6.1.4.jar!/:6.1.4]
	at org.apache.catalina.core.ApplicationFilterChain.internalDoFilter(ApplicationFilterChain.java:174) ~[tomcat-embed-core-10.1.19.jar!/:na]
	at org.apache.catalina.core.ApplicationFilterChain.doFilter(ApplicationFilterChain.java:149) ~[tomcat-embed-core-10.1.19.jar!/:na]
	at org.apache.catalina.core.StandardWrapperValve.invoke(StandardWrapperValve.java:167) ~[tomcat-embed-core-10.1.19.jar!/:na]
	at org.apache.catalina.core.StandardContextValve.invoke(StandardContextValve.java:90) ~[tomcat-embed-core-10.1.19.jar!/:na]
	at org.apache.catalina.authenticator.AuthenticatorBase.invoke(AuthenticatorBase.java:482) ~[tomcat-embed-core-10.1.19.jar!/:na]
	at org.apache.catalina.core.StandardHostValve.invoke(StandardHostValve.java:115) ~[tomcat-embed-core-10.1.19.jar!/:na]
	at org.apache.catalina.valves.ErrorReportValve.invoke(ErrorReportValve.java:93) ~[tomcat-embed-core-10.1.19.jar!/:na]
	at org.apache.catalina.core.StandardEngineValve.invoke(StandardEngineValve.java:74) ~[tomcat-embed-core-10.1.19.jar!/:na]
	at org.apache.catalina.connector.CoyoteAdapter.service(CoyoteAdapter.java:344) ~[tomcat-embed-core-10.1.19.jar!/:na]
	at org.apache.coyote.http11.Http11Processor.service(Http11Processor.java:391) ~[tomcat-embed-core-10.1.19.jar!/:na]
	at org.apache.coyote.AbstractProcessorLight.process(AbstractProcessorLight.java:63) ~[tomcat-embed-core-10.1.19.jar!/:na]
	at org.apache.coyote.AbstractProtocol$ConnectionHandler.process(AbstractProtocol.java:896) ~[tomcat-embed-core-10.1.19.jar!/:na]
	at org.apache.tomcat.util.net.NioEndpoint$SocketProcessor.doRun(NioEndpoint.java:1744) ~[tomcat-embed-core-10.1.19.jar!/:na]
	at org.apache.tomcat.util.net.SocketProcessorBase.run(SocketProcessorBase.java:52) ~[tomcat-embed-core-10.1.19.jar!/:na]
	at org.apache.tomcat.util.threads.ThreadPoolExecutor.runWorker(ThreadPoolExecutor.java:1191) ~[tomcat-embed-core-10.1.19.jar!/:na]
	at org.apache.tomcat.util.threads.ThreadPoolExecutor$Worker.run(ThreadPoolExecutor.java:659) ~[tomcat-embed-core-10.1.19.jar!/:na]
	at org.apache.tomcat.util.threads.TaskThread$WrappingRunnable.run(TaskThread.java:63) ~[tomcat-embed-core-10.1.19.jar!/:na]
	at java.base/java.lang.Thread.run(Thread.java:1575) ~[na:na]
Caused by: org.hibernate.exception.JDBCConnectionException: Unable to acquire JDBC Connection [HikariPool-1 - Connection is not available, request timed out after 30008ms.] [n/a]
	at org.hibernate.exception.internal.SQLExceptionTypeDelegate.convert(SQLExceptionTypeDelegate.java:51) ~[hibernate-core-6.4.4.Final.jar!/:6.4.4.Final]
	at org.hibernate.exception.internal.StandardSQLExceptionConverter.convert(StandardSQLExceptionConverter.java:58) ~[hibernate-core-6.4.4.Final.jar!/:6.4.4.Final]
	at org.hibernate.engine.jdbc.spi.SqlExceptionHelper.convert(SqlExceptionHelper.java:108) ~[hibernate-core-6.4.4.Final.jar!/:6.4.4.Final]
	at org.hibernate.engine.jdbc.spi.SqlExceptionHelper.convert(SqlExceptionHelper.java:94) ~[hibernate-core-6.4.4.Final.jar!/:6.4.4.Final]
	at org.hibernate.resource.jdbc.internal.LogicalConnectionManagedImpl.acquireConnectionIfNeeded(LogicalConnectionManagedImpl.java:116) ~[hibernate-core-6.4.4.Final.jar!/:6.4.4.Final]
	at org.hibernate.resource.jdbc.internal.LogicalConnectionManagedImpl.getPhysicalConnection(LogicalConnectionManagedImpl.java:143) ~[hibernate-core-6.4.4.Final.jar!/:6.4.4.Final]
	at org.hibernate.engine.jdbc.internal.StatementPreparerImpl.connection(StatementPreparerImpl.java:54) ~[hibernate-core-6.4.4.Final.jar!/:6.4.4.Final]
	at org.hibernate.engine.jdbc.internal.StatementPreparerImpl$5.doPrepare(StatementPreparerImpl.java:153) ~[hibernate-core-6.4.4.Final.jar!/:6.4.4.Final]
	at org.hibernate.engine.jdbc.internal.StatementPreparerImpl$StatementPreparationTemplate.prepareStatement(StatementPreparerImpl.java:183) ~[hibernate-core-6.4.4.Final.jar!/:6.4.4.Final]
	at org.hibernate.engine.jdbc.internal.StatementPreparerImpl.prepareQueryStatement(StatementPreparerImpl.java:155) ~[hibernate-core-6.4.4.Final.jar!/:6.4.4.Final]
	at org.hibernate.sql.exec.spi.JdbcSelectExecutor.lambda$list$0(JdbcSelectExecutor.java:85) ~[hibernate-core-6.4.4.Final.jar!/:6.4.4.Final]
	at org.hibernate.sql.results.jdbc.internal.DeferredResultSetAccess.executeQuery(DeferredResultSetAccess.java:231) ~[hibernate-core-6.4.4.Final.jar!/:6.4.4.Final]
	at org.hibernate.sql.results.jdbc.internal.DeferredResultSetAccess.getResultSet(DeferredResultSetAccess.java:167) ~[hibernate-core-6.4.4.Final.jar!/:6.4.4.Final]
	at org.hibernate.sql.results.jdbc.internal.JdbcValuesResultSetImpl.advanceNext(JdbcValuesResultSetImpl.java:218) ~[hibernate-core-6.4.4.Final.jar!/:6.4.4.Final]
	at org.hibernate.sql.results.jdbc.internal.JdbcValuesResultSetImpl.processNext(JdbcValuesResultSetImpl.java:98) ~[hibernate-core-6.4.4.Final.jar!/:6.4.4.Final]
	at org.hibernate.sql.results.jdbc.internal.AbstractJdbcValues.next(AbstractJdbcValues.java:19) ~[hibernate-core-6.4.4.Final.jar!/:6.4.4.Final]
	at org.hibernate.sql.results.internal.RowProcessingStateStandardImpl.next(RowProcessingStateStandardImpl.java:66) ~[hibernate-core-6.4.4.Final.jar!/:6.4.4.Final]
	at org.hibernate.sql.results.spi.ListResultsConsumer.consume(ListResultsConsumer.java:202) ~[hibernate-core-6.4.4.Final.jar!/:6.4.4.Final]
	at org.hibernate.sql.results.spi.ListResultsConsumer.consume(ListResultsConsumer.java:33) ~[hibernate-core-6.4.4.Final.jar!/:6.4.4.Final]
	at org.hibernate.sql.exec.internal.JdbcSelectExecutorStandardImpl.doExecuteQuery(JdbcSelectExecutorStandardImpl.java:209) ~[hibernate-core-6.4.4.Final.jar!/:6.4.4.Final]
	at org.hibernate.sql.exec.internal.JdbcSelectExecutorStandardImpl.executeQuery(JdbcSelectExecutorStandardImpl.java:83) ~[hibernate-core-6.4.4.Final.jar!/:6.4.4.Final]
	at org.hibernate.sql.exec.spi.JdbcSelectExecutor.list(JdbcSelectExecutor.java:76) ~[hibernate-core-6.4.4.Final.jar!/:6.4.4.Final]
	at org.hibernate.sql.exec.spi.JdbcSelectExecutor.list(JdbcSelectExecutor.java:65) ~[hibernate-core-6.4.4.Final.jar!/:6.4.4.Final]
	at org.hibernate.query.sqm.internal.ConcreteSqmSelectQueryPlan.lambda$new$2(ConcreteSqmSelectQueryPlan.java:137) ~[hibernate-core-6.4.4.Final.jar!/:6.4.4.Final]
	at org.hibernate.query.sqm.internal.ConcreteSqmSelectQueryPlan.withCacheableSqmInterpretation(ConcreteSqmSelectQueryPlan.java:362) ~[hibernate-core-6.4.4.Final.jar!/:6.4.4.Final]
	at org.hibernate.query.sqm.internal.ConcreteSqmSelectQueryPlan.performList(ConcreteSqmSelectQueryPlan.java:303) ~[hibernate-core-6.4.4.Final.jar!/:6.4.4.Final]
	at org.hibernate.query.sqm.internal.QuerySqmImpl.doList(QuerySqmImpl.java:509) ~[hibernate-core-6.4.4.Final.jar!/:6.4.4.Final]
	at org.hibernate.query.spi.AbstractSelectionQuery.list(AbstractSelectionQuery.java:427) ~[hibernate-core-6.4.4.Final.jar!/:6.4.4.Final]
	at org.hibernate.query.spi.AbstractSelectionQuery.getSingleResult(AbstractSelectionQuery.java:564) ~[hibernate-core-6.4.4.Final.jar!/:6.4.4.Final]
	at java.base/jdk.internal.reflect.DirectMethodHandleAccessor.invoke(DirectMethodHandleAccessor.java:103) ~[na:na]
	at java.base/java.lang.reflect.Method.invoke(Method.java:580) ~[na:na]
	at org.springframework.orm.jpa.SharedEntityManagerCreator$DeferredQueryInvocationHandler.invoke(SharedEntityManagerCreator.java:415) ~[spring-orm-6.1.4.jar!/:6.1.4]
	at jdk.proxy2/jdk.proxy2.$Proxy196.getSingleResult(Unknown Source) ~[na:na]
	at org.springframework.data.jpa.repository.query.JpaQueryExecution$SingleEntityExecution.doExecute(JpaQueryExecution.java:223) ~[spring-data-jpa-3.2.3.jar!/:3.2.3]
	at org.springframework.data.jpa.repository.query.JpaQueryExecution.execute(JpaQueryExecution.java:92) ~[spring-data-jpa-3.2.3.jar!/:3.2.3]
	at org.springframework.data.jpa.repository.query.AbstractJpaQuery.doExecute(AbstractJpaQuery.java:149) ~[spring-data-jpa-3.2.3.jar!/:3.2.3]
	at org.springframework.data.jpa.repository.query.AbstractJpaQuery.execute(AbstractJpaQuery.java:137) ~[spring-data-jpa-3.2.3.jar!/:3.2.3]
	at org.springframework.data.repository.core.support.RepositoryMethodInvoker.doInvoke(RepositoryMethodInvoker.java:170) ~[spring-data-commons-3.2.3.jar!/:3.2.3]
	at org.springframework.data.repository.core.support.RepositoryMethodInvoker.invoke(RepositoryMethodInvoker.java:158) ~[spring-data-commons-3.2.3.jar!/:3.2.3]
	at org.springframework.data.repository.core.support.QueryExecutorMethodInterceptor.doInvoke(QueryExecutorMethodInterceptor.java:164) ~[spring-data-commons-3.2.3.jar!/:3.2.3]
	at org.springframework.data.repository.core.support.QueryExecutorMethodInterceptor.invoke(QueryExecutorMethodInterceptor.java:143) ~[spring-data-commons-3.2.3.jar!/:3.2.3]
	at org.springframework.aop.framework.ReflectiveMethodInvocation.proceed(ReflectiveMethodInvocation.java:184) ~[spring-aop-6.1.4.jar!/:6.1.4]
	at org.springframework.data.projection.DefaultMethodInvokingMethodInterceptor.invoke(DefaultMethodInvokingMethodInterceptor.java:70) ~[spring-data-commons-3.2.3.jar!/:3.2.3]
	at org.springframework.aop.framework.ReflectiveMethodInvocation.proceed(ReflectiveMethodInvocation.java:184) ~[spring-aop-6.1.4.jar!/:6.1.4]
	at org.springframework.transaction.interceptor.TransactionInterceptor$1.proceedWithInvocation(TransactionInterceptor.java:123) ~[spring-tx-6.1.4.jar!/:6.1.4]
	at org.springframework.transaction.interceptor.TransactionAspectSupport.invokeWithinTransaction(TransactionAspectSupport.java:385) ~[spring-tx-6.1.4.jar!/:6.1.4]
	at org.springframework.transaction.interceptor.TransactionInterceptor.invoke(TransactionInterceptor.java:119) ~[spring-tx-6.1.4.jar!/:6.1.4]
	at org.springframework.aop.framework.ReflectiveMethodInvocation.proceed(ReflectiveMethodInvocation.java:184) ~[spring-aop-6.1.4.jar!/:6.1.4]
	at org.springframework.dao.support.PersistenceExceptionTranslationInterceptor.invoke(PersistenceExceptionTranslationInterceptor.java:137) ~[spring-tx-6.1.4.jar!/:6.1.4]
	... 69 common frames omitted
Caused by: java.sql.SQLTransientConnectionException: HikariPool-1 - Connection is not available, request timed out after 30008ms.
	at com.zaxxer.hikari.pool.HikariPool.createTimeoutException(HikariPool.java:696) ~[HikariCP-5.0.1.jar!/:na]
	at com.zaxxer.hikari.pool.HikariPool.getConnection(HikariPool.java:181) ~[HikariCP-5.0.1.jar!/:na]
	at com.zaxxer.hikari.pool.HikariPool.getConnection(HikariPool.java:146) ~[HikariCP-5.0.1.jar!/:na]
	at com.zaxxer.hikari.HikariDataSource.getConnection(HikariDataSource.java:128) ~[HikariCP-5.0.1.jar!/:na]
	at org.hibernate.engine.jdbc.connections.internal.DatasourceConnectionProviderImpl.getConnection(DatasourceConnectionProviderImpl.java:122) ~[hibernate-core-6.4.4.Final.jar!/:6.4.4.Final]
	at org.hibernate.internal.NonContextualJdbcConnectionAccess.obtainConnection(NonContextualJdbcConnectionAccess.java:46) ~[hibernate-core-6.4.4.Final.jar!/:6.4.4.Final]
	at org.hibernate.resource.jdbc.internal.LogicalConnectionManagedImpl.acquireConnectionIfNeeded(LogicalConnectionManagedImpl.java:113) ~[hibernate-core-6.4.4.Final.jar!/:6.4.4.Final]
	... 113 common frames omitted

2026-08-18T01:53:16.351+05:30 ERROR 22332 --- [fixmate-backend] [nio-8081-exec-9] o.a.c.c.C.[.[.[/].[dispatcherServlet]    : Servlet.service() for servlet [dispatcherServlet] in context with path [] threw exception

org.springframework.dao.DataAccessResourceFailureException: Unable to acquire JDBC Connection [HikariPool-1 - Connection is not available, request timed out after 30014ms.] [n/a]
	at org.springframework.orm.jpa.vendor.HibernateJpaDialect.convertHibernateAccessException(HibernateJpaDialect.java:274) ~[spring-orm-6.1.4.jar!/:6.1.4]
	at org.springframework.orm.jpa.vendor.HibernateJpaDialect.translateExceptionIfPossible(HibernateJpaDialect.java:241) ~[spring-orm-6.1.4.jar!/:6.1.4]
	at org.springframework.orm.jpa.AbstractEntityManagerFactoryBean.translateExceptionIfPossible(AbstractEntityManagerFactoryBean.java:550) ~[spring-orm-6.1.4.jar!/:6.1.4]
	at org.springframework.dao.support.ChainedPersistenceExceptionTranslator.translateExceptionIfPossible(ChainedPersistenceExceptionTranslator.java:61) ~[spring-tx-6.1.4.jar!/:6.1.4]
	at org.springframework.dao.support.DataAccessUtils.translateIfNecessary(DataAccessUtils.java:335) ~[spring-tx-6.1.4.jar!/:6.1.4]
	at org.springframework.dao.support.PersistenceExceptionTranslationInterceptor.invoke(PersistenceExceptionTranslationInterceptor.java:152) ~[spring-tx-6.1.4.jar!/:6.1.4]
	at org.springframework.aop.framework.ReflectiveMethodInvocation.proceed(ReflectiveMethodInvocation.java:184) ~[spring-aop-6.1.4.jar!/:6.1.4]
	at org.springframework.data.jpa.repository.support.CrudMethodMetadataPostProcessor$CrudMethodMetadataPopulatingMethodInterceptor.invoke(CrudMethodMetadataPostProcessor.java:135) ~[spring-data-jpa-3.2.3.jar!/:3.2.3]
	at org.springframework.aop.framework.ReflectiveMethodInvocation.proceed(ReflectiveMethodInvocation.java:184) ~[spring-aop-6.1.4.jar!/:6.1.4]
	at org.springframework.aop.interceptor.ExposeInvocationInterceptor.invoke(ExposeInvocationInterceptor.java:97) ~[spring-aop-6.1.4.jar!/:6.1.4]
	at org.springframework.aop.framework.ReflectiveMethodInvocation.proceed(ReflectiveMethodInvocation.java:184) ~[spring-aop-6.1.4.jar!/:6.1.4]
	at org.springframework.aop.framework.JdkDynamicAopProxy.invoke(JdkDynamicAopProxy.java:220) ~[spring-aop-6.1.4.jar!/:6.1.4]
	at jdk.proxy2/jdk.proxy2.$Proxy142.findByEmail(Unknown Source) ~[na:na]
	at com.fixmate.config.ApplicationConfig.lambda$userDetailsService$1(ApplicationConfig.java:24) ~[!/:0.0.1-SNAPSHOT]
	at com.fixmate.config.JwtAuthenticationFilter.doFilterInternal(JwtAuthenticationFilter.java:46) ~[!/:0.0.1-SNAPSHOT]
	at org.springframework.web.filter.OncePerRequestFilter.doFilter(OncePerRequestFilter.java:116) ~[spring-web-6.1.4.jar!/:6.1.4]
	at org.springframework.security.web.FilterChainProxy$VirtualFilterChain.doFilter(FilterChainProxy.java:374) ~[spring-security-web-6.2.2.jar!/:6.2.2]
	at org.springframework.security.web.authentication.logout.LogoutFilter.doFilter(LogoutFilter.java:107) ~[spring-security-web-6.2.2.jar!/:6.2.2]
	at org.springframework.security.web.authentication.logout.LogoutFilter.doFilter(LogoutFilter.java:93) ~[spring-security-web-6.2.2.jar!/:6.2.2]
	at org.springframework.security.web.FilterChainProxy$VirtualFilterChain.doFilter(FilterChainProxy.java:374) ~[spring-security-web-6.2.2.jar!/:6.2.2]
	at org.springframework.web.filter.CorsFilter.doFilterInternal(CorsFilter.java:91) ~[spring-web-6.1.4.jar!/:6.1.4]
	at org.springframework.web.filter.OncePerRequestFilter.doFilter(OncePerRequestFilter.java:116) ~[spring-web-6.1.4.jar!/:6.1.4]
	at org.springframework.security.web.FilterChainProxy$VirtualFilterChain.doFilter(FilterChainProxy.java:374) ~[spring-security-web-6.2.2.jar!/:6.2.2]
	at org.springframework.security.web.header.HeaderWriterFilter.doHeadersAfter(HeaderWriterFilter.java:90) ~[spring-security-web-6.2.2.jar!/:6.2.2]
	at org.springframework.security.web.header.HeaderWriterFilter.doFilterInternal(HeaderWriterFilter.java:75) ~[spring-security-web-6.2.2.jar!/:6.2.2]
	at org.springframework.web.filter.OncePerRequestFilter.doFilter(OncePerRequestFilter.java:116) ~[spring-web-6.1.4.jar!/:6.1.4]
	at org.springframework.security.web.FilterChainProxy$VirtualFilterChain.doFilter(FilterChainProxy.java:374) ~[spring-security-web-6.2.2.jar!/:6.2.2]
	at org.springframework.security.web.context.SecurityContextHolderFilter.doFilter(SecurityContextHolderFilter.java:82) ~[spring-security-web-6.2.2.jar!/:6.2.2]
	at org.springframework.security.web.context.SecurityContextHolderFilter.doFilter(SecurityContextHolderFilter.java:69) ~[spring-security-web-6.2.2.jar!/:6.2.2]
	at org.springframework.security.web.FilterChainProxy$VirtualFilterChain.doFilter(FilterChainProxy.java:374) ~[spring-security-web-6.2.2.jar!/:6.2.2]
	at org.springframework.security.web.context.request.async.WebAsyncManagerIntegrationFilter.doFilterInternal(WebAsyncManagerIntegrationFilter.java:62) ~[spring-security-web-6.2.2.jar!/:6.2.2]
	at org.springframework.web.filter.OncePerRequestFilter.doFilter(OncePerRequestFilter.java:116) ~[spring-web-6.1.4.jar!/:6.1.4]
	at org.springframework.security.web.FilterChainProxy$VirtualFilterChain.doFilter(FilterChainProxy.java:374) ~[spring-security-web-6.2.2.jar!/:6.2.2]
	at org.springframework.security.web.session.DisableEncodeUrlFilter.doFilterInternal(DisableEncodeUrlFilter.java:42) ~[spring-security-web-6.2.2.jar!/:6.2.2]
	at org.springframework.web.filter.OncePerRequestFilter.doFilter(OncePerRequestFilter.java:116) ~[spring-web-6.1.4.jar!/:6.1.4]
	at org.springframework.security.web.FilterChainProxy$VirtualFilterChain.doFilter(FilterChainProxy.java:374) ~[spring-security-web-6.2.2.jar!/:6.2.2]
	at org.springframework.security.web.FilterChainProxy.doFilterInternal(FilterChainProxy.java:233) ~[spring-security-web-6.2.2.jar!/:6.2.2]
	at org.springframework.security.web.FilterChainProxy.doFilter(FilterChainProxy.java:191) ~[spring-security-web-6.2.2.jar!/:6.2.2]
	at org.springframework.web.filter.CompositeFilter$VirtualFilterChain.doFilter(CompositeFilter.java:113) ~[spring-web-6.1.4.jar!/:6.1.4]
	at org.springframework.web.servlet.handler.HandlerMappingIntrospector.lambda$createCacheFilter$3(HandlerMappingIntrospector.java:195) ~[spring-webmvc-6.1.4.jar!/:6.1.4]
	at org.springframework.web.filter.CompositeFilter$VirtualFilterChain.doFilter(CompositeFilter.java:113) ~[spring-web-6.1.4.jar!/:6.1.4]
	at org.springframework.web.filter.CompositeFilter.doFilter(CompositeFilter.java:74) ~[spring-web-6.1.4.jar!/:6.1.4]
	at org.springframework.security.config.annotation.web.configuration.WebMvcSecurityConfiguration$CompositeFilterChainProxy.doFilter(WebMvcSecurityConfiguration.java:230) ~[spring-security-config-6.2.2.jar!/:6.2.2]
	at org.springframework.web.filter.DelegatingFilterProxy.invokeDelegate(DelegatingFilterProxy.java:352) ~[spring-web-6.1.4.jar!/:6.1.4]
	at org.springframework.web.filter.DelegatingFilterProxy.doFilter(DelegatingFilterProxy.java:268) ~[spring-web-6.1.4.jar!/:6.1.4]
	at org.apache.catalina.core.ApplicationFilterChain.internalDoFilter(ApplicationFilterChain.java:174) ~[tomcat-embed-core-10.1.19.jar!/:na]
	at org.apache.catalina.core.ApplicationFilterChain.doFilter(ApplicationFilterChain.java:149) ~[tomcat-embed-core-10.1.19.jar!/:na]
	at org.springframework.web.filter.RequestContextFilter.doFilterInternal(RequestContextFilter.java:100) ~[spring-web-6.1.4.jar!/:6.1.4]
	at org.springframework.web.filter.OncePerRequestFilter.doFilter(OncePerRequestFilter.java:116) ~[spring-web-6.1.4.jar!/:6.1.4]
	at org.apache.catalina.core.ApplicationFilterChain.internalDoFilter(ApplicationFilterChain.java:174) ~[tomcat-embed-core-10.1.19.jar!/:na]
	at org.apache.catalina.core.ApplicationFilterChain.doFilter(ApplicationFilterChain.java:149) ~[tomcat-embed-core-10.1.19.jar!/:na]
	at org.springframework.web.filter.FormContentFilter.doFilterInternal(FormContentFilter.java:93) ~[spring-web-6.1.4.jar!/:6.1.4]
	at org.springframework.web.filter.OncePerRequestFilter.doFilter(OncePerRequestFilter.java:116) ~[spring-web-6.1.4.jar!/:6.1.4]
	at org.apache.catalina.core.ApplicationFilterChain.internalDoFilter(ApplicationFilterChain.java:174) ~[tomcat-embed-core-10.1.19.jar!/:na]
	at org.apache.catalina.core.ApplicationFilterChain.doFilter(ApplicationFilterChain.java:149) ~[tomcat-embed-core-10.1.19.jar!/:na]
	at org.springframework.web.filter.CharacterEncodingFilter.doFilterInternal(CharacterEncodingFilter.java:201) ~[spring-web-6.1.4.jar!/:6.1.4]
	at org.springframework.web.filter.OncePerRequestFilter.doFilter(OncePerRequestFilter.java:116) ~[spring-web-6.1.4.jar!/:6.1.4]
	at org.apache.catalina.core.ApplicationFilterChain.internalDoFilter(ApplicationFilterChain.java:174) ~[tomcat-embed-core-10.1.19.jar!/:na]
	at org.apache.catalina.core.ApplicationFilterChain.doFilter(ApplicationFilterChain.java:149) ~[tomcat-embed-core-10.1.19.jar!/:na]
	at org.apache.catalina.core.StandardWrapperValve.invoke(StandardWrapperValve.java:167) ~[tomcat-embed-core-10.1.19.jar!/:na]
	at org.apache.catalina.core.StandardContextValve.invoke(StandardContextValve.java:90) ~[tomcat-embed-core-10.1.19.jar!/:na]
	at org.apache.catalina.authenticator.AuthenticatorBase.invoke(AuthenticatorBase.java:482) ~[tomcat-embed-core-10.1.19.jar!/:na]
	at org.apache.catalina.core.StandardHostValve.invoke(StandardHostValve.java:115) ~[tomcat-embed-core-10.1.19.jar!/:na]
	at org.apache.catalina.valves.ErrorReportValve.invoke(ErrorReportValve.java:93) ~[tomcat-embed-core-10.1.19.jar!/:na]
	at org.apache.catalina.core.StandardEngineValve.invoke(StandardEngineValve.java:74) ~[tomcat-embed-core-10.1.19.jar!/:na]
	at org.apache.catalina.connector.CoyoteAdapter.service(CoyoteAdapter.java:344) ~[tomcat-embed-core-10.1.19.jar!/:na]
	at org.apache.coyote.http11.Http11Processor.service(Http11Processor.java:391) ~[tomcat-embed-core-10.1.19.jar!/:na]
	at org.apache.coyote.AbstractProcessorLight.process(AbstractProcessorLight.java:63) ~[tomcat-embed-core-10.1.19.jar!/:na]
	at org.apache.coyote.AbstractProtocol$ConnectionHandler.process(AbstractProtocol.java:896) ~[tomcat-embed-core-10.1.19.jar!/:na]
	at org.apache.tomcat.util.net.NioEndpoint$SocketProcessor.doRun(NioEndpoint.java:1744) ~[tomcat-embed-core-10.1.19.jar!/:na]
	at org.apache.tomcat.util.net.SocketProcessorBase.run(SocketProcessorBase.java:52) ~[tomcat-embed-core-10.1.19.jar!/:na]
	at org.apache.tomcat.util.threads.ThreadPoolExecutor.runWorker(ThreadPoolExecutor.java:1191) ~[tomcat-embed-core-10.1.19.jar!/:na]
	at org.apache.tomcat.util.threads.ThreadPoolExecutor$Worker.run(ThreadPoolExecutor.java:659) ~[tomcat-embed-core-10.1.19.jar!/:na]
	at org.apache.tomcat.util.threads.TaskThread$WrappingRunnable.run(TaskThread.java:63) ~[tomcat-embed-core-10.1.19.jar!/:na]
	at java.base/java.lang.Thread.run(Thread.java:1575) ~[na:na]
Caused by: org.hibernate.exception.JDBCConnectionException: Unable to acquire JDBC Connection [HikariPool-1 - Connection is not available, request timed out after 30014ms.] [n/a]
	at org.hibernate.exception.internal.SQLExceptionTypeDelegate.convert(SQLExceptionTypeDelegate.java:51) ~[hibernate-core-6.4.4.Final.jar!/:6.4.4.Final]
	at org.hibernate.exception.internal.StandardSQLExceptionConverter.convert(StandardSQLExceptionConverter.java:58) ~[hibernate-core-6.4.4.Final.jar!/:6.4.4.Final]
	at org.hibernate.engine.jdbc.spi.SqlExceptionHelper.convert(SqlExceptionHelper.java:108) ~[hibernate-core-6.4.4.Final.jar!/:6.4.4.Final]
	at org.hibernate.engine.jdbc.spi.SqlExceptionHelper.convert(SqlExceptionHelper.java:94) ~[hibernate-core-6.4.4.Final.jar!/:6.4.4.Final]
	at org.hibernate.resource.jdbc.internal.LogicalConnectionManagedImpl.acquireConnectionIfNeeded(LogicalConnectionManagedImpl.java:116) ~[hibernate-core-6.4.4.Final.jar!/:6.4.4.Final]
	at org.hibernate.resource.jdbc.internal.LogicalConnectionManagedImpl.getPhysicalConnection(LogicalConnectionManagedImpl.java:143) ~[hibernate-core-6.4.4.Final.jar!/:6.4.4.Final]
	at org.hibernate.engine.jdbc.internal.StatementPreparerImpl.connection(StatementPreparerImpl.java:54) ~[hibernate-core-6.4.4.Final.jar!/:6.4.4.Final]
	at org.hibernate.engine.jdbc.internal.StatementPreparerImpl$5.doPrepare(StatementPreparerImpl.java:153) ~[hibernate-core-6.4.4.Final.jar!/:6.4.4.Final]
	at org.hibernate.engine.jdbc.internal.StatementPreparerImpl$StatementPreparationTemplate.prepareStatement(StatementPreparerImpl.java:183) ~[hibernate-core-6.4.4.Final.jar!/:6.4.4.Final]
	at org.hibernate.engine.jdbc.internal.StatementPreparerImpl.prepareQueryStatement(StatementPreparerImpl.java:155) ~[hibernate-core-6.4.4.Final.jar!/:6.4.4.Final]
	at org.hibernate.sql.exec.spi.JdbcSelectExecutor.lambda$list$0(JdbcSelectExecutor.java:85) ~[hibernate-core-6.4.4.Final.jar!/:6.4.4.Final]
	at org.hibernate.sql.results.jdbc.internal.DeferredResultSetAccess.executeQuery(DeferredResultSetAccess.java:231) ~[hibernate-core-6.4.4.Final.jar!/:6.4.4.Final]
	at org.hibernate.sql.results.jdbc.internal.DeferredResultSetAccess.getResultSet(DeferredResultSetAccess.java:167) ~[hibernate-core-6.4.4.Final.jar!/:6.4.4.Final]
	at org.hibernate.sql.results.jdbc.internal.JdbcValuesResultSetImpl.advanceNext(JdbcValuesResultSetImpl.java:218) ~[hibernate-core-6.4.4.Final.jar!/:6.4.4.Final]
	at org.hibernate.sql.results.jdbc.internal.JdbcValuesResultSetImpl.processNext(JdbcValuesResultSetImpl.java:98) ~[hibernate-core-6.4.4.Final.jar!/:6.4.4.Final]
	at org.hibernate.sql.results.jdbc.internal.AbstractJdbcValues.next(AbstractJdbcValues.java:19) ~[hibernate-core-6.4.4.Final.jar!/:6.4.4.Final]
	at org.hibernate.sql.results.internal.RowProcessingStateStandardImpl.next(RowProcessingStateStandardImpl.java:66) ~[hibernate-core-6.4.4.Final.jar!/:6.4.4.Final]
	at org.hibernate.sql.results.spi.ListResultsConsumer.consume(ListResultsConsumer.java:202) ~[hibernate-core-6.4.4.Final.jar!/:6.4.4.Final]
	at org.hibernate.sql.results.spi.ListResultsConsumer.consume(ListResultsConsumer.java:33) ~[hibernate-core-6.4.4.Final.jar!/:6.4.4.Final]
	at org.hibernate.sql.exec.internal.JdbcSelectExecutorStandardImpl.doExecuteQuery(JdbcSelectExecutorStandardImpl.java:209) ~[hibernate-core-6.4.4.Final.jar!/:6.4.4.Final]
	at org.hibernate.sql.exec.internal.JdbcSelectExecutorStandardImpl.executeQuery(JdbcSelectExecutorStandardImpl.java:83) ~[hibernate-core-6.4.4.Final.jar!/:6.4.4.Final]
	at org.hibernate.sql.exec.spi.JdbcSelectExecutor.list(JdbcSelectExecutor.java:76) ~[hibernate-core-6.4.4.Final.jar!/:6.4.4.Final]
	at org.hibernate.sql.exec.spi.JdbcSelectExecutor.list(JdbcSelectExecutor.java:65) ~[hibernate-core-6.4.4.Final.jar!/:6.4.4.Final]
	at org.hibernate.query.sqm.internal.ConcreteSqmSelectQueryPlan.lambda$new$2(ConcreteSqmSelectQueryPlan.java:137) ~[hibernate-core-6.4.4.Final.jar!/:6.4.4.Final]
	at org.hibernate.query.sqm.internal.ConcreteSqmSelectQueryPlan.withCacheableSqmInterpretation(ConcreteSqmSelectQueryPlan.java:362) ~[hibernate-core-6.4.4.Final.jar!/:6.4.4.Final]
	at org.hibernate.query.sqm.internal.ConcreteSqmSelectQueryPlan.performList(ConcreteSqmSelectQueryPlan.java:303) ~[hibernate-core-6.4.4.Final.jar!/:6.4.4.Final]
	at org.hibernate.query.sqm.internal.QuerySqmImpl.doList(QuerySqmImpl.java:509) ~[hibernate-core-6.4.4.Final.jar!/:6.4.4.Final]
	at org.hibernate.query.spi.AbstractSelectionQuery.list(AbstractSelectionQuery.java:427) ~[hibernate-core-6.4.4.Final.jar!/:6.4.4.Final]
	at org.hibernate.query.spi.AbstractSelectionQuery.getSingleResult(AbstractSelectionQuery.java:564) ~[hibernate-core-6.4.4.Final.jar!/:6.4.4.Final]
	at java.base/jdk.internal.reflect.DirectMethodHandleAccessor.invoke(DirectMethodHandleAccessor.java:103) ~[na:na]
	at java.base/java.lang.reflect.Method.invoke(Method.java:580) ~[na:na]
	at org.springframework.orm.jpa.SharedEntityManagerCreator$DeferredQueryInvocationHandler.invoke(SharedEntityManagerCreator.java:415) ~[spring-orm-6.1.4.jar!/:6.1.4]
	at jdk.proxy2/jdk.proxy2.$Proxy196.getSingleResult(Unknown Source) ~[na:na]
	at org.springframework.data.jpa.repository.query.JpaQueryExecution$SingleEntityExecution.doExecute(JpaQueryExecution.java:223) ~[spring-data-jpa-3.2.3.jar!/:3.2.3]
	at org.springframework.data.jpa.repository.query.JpaQueryExecution.execute(JpaQueryExecution.java:92) ~[spring-data-jpa-3.2.3.jar!/:3.2.3]
	at org.springframework.data.jpa.repository.query.AbstractJpaQuery.doExecute(AbstractJpaQuery.java:149) ~[spring-data-jpa-3.2.3.jar!/:3.2.3]
	at org.springframework.data.jpa.repository.query.AbstractJpaQuery.execute(AbstractJpaQuery.java:137) ~[spring-data-jpa-3.2.3.jar!/:3.2.3]
	at org.springframework.data.repository.core.support.RepositoryMethodInvoker.doInvoke(RepositoryMethodInvoker.java:170) ~[spring-data-commons-3.2.3.jar!/:3.2.3]
	at org.springframework.data.repository.core.support.RepositoryMethodInvoker.invoke(RepositoryMethodInvoker.java:158) ~[spring-data-commons-3.2.3.jar!/:3.2.3]
	at org.springframework.data.repository.core.support.QueryExecutorMethodInterceptor.doInvoke(QueryExecutorMethodInterceptor.java:164) ~[spring-data-commons-3.2.3.jar!/:3.2.3]
	at org.springframework.data.repository.core.support.QueryExecutorMethodInterceptor.invoke(QueryExecutorMethodInterceptor.java:143) ~[spring-data-commons-3.2.3.jar!/:3.2.3]
	at org.springframework.aop.framework.ReflectiveMethodInvocation.proceed(ReflectiveMethodInvocation.java:184) ~[spring-aop-6.1.4.jar!/:6.1.4]
	at org.springframework.data.projection.DefaultMethodInvokingMethodInterceptor.invoke(DefaultMethodInvokingMethodInterceptor.java:70) ~[spring-data-commons-3.2.3.jar!/:3.2.3]
	at org.springframework.aop.framework.ReflectiveMethodInvocation.proceed(ReflectiveMethodInvocation.java:184) ~[spring-aop-6.1.4.jar!/:6.1.4]
	at org.springframework.transaction.interceptor.TransactionInterceptor$1.proceedWithInvocation(TransactionInterceptor.java:123) ~[spring-tx-6.1.4.jar!/:6.1.4]
	at org.springframework.transaction.interceptor.TransactionAspectSupport.invokeWithinTransaction(TransactionAspectSupport.java:385) ~[spring-tx-6.1.4.jar!/:6.1.4]
	at org.springframework.transaction.interceptor.TransactionInterceptor.invoke(TransactionInterceptor.java:119) ~[spring-tx-6.1.4.jar!/:6.1.4]
	at org.springframework.aop.framework.ReflectiveMethodInvocation.proceed(ReflectiveMethodInvocation.java:184) ~[spring-aop-6.1.4.jar!/:6.1.4]
	at org.springframework.dao.support.PersistenceExceptionTranslationInterceptor.invoke(PersistenceExceptionTranslationInterceptor.java:137) ~[spring-tx-6.1.4.jar!/:6.1.4]
	... 69 common frames omitted
Caused by: java.sql.SQLTransientConnectionException: HikariPool-1 - Connection is not available, request timed out after 30014ms.
	at com.zaxxer.hikari.pool.HikariPool.createTimeoutException(HikariPool.java:696) ~[HikariCP-5.0.1.jar!/:na]
	at com.zaxxer.hikari.pool.HikariPool.getConnection(HikariPool.java:181) ~[HikariCP-5.0.1.jar!/:na]
	at com.zaxxer.hikari.pool.HikariPool.getConnection(HikariPool.java:146) ~[HikariCP-5.0.1.jar!/:na]
	at com.zaxxer.hikari.HikariDataSource.getConnection(HikariDataSource.java:128) ~[HikariCP-5.0.1.jar!/:na]
	at org.hibernate.engine.jdbc.connections.internal.DatasourceConnectionProviderImpl.getConnection(DatasourceConnectionProviderImpl.java:122) ~[hibernate-core-6.4.4.Final.jar!/:6.4.4.Final]
	at org.hibernate.internal.NonContextualJdbcConnectionAccess.obtainConnection(NonContextualJdbcConnectionAccess.java:46) ~[hibernate-core-6.4.4.Final.jar!/:6.4.4.Final]
	at org.hibernate.resource.jdbc.internal.LogicalConnectionManagedImpl.acquireConnectionIfNeeded(LogicalConnectionManagedImpl.java:113) ~[hibernate-core-6.4.4.Final.jar!/:6.4.4.Final]
	... 113 common frames omitted

2026-08-18T01:53:16.351+05:30 ERROR 22332 --- [fixmate-backend] [nio-8081-exec-7] o.a.c.c.C.[.[.[/].[dispatcherServlet]    : Servlet.service() for servlet [dispatcherServlet] in context with path [] threw exception

org.springframework.dao.DataAccessResourceFailureException: Unable to acquire JDBC Connection [HikariPool-1 - Connection is not available, request timed out after 30002ms.] [n/a]
	at org.springframework.orm.jpa.vendor.HibernateJpaDialect.convertHibernateAccessException(HibernateJpaDialect.java:274) ~[spring-orm-6.1.4.jar!/:6.1.4]
	at org.springframework.orm.jpa.vendor.HibernateJpaDialect.translateExceptionIfPossible(HibernateJpaDialect.java:241) ~[spring-orm-6.1.4.jar!/:6.1.4]
	at org.springframework.orm.jpa.AbstractEntityManagerFactoryBean.translateExceptionIfPossible(AbstractEntityManagerFactoryBean.java:550) ~[spring-orm-6.1.4.jar!/:6.1.4]
	at org.springframework.dao.support.ChainedPersistenceExceptionTranslator.translateExceptionIfPossible(ChainedPersistenceExceptionTranslator.java:61) ~[spring-tx-6.1.4.jar!/:6.1.4]
	at org.springframework.dao.support.DataAccessUtils.translateIfNecessary(DataAccessUtils.java:335) ~[spring-tx-6.1.4.jar!/:6.1.4]
	at org.springframework.dao.support.PersistenceExceptionTranslationInterceptor.invoke(PersistenceExceptionTranslationInterceptor.java:152) ~[spring-tx-6.1.4.jar!/:6.1.4]
	at org.springframework.aop.framework.ReflectiveMethodInvocation.proceed(ReflectiveMethodInvocation.java:184) ~[spring-aop-6.1.4.jar!/:6.1.4]
	at org.springframework.data.jpa.repository.support.CrudMethodMetadataPostProcessor$CrudMethodMetadataPopulatingMethodInterceptor.invoke(CrudMethodMetadataPostProcessor.java:135) ~[spring-data-jpa-3.2.3.jar!/:3.2.3]
	at org.springframework.aop.framework.ReflectiveMethodInvocation.proceed(ReflectiveMethodInvocation.java:184) ~[spring-aop-6.1.4.jar!/:6.1.4]
	at org.springframework.aop.interceptor.ExposeInvocationInterceptor.invoke(ExposeInvocationInterceptor.java:97) ~[spring-aop-6.1.4.jar!/:6.1.4]
	at org.springframework.aop.framework.ReflectiveMethodInvocation.proceed(ReflectiveMethodInvocation.java:184) ~[spring-aop-6.1.4.jar!/:6.1.4]
	at org.springframework.aop.framework.JdkDynamicAopProxy.invoke(JdkDynamicAopProxy.java:220) ~[spring-aop-6.1.4.jar!/:6.1.4]
	at jdk.proxy2/jdk.proxy2.$Proxy142.findByEmail(Unknown Source) ~[na:na]
	at com.fixmate.config.ApplicationConfig.lambda$userDetailsService$1(ApplicationConfig.java:24) ~[!/:0.0.1-SNAPSHOT]
	at com.fixmate.config.JwtAuthenticationFilter.doFilterInternal(JwtAuthenticationFilter.java:46) ~[!/:0.0.1-SNAPSHOT]
	at org.springframework.web.filter.OncePerRequestFilter.doFilter(OncePerRequestFilter.java:116) ~[spring-web-6.1.4.jar!/:6.1.4]
	at org.springframework.security.web.FilterChainProxy$VirtualFilterChain.doFilter(FilterChainProxy.java:374) ~[spring-security-web-6.2.2.jar!/:6.2.2]
	at org.springframework.security.web.authentication.logout.LogoutFilter.doFilter(LogoutFilter.java:107) ~[spring-security-web-6.2.2.jar!/:6.2.2]
	at org.springframework.security.web.authentication.logout.LogoutFilter.doFilter(LogoutFilter.java:93) ~[spring-security-web-6.2.2.jar!/:6.2.2]
	at org.springframework.security.web.FilterChainProxy$VirtualFilterChain.doFilter(FilterChainProxy.java:374) ~[spring-security-web-6.2.2.jar!/:6.2.2]
	at org.springframework.web.filter.CorsFilter.doFilterInternal(CorsFilter.java:91) ~[spring-web-6.1.4.jar!/:6.1.4]
	at org.springframework.web.filter.OncePerRequestFilter.doFilter(OncePerRequestFilter.java:116) ~[spring-web-6.1.4.jar!/:6.1.4]
	at org.springframework.security.web.FilterChainProxy$VirtualFilterChain.doFilter(FilterChainProxy.java:374) ~[spring-security-web-6.2.2.jar!/:6.2.2]
	at org.springframework.security.web.header.HeaderWriterFilter.doHeadersAfter(HeaderWriterFilter.java:90) ~[spring-security-web-6.2.2.jar!/:6.2.2]
	at org.springframework.security.web.header.HeaderWriterFilter.doFilterInternal(HeaderWriterFilter.java:75) ~[spring-security-web-6.2.2.jar!/:6.2.2]
	at org.springframework.web.filter.OncePerRequestFilter.doFilter(OncePerRequestFilter.java:116) ~[spring-web-6.1.4.jar!/:6.1.4]
	at org.springframework.security.web.FilterChainProxy$VirtualFilterChain.doFilter(FilterChainProxy.java:374) ~[spring-security-web-6.2.2.jar!/:6.2.2]
	at org.springframework.security.web.context.SecurityContextHolderFilter.doFilter(SecurityContextHolderFilter.java:82) ~[spring-security-web-6.2.2.jar!/:6.2.2]
	at org.springframework.security.web.context.SecurityContextHolderFilter.doFilter(SecurityContextHolderFilter.java:69) ~[spring-security-web-6.2.2.jar!/:6.2.2]
	at org.springframework.security.web.FilterChainProxy$VirtualFilterChain.doFilter(FilterChainProxy.java:374) ~[spring-security-web-6.2.2.jar!/:6.2.2]
	at org.springframework.security.web.context.request.async.WebAsyncManagerIntegrationFilter.doFilterInternal(WebAsyncManagerIntegrationFilter.java:62) ~[spring-security-web-6.2.2.jar!/:6.2.2]
	at org.springframework.web.filter.OncePerRequestFilter.doFilter(OncePerRequestFilter.java:116) ~[spring-web-6.1.4.jar!/:6.1.4]
	at org.springframework.security.web.FilterChainProxy$VirtualFilterChain.doFilter(FilterChainProxy.java:374) ~[spring-security-web-6.2.2.jar!/:6.2.2]
	at org.springframework.security.web.session.DisableEncodeUrlFilter.doFilterInternal(DisableEncodeUrlFilter.java:42) ~[spring-security-web-6.2.2.jar!/:6.2.2]
	at org.springframework.web.filter.OncePerRequestFilter.doFilter(OncePerRequestFilter.java:116) ~[spring-web-6.1.4.jar!/:6.1.4]
	at org.springframework.security.web.FilterChainProxy$VirtualFilterChain.doFilter(FilterChainProxy.java:374) ~[spring-security-web-6.2.2.jar!/:6.2.2]
	at org.springframework.security.web.FilterChainProxy.doFilterInternal(FilterChainProxy.java:233) ~[spring-security-web-6.2.2.jar!/:6.2.2]
	at org.springframework.security.web.FilterChainProxy.doFilter(FilterChainProxy.java:191) ~[spring-security-web-6.2.2.jar!/:6.2.2]
	at org.springframework.web.filter.CompositeFilter$VirtualFilterChain.doFilter(CompositeFilter.java:113) ~[spring-web-6.1.4.jar!/:6.1.4]
	at org.springframework.web.servlet.handler.HandlerMappingIntrospector.lambda$createCacheFilter$3(HandlerMappingIntrospector.java:195) ~[spring-webmvc-6.1.4.jar!/:6.1.4]
	at org.springframework.web.filter.CompositeFilter$VirtualFilterChain.doFilter(CompositeFilter.java:113) ~[spring-web-6.1.4.jar!/:6.1.4]
	at org.springframework.web.filter.CompositeFilter.doFilter(CompositeFilter.java:74) ~[spring-web-6.1.4.jar!/:6.1.4]
	at org.springframework.security.config.annotation.web.configuration.WebMvcSecurityConfiguration$CompositeFilterChainProxy.doFilter(WebMvcSecurityConfiguration.java:230) ~[spring-security-config-6.2.2.jar!/:6.2.2]
	at org.springframework.web.filter.DelegatingFilterProxy.invokeDelegate(DelegatingFilterProxy.java:352) ~[spring-web-6.1.4.jar!/:6.1.4]
	at org.springframework.web.filter.DelegatingFilterProxy.doFilter(DelegatingFilterProxy.java:268) ~[spring-web-6.1.4.jar!/:6.1.4]
	at org.apache.catalina.core.ApplicationFilterChain.internalDoFilter(ApplicationFilterChain.java:174) ~[tomcat-embed-core-10.1.19.jar!/:na]
	at org.apache.catalina.core.ApplicationFilterChain.doFilter(ApplicationFilterChain.java:149) ~[tomcat-embed-core-10.1.19.jar!/:na]
	at org.springframework.web.filter.RequestContextFilter.doFilterInternal(RequestContextFilter.java:100) ~[spring-web-6.1.4.jar!/:6.1.4]
	at org.springframework.web.filter.OncePerRequestFilter.doFilter(OncePerRequestFilter.java:116) ~[spring-web-6.1.4.jar!/:6.1.4]
	at org.apache.catalina.core.ApplicationFilterChain.internalDoFilter(ApplicationFilterChain.java:174) ~[tomcat-embed-core-10.1.19.jar!/:na]
	at org.apache.catalina.core.ApplicationFilterChain.doFilter(ApplicationFilterChain.java:149) ~[tomcat-embed-core-10.1.19.jar!/:na]
	at org.springframework.web.filter.FormContentFilter.doFilterInternal(FormContentFilter.java:93) ~[spring-web-6.1.4.jar!/:6.1.4]
	at org.springframework.web.filter.OncePerRequestFilter.doFilter(OncePerRequestFilter.java:116) ~[spring-web-6.1.4.jar!/:6.1.4]
	at org.apache.catalina.core.ApplicationFilterChain.internalDoFilter(ApplicationFilterChain.java:174) ~[tomcat-embed-core-10.1.19.jar!/:na]
	at org.apache.catalina.core.ApplicationFilterChain.doFilter(ApplicationFilterChain.java:149) ~[tomcat-embed-core-10.1.19.jar!/:na]
	at org.springframework.web.filter.CharacterEncodingFilter.doFilterInternal(CharacterEncodingFilter.java:201) ~[spring-web-6.1.4.jar!/:6.1.4]
	at org.springframework.web.filter.OncePerRequestFilter.doFilter(OncePerRequestFilter.java:116) ~[spring-web-6.1.4.jar!/:6.1.4]
	at org.apache.catalina.core.ApplicationFilterChain.internalDoFilter(ApplicationFilterChain.java:174) ~[tomcat-embed-core-10.1.19.jar!/:na]
	at org.apache.catalina.core.ApplicationFilterChain.doFilter(ApplicationFilterChain.java:149) ~[tomcat-embed-core-10.1.19.jar!/:na]
	at org.apache.catalina.core.StandardWrapperValve.invoke(StandardWrapperValve.java:167) ~[tomcat-embed-core-10.1.19.jar!/:na]
	at org.apache.catalina.core.StandardContextValve.invoke(StandardContextValve.java:90) ~[tomcat-embed-core-10.1.19.jar!/:na]
	at org.apache.catalina.authenticator.AuthenticatorBase.invoke(AuthenticatorBase.java:482) ~[tomcat-embed-core-10.1.19.jar!/:na]
	at org.apache.catalina.core.StandardHostValve.invoke(StandardHostValve.java:115) ~[tomcat-embed-core-10.1.19.jar!/:na]
	at org.apache.catalina.valves.ErrorReportValve.invoke(ErrorReportValve.java:93) ~[tomcat-embed-core-10.1.19.jar!/:na]
	at org.apache.catalina.core.StandardEngineValve.invoke(StandardEngineValve.java:74) ~[tomcat-embed-core-10.1.19.jar!/:na]
	at org.apache.catalina.connector.CoyoteAdapter.service(CoyoteAdapter.java:344) ~[tomcat-embed-core-10.1.19.jar!/:na]
	at org.apache.coyote.http11.Http11Processor.service(Http11Processor.java:391) ~[tomcat-embed-core-10.1.19.jar!/:na]
	at org.apache.coyote.AbstractProcessorLight.process(AbstractProcessorLight.java:63) ~[tomcat-embed-core-10.1.19.jar!/:na]
	at org.apache.coyote.AbstractProtocol$ConnectionHandler.process(AbstractProtocol.java:896) ~[tomcat-embed-core-10.1.19.jar!/:na]
	at org.apache.tomcat.util.net.NioEndpoint$SocketProcessor.doRun(NioEndpoint.java:1744) ~[tomcat-embed-core-10.1.19.jar!/:na]
	at org.apache.tomcat.util.net.SocketProcessorBase.run(SocketProcessorBase.java:52) ~[tomcat-embed-core-10.1.19.jar!/:na]
	at org.apache.tomcat.util.threads.ThreadPoolExecutor.runWorker(ThreadPoolExecutor.java:1191) ~[tomcat-embed-core-10.1.19.jar!/:na]
	at org.apache.tomcat.util.threads.ThreadPoolExecutor$Worker.run(ThreadPoolExecutor.java:659) ~[tomcat-embed-core-10.1.19.jar!/:na]
	at org.apache.tomcat.util.threads.TaskThread$WrappingRunnable.run(TaskThread.java:63) ~[tomcat-embed-core-10.1.19.jar!/:na]
	at java.base/java.lang.Thread.run(Thread.java:1575) ~[na:na]
Caused by: org.hibernate.exception.JDBCConnectionException: Unable to acquire JDBC Connection [HikariPool-1 - Connection is not available, request timed out after 30002ms.] [n/a]
	at org.hibernate.exception.internal.SQLExceptionTypeDelegate.convert(SQLExceptionTypeDelegate.java:51) ~[hibernate-core-6.4.4.Final.jar!/:6.4.4.Final]
	at org.hibernate.exception.internal.StandardSQLExceptionConverter.convert(StandardSQLExceptionConverter.java:58) ~[hibernate-core-6.4.4.Final.jar!/:6.4.4.Final]
	at org.hibernate.engine.jdbc.spi.SqlExceptionHelper.convert(SqlExceptionHelper.java:108) ~[hibernate-core-6.4.4.Final.jar!/:6.4.4.Final]
	at org.hibernate.engine.jdbc.spi.SqlExceptionHelper.convert(SqlExceptionHelper.java:94) ~[hibernate-core-6.4.4.Final.jar!/:6.4.4.Final]
	at org.hibernate.resource.jdbc.internal.LogicalConnectionManagedImpl.acquireConnectionIfNeeded(LogicalConnectionManagedImpl.java:116) ~[hibernate-core-6.4.4.Final.jar!/:6.4.4.Final]
	at org.hibernate.resource.jdbc.internal.LogicalConnectionManagedImpl.getPhysicalConnection(LogicalConnectionManagedImpl.java:143) ~[hibernate-core-6.4.4.Final.jar!/:6.4.4.Final]
	at org.hibernate.engine.jdbc.internal.StatementPreparerImpl.connection(StatementPreparerImpl.java:54) ~[hibernate-core-6.4.4.Final.jar!/:6.4.4.Final]
	at org.hibernate.engine.jdbc.internal.StatementPreparerImpl$5.doPrepare(StatementPreparerImpl.java:153) ~[hibernate-core-6.4.4.Final.jar!/:6.4.4.Final]
	at org.hibernate.engine.jdbc.internal.StatementPreparerImpl$StatementPreparationTemplate.prepareStatement(StatementPreparerImpl.java:183) ~[hibernate-core-6.4.4.Final.jar!/:6.4.4.Final]
	at org.hibernate.engine.jdbc.internal.StatementPreparerImpl.prepareQueryStatement(StatementPreparerImpl.java:155) ~[hibernate-core-6.4.4.Final.jar!/:6.4.4.Final]
	at org.hibernate.sql.exec.spi.JdbcSelectExecutor.lambda$list$0(JdbcSelectExecutor.java:85) ~[hibernate-core-6.4.4.Final.jar!/:6.4.4.Final]
	at org.hibernate.sql.results.jdbc.internal.DeferredResultSetAccess.executeQuery(DeferredResultSetAccess.java:231) ~[hibernate-core-6.4.4.Final.jar!/:6.4.4.Final]
	at org.hibernate.sql.results.jdbc.internal.DeferredResultSetAccess.getResultSet(DeferredResultSetAccess.java:167) ~[hibernate-core-6.4.4.Final.jar!/:6.4.4.Final]
	at org.hibernate.sql.results.jdbc.internal.JdbcValuesResultSetImpl.advanceNext(JdbcValuesResultSetImpl.java:218) ~[hibernate-core-6.4.4.Final.jar!/:6.4.4.Final]
	at org.hibernate.sql.results.jdbc.internal.JdbcValuesResultSetImpl.processNext(JdbcValuesResultSetImpl.java:98) ~[hibernate-core-6.4.4.Final.jar!/:6.4.4.Final]
	at org.hibernate.sql.results.jdbc.internal.AbstractJdbcValues.next(AbstractJdbcValues.java:19) ~[hibernate-core-6.4.4.Final.jar!/:6.4.4.Final]
	at org.hibernate.sql.results.internal.RowProcessingStateStandardImpl.next(RowProcessingStateStandardImpl.java:66) ~[hibernate-core-6.4.4.Final.jar!/:6.4.4.Final]
	at org.hibernate.sql.results.spi.ListResultsConsumer.consume(ListResultsConsumer.java:202) ~[hibernate-core-6.4.4.Final.jar!/:6.4.4.Final]
	at org.hibernate.sql.results.spi.ListResultsConsumer.consume(ListResultsConsumer.java:33) ~[hibernate-core-6.4.4.Final.jar!/:6.4.4.Final]
	at org.hibernate.sql.exec.internal.JdbcSelectExecutorStandardImpl.doExecuteQuery(JdbcSelectExecutorStandardImpl.java:209) ~[hibernate-core-6.4.4.Final.jar!/:6.4.4.Final]
	at org.hibernate.sql.exec.internal.JdbcSelectExecutorStandardImpl.executeQuery(JdbcSelectExecutorStandardImpl.java:83) ~[hibernate-core-6.4.4.Final.jar!/:6.4.4.Final]
	at org.hibernate.sql.exec.spi.JdbcSelectExecutor.list(JdbcSelectExecutor.java:76) ~[hibernate-core-6.4.4.Final.jar!/:6.4.4.Final]
	at org.hibernate.sql.exec.spi.JdbcSelectExecutor.list(JdbcSelectExecutor.java:65) ~[hibernate-core-6.4.4.Final.jar!/:6.4.4.Final]
	at org.hibernate.query.sqm.internal.ConcreteSqmSelectQueryPlan.lambda$new$2(ConcreteSqmSelectQueryPlan.java:137) ~[hibernate-core-6.4.4.Final.jar!/:6.4.4.Final]
	at org.hibernate.query.sqm.internal.ConcreteSqmSelectQueryPlan.withCacheableSqmInterpretation(ConcreteSqmSelectQueryPlan.java:362) ~[hibernate-core-6.4.4.Final.jar!/:6.4.4.Final]
	at org.hibernate.query.sqm.internal.ConcreteSqmSelectQueryPlan.performList(ConcreteSqmSelectQueryPlan.java:303) ~[hibernate-core-6.4.4.Final.jar!/:6.4.4.Final]
	at org.hibernate.query.sqm.internal.QuerySqmImpl.doList(QuerySqmImpl.java:509) ~[hibernate-core-6.4.4.Final.jar!/:6.4.4.Final]
	at org.hibernate.query.spi.AbstractSelectionQuery.list(AbstractSelectionQuery.java:427) ~[hibernate-core-6.4.4.Final.jar!/:6.4.4.Final]
	at org.hibernate.query.spi.AbstractSelectionQuery.getSingleResult(AbstractSelectionQuery.java:564) ~[hibernate-core-6.4.4.Final.jar!/:6.4.4.Final]
	at java.base/jdk.internal.reflect.DirectMethodHandleAccessor.invoke(DirectMethodHandleAccessor.java:103) ~[na:na]
	at java.base/java.lang.reflect.Method.invoke(Method.java:580) ~[na:na]
	at org.springframework.orm.jpa.SharedEntityManagerCreator$DeferredQueryInvocationHandler.invoke(SharedEntityManagerCreator.java:415) ~[spring-orm-6.1.4.jar!/:6.1.4]
	at jdk.proxy2/jdk.proxy2.$Proxy196.getSingleResult(Unknown Source) ~[na:na]
	at org.springframework.data.jpa.repository.query.JpaQueryExecution$SingleEntityExecution.doExecute(JpaQueryExecution.java:223) ~[spring-data-jpa-3.2.3.jar!/:3.2.3]
	at org.springframework.data.jpa.repository.query.JpaQueryExecution.execute(JpaQueryExecution.java:92) ~[spring-data-jpa-3.2.3.jar!/:3.2.3]
	at org.springframework.data.jpa.repository.query.AbstractJpaQuery.doExecute(AbstractJpaQuery.java:149) ~[spring-data-jpa-3.2.3.jar!/:3.2.3]
	at org.springframework.data.jpa.repository.query.AbstractJpaQuery.execute(AbstractJpaQuery.java:137) ~[spring-data-jpa-3.2.3.jar!/:3.2.3]
	at org.springframework.data.repository.core.support.RepositoryMethodInvoker.doInvoke(RepositoryMethodInvoker.java:170) ~[spring-data-commons-3.2.3.jar!/:3.2.3]
	at org.springframework.data.repository.core.support.RepositoryMethodInvoker.invoke(RepositoryMethodInvoker.java:158) ~[spring-data-commons-3.2.3.jar!/:3.2.3]
	at org.springframework.data.repository.core.support.QueryExecutorMethodInterceptor.doInvoke(QueryExecutorMethodInterceptor.java:164) ~[spring-data-commons-3.2.3.jar!/:3.2.3]
	at org.springframework.data.repository.core.support.QueryExecutorMethodInterceptor.invoke(QueryExecutorMethodInterceptor.java:143) ~[spring-data-commons-3.2.3.jar!/:3.2.3]
	at org.springframework.aop.framework.ReflectiveMethodInvocation.proceed(ReflectiveMethodInvocation.java:184) ~[spring-aop-6.1.4.jar!/:6.1.4]
	at org.springframework.data.projection.DefaultMethodInvokingMethodInterceptor.invoke(DefaultMethodInvokingMethodInterceptor.java:70) ~[spring-data-commons-3.2.3.jar!/:3.2.3]
	at org.springframework.aop.framework.ReflectiveMethodInvocation.proceed(ReflectiveMethodInvocation.java:184) ~[spring-aop-6.1.4.jar!/:6.1.4]
	at org.springframework.transaction.interceptor.TransactionInterceptor$1.proceedWithInvocation(TransactionInterceptor.java:123) ~[spring-tx-6.1.4.jar!/:6.1.4]
	at org.springframework.transaction.interceptor.TransactionAspectSupport.invokeWithinTransaction(TransactionAspectSupport.java:385) ~[spring-tx-6.1.4.jar!/:6.1.4]
	at org.springframework.transaction.interceptor.TransactionInterceptor.invoke(TransactionInterceptor.java:119) ~[spring-tx-6.1.4.jar!/:6.1.4]
	at org.springframework.aop.framework.ReflectiveMethodInvocation.proceed(ReflectiveMethodInvocation.java:184) ~[spring-aop-6.1.4.jar!/:6.1.4]
	at org.springframework.dao.support.PersistenceExceptionTranslationInterceptor.invoke(PersistenceExceptionTranslationInterceptor.java:137) ~[spring-tx-6.1.4.jar!/:6.1.4]
	... 69 common frames omitted
Caused by: java.sql.SQLTransientConnectionException: HikariPool-1 - Connection is not available, request timed out after 30002ms.
	at com.zaxxer.hikari.pool.HikariPool.createTimeoutException(HikariPool.java:696) ~[HikariCP-5.0.1.jar!/:na]
	at com.zaxxer.hikari.pool.HikariPool.getConnection(HikariPool.java:181) ~[HikariCP-5.0.1.jar!/:na]
	at com.zaxxer.hikari.pool.HikariPool.getConnection(HikariPool.java:146) ~[HikariCP-5.0.1.jar!/:na]
	at com.zaxxer.hikari.HikariDataSource.getConnection(HikariDataSource.java:128) ~[HikariCP-5.0.1.jar!/:na]
	at org.hibernate.engine.jdbc.connections.internal.DatasourceConnectionProviderImpl.getConnection(DatasourceConnectionProviderImpl.java:122) ~[hibernate-core-6.4.4.Final.jar!/:6.4.4.Final]
	at org.hibernate.internal.NonContextualJdbcConnectionAccess.obtainConnection(NonContextualJdbcConnectionAccess.java:46) ~[hibernate-core-6.4.4.Final.jar!/:6.4.4.Final]
	at org.hibernate.resource.jdbc.internal.LogicalConnectionManagedImpl.acquireConnectionIfNeeded(LogicalConnectionManagedImpl.java:113) ~[hibernate-core-6.4.4.Final.jar!/:6.4.4.Final]
	... 113 common frames omitted

2026-08-18T01:53:17.813+05:30  WARN 22332 --- [fixmate-backend] [nio-8081-exec-3] o.h.engine.jdbc.spi.SqlExceptionHelper   : SQL Error: 0, SQLState: null
2026-08-18T01:53:17.812+05:30  WARN 22332 --- [fixmate-backend] [nio-8081-exec-8] o.h.engine.jdbc.spi.SqlExceptionHelper   : SQL Error: 0, SQLState: null
2026-08-18T01:53:17.833+05:30  WARN 22332 --- [fixmate-backend] [nio-8081-exec-2] o.h.engine.jdbc.spi.SqlExceptionHelper   : SQL Error: 0, SQLState: null
2026-08-18T01:53:17.833+05:30 ERROR 22332 --- [fixmate-backend] [nio-8081-exec-3] o.h.engine.jdbc.spi.SqlExceptionHelper   : HikariPool-1 - Connection is not available, request timed out after 30009ms.
2026-08-18T01:53:17.834+05:30 ERROR 22332 --- [fixmate-backend] [nio-8081-exec-8] o.h.engine.jdbc.spi.SqlExceptionHelper   : HikariPool-1 - Connection is not available, request timed out after 30007ms.
2026-08-18T01:53:17.835+05:30 ERROR 22332 --- [fixmate-backend] [nio-8081-exec-2] o.h.engine.jdbc.spi.SqlExceptionHelper   : HikariPool-1 - Connection is not available, request timed out after 30005ms.
2026-08-18T01:53:17.839+05:30 ERROR 22332 --- [fixmate-backend] [nio-8081-exec-3] o.a.c.c.C.[.[.[/].[dispatcherServlet]    : Servlet.service() for servlet [dispatcherServlet] in context with path [] threw exception

org.springframework.dao.DataAccessResourceFailureException: Unable to acquire JDBC Connection [HikariPool-1 - Connection is not available, request timed out after 30009ms.] [n/a]
	at org.springframework.orm.jpa.vendor.HibernateJpaDialect.convertHibernateAccessException(HibernateJpaDialect.java:274) ~[spring-orm-6.1.4.jar!/:6.1.4]
	at org.springframework.orm.jpa.vendor.HibernateJpaDialect.translateExceptionIfPossible(HibernateJpaDialect.java:241) ~[spring-orm-6.1.4.jar!/:6.1.4]
	at org.springframework.orm.jpa.AbstractEntityManagerFactoryBean.translateExceptionIfPossible(AbstractEntityManagerFactoryBean.java:550) ~[spring-orm-6.1.4.jar!/:6.1.4]
	at org.springframework.dao.support.ChainedPersistenceExceptionTranslator.translateExceptionIfPossible(ChainedPersistenceExceptionTranslator.java:61) ~[spring-tx-6.1.4.jar!/:6.1.4]
	at org.springframework.dao.support.DataAccessUtils.translateIfNecessary(DataAccessUtils.java:335) ~[spring-tx-6.1.4.jar!/:6.1.4]
	at org.springframework.dao.support.PersistenceExceptionTranslationInterceptor.invoke(PersistenceExceptionTranslationInterceptor.java:152) ~[spring-tx-6.1.4.jar!/:6.1.4]
	at org.springframework.aop.framework.ReflectiveMethodInvocation.proceed(ReflectiveMethodInvocation.java:184) ~[spring-aop-6.1.4.jar!/:6.1.4]
	at org.springframework.data.jpa.repository.support.CrudMethodMetadataPostProcessor$CrudMethodMetadataPopulatingMethodInterceptor.invoke(CrudMethodMetadataPostProcessor.java:135) ~[spring-data-jpa-3.2.3.jar!/:3.2.3]
	at org.springframework.aop.framework.ReflectiveMethodInvocation.proceed(ReflectiveMethodInvocation.java:184) ~[spring-aop-6.1.4.jar!/:6.1.4]
	at org.springframework.aop.interceptor.ExposeInvocationInterceptor.invoke(ExposeInvocationInterceptor.java:97) ~[spring-aop-6.1.4.jar!/:6.1.4]
	at org.springframework.aop.framework.ReflectiveMethodInvocation.proceed(ReflectiveMethodInvocation.java:184) ~[spring-aop-6.1.4.jar!/:6.1.4]
	at org.springframework.aop.framework.JdkDynamicAopProxy.invoke(JdkDynamicAopProxy.java:220) ~[spring-aop-6.1.4.jar!/:6.1.4]
	at jdk.proxy2/jdk.proxy2.$Proxy142.findByEmail(Unknown Source) ~[na:na]
	at com.fixmate.config.ApplicationConfig.lambda$userDetailsService$1(ApplicationConfig.java:24) ~[!/:0.0.1-SNAPSHOT]
	at com.fixmate.config.JwtAuthenticationFilter.doFilterInternal(JwtAuthenticationFilter.java:46) ~[!/:0.0.1-SNAPSHOT]
	at org.springframework.web.filter.OncePerRequestFilter.doFilter(OncePerRequestFilter.java:116) ~[spring-web-6.1.4.jar!/:6.1.4]
	at org.springframework.security.web.FilterChainProxy$VirtualFilterChain.doFilter(FilterChainProxy.java:374) ~[spring-security-web-6.2.2.jar!/:6.2.2]
	at org.springframework.security.web.authentication.logout.LogoutFilter.doFilter(LogoutFilter.java:107) ~[spring-security-web-6.2.2.jar!/:6.2.2]
	at org.springframework.security.web.authentication.logout.LogoutFilter.doFilter(LogoutFilter.java:93) ~[spring-security-web-6.2.2.jar!/:6.2.2]
	at org.springframework.security.web.FilterChainProxy$VirtualFilterChain.doFilter(FilterChainProxy.java:374) ~[spring-security-web-6.2.2.jar!/:6.2.2]
	at org.springframework.web.filter.CorsFilter.doFilterInternal(CorsFilter.java:91) ~[spring-web-6.1.4.jar!/:6.1.4]
	at org.springframework.web.filter.OncePerRequestFilter.doFilter(OncePerRequestFilter.java:116) ~[spring-web-6.1.4.jar!/:6.1.4]
	at org.springframework.security.web.FilterChainProxy$VirtualFilterChain.doFilter(FilterChainProxy.java:374) ~[spring-security-web-6.2.2.jar!/:6.2.2]
	at org.springframework.security.web.header.HeaderWriterFilter.doHeadersAfter(HeaderWriterFilter.java:90) ~[spring-security-web-6.2.2.jar!/:6.2.2]
	at org.springframework.security.web.header.HeaderWriterFilter.doFilterInternal(HeaderWriterFilter.java:75) ~[spring-security-web-6.2.2.jar!/:6.2.2]
	at org.springframework.web.filter.OncePerRequestFilter.doFilter(OncePerRequestFilter.java:116) ~[spring-web-6.1.4.jar!/:6.1.4]
	at org.springframework.security.web.FilterChainProxy$VirtualFilterChain.doFilter(FilterChainProxy.java:374) ~[spring-security-web-6.2.2.jar!/:6.2.2]
	at org.springframework.security.web.context.SecurityContextHolderFilter.doFilter(SecurityContextHolderFilter.java:82) ~[spring-security-web-6.2.2.jar!/:6.2.2]
	at org.springframework.security.web.context.SecurityContextHolderFilter.doFilter(SecurityContextHolderFilter.java:69) ~[spring-security-web-6.2.2.jar!/:6.2.2]
	at org.springframework.security.web.FilterChainProxy$VirtualFilterChain.doFilter(FilterChainProxy.java:374) ~[spring-security-web-6.2.2.jar!/:6.2.2]
	at org.springframework.security.web.context.request.async.WebAsyncManagerIntegrationFilter.doFilterInternal(WebAsyncManagerIntegrationFilter.java:62) ~[spring-security-web-6.2.2.jar!/:6.2.2]
	at org.springframework.web.filter.OncePerRequestFilter.doFilter(OncePerRequestFilter.java:116) ~[spring-web-6.1.4.jar!/:6.1.4]
	at org.springframework.security.web.FilterChainProxy$VirtualFilterChain.doFilter(FilterChainProxy.java:374) ~[spring-security-web-6.2.2.jar!/:6.2.2]
	at org.springframework.security.web.session.DisableEncodeUrlFilter.doFilterInternal(DisableEncodeUrlFilter.java:42) ~[spring-security-web-6.2.2.jar!/:6.2.2]
	at org.springframework.web.filter.OncePerRequestFilter.doFilter(OncePerRequestFilter.java:116) ~[spring-web-6.1.4.jar!/:6.1.4]
	at org.springframework.security.web.FilterChainProxy$VirtualFilterChain.doFilter(FilterChainProxy.java:374) ~[spring-security-web-6.2.2.jar!/:6.2.2]
	at org.springframework.security.web.FilterChainProxy.doFilterInternal(FilterChainProxy.java:233) ~[spring-security-web-6.2.2.jar!/:6.2.2]
	at org.springframework.security.web.FilterChainProxy.doFilter(FilterChainProxy.java:191) ~[spring-security-web-6.2.2.jar!/:6.2.2]
	at org.springframework.web.filter.CompositeFilter$VirtualFilterChain.doFilter(CompositeFilter.java:113) ~[spring-web-6.1.4.jar!/:6.1.4]
	at org.springframework.web.servlet.handler.HandlerMappingIntrospector.lambda$createCacheFilter$3(HandlerMappingIntrospector.java:195) ~[spring-webmvc-6.1.4.jar!/:6.1.4]
	at org.springframework.web.filter.CompositeFilter$VirtualFilterChain.doFilter(CompositeFilter.java:113) ~[spring-web-6.1.4.jar!/:6.1.4]
	at org.springframework.web.filter.CompositeFilter.doFilter(CompositeFilter.java:74) ~[spring-web-6.1.4.jar!/:6.1.4]
	at org.springframework.security.config.annotation.web.configuration.WebMvcSecurityConfiguration$CompositeFilterChainProxy.doFilter(WebMvcSecurityConfiguration.java:230) ~[spring-security-config-6.2.2.jar!/:6.2.2]
	at org.springframework.web.filter.DelegatingFilterProxy.invokeDelegate(DelegatingFilterProxy.java:352) ~[spring-web-6.1.4.jar!/:6.1.4]
	at org.springframework.web.filter.DelegatingFilterProxy.doFilter(DelegatingFilterProxy.java:268) ~[spring-web-6.1.4.jar!/:6.1.4]
	at org.apache.catalina.core.ApplicationFilterChain.internalDoFilter(ApplicationFilterChain.java:174) ~[tomcat-embed-core-10.1.19.jar!/:na]
	at org.apache.catalina.core.ApplicationFilterChain.doFilter(ApplicationFilterChain.java:149) ~[tomcat-embed-core-10.1.19.jar!/:na]
	at org.springframework.web.filter.RequestContextFilter.doFilterInternal(RequestContextFilter.java:100) ~[spring-web-6.1.4.jar!/:6.1.4]
	at org.springframework.web.filter.OncePerRequestFilter.doFilter(OncePerRequestFilter.java:116) ~[spring-web-6.1.4.jar!/:6.1.4]
	at org.apache.catalina.core.ApplicationFilterChain.internalDoFilter(ApplicationFilterChain.java:174) ~[tomcat-embed-core-10.1.19.jar!/:na]
	at org.apache.catalina.core.ApplicationFilterChain.doFilter(ApplicationFilterChain.java:149) ~[tomcat-embed-core-10.1.19.jar!/:na]
	at org.springframework.web.filter.FormContentFilter.doFilterInternal(FormContentFilter.java:93) ~[spring-web-6.1.4.jar!/:6.1.4]
	at org.springframework.web.filter.OncePerRequestFilter.doFilter(OncePerRequestFilter.java:116) ~[spring-web-6.1.4.jar!/:6.1.4]
	at org.apache.catalina.core.ApplicationFilterChain.internalDoFilter(ApplicationFilterChain.java:174) ~[tomcat-embed-core-10.1.19.jar!/:na]
	at org.apache.catalina.core.ApplicationFilterChain.doFilter(ApplicationFilterChain.java:149) ~[tomcat-embed-core-10.1.19.jar!/:na]
	at org.springframework.web.filter.CharacterEncodingFilter.doFilterInternal(CharacterEncodingFilter.java:201) ~[spring-web-6.1.4.jar!/:6.1.4]
	at org.springframework.web.filter.OncePerRequestFilter.doFilter(OncePerRequestFilter.java:116) ~[spring-web-6.1.4.jar!/:6.1.4]
	at org.apache.catalina.core.ApplicationFilterChain.internalDoFilter(ApplicationFilterChain.java:174) ~[tomcat-embed-core-10.1.19.jar!/:na]
	at org.apache.catalina.core.ApplicationFilterChain.doFilter(ApplicationFilterChain.java:149) ~[tomcat-embed-core-10.1.19.jar!/:na]
	at org.apache.catalina.core.StandardWrapperValve.invoke(StandardWrapperValve.java:167) ~[tomcat-embed-core-10.1.19.jar!/:na]
	at org.apache.catalina.core.StandardContextValve.invoke(StandardContextValve.java:90) ~[tomcat-embed-core-10.1.19.jar!/:na]
	at org.apache.catalina.authenticator.AuthenticatorBase.invoke(AuthenticatorBase.java:482) ~[tomcat-embed-core-10.1.19.jar!/:na]
	at org.apache.catalina.core.StandardHostValve.invoke(StandardHostValve.java:115) ~[tomcat-embed-core-10.1.19.jar!/:na]
	at org.apache.catalina.valves.ErrorReportValve.invoke(ErrorReportValve.java:93) ~[tomcat-embed-core-10.1.19.jar!/:na]
	at org.apache.catalina.core.StandardEngineValve.invoke(StandardEngineValve.java:74) ~[tomcat-embed-core-10.1.19.jar!/:na]
	at org.apache.catalina.connector.CoyoteAdapter.service(CoyoteAdapter.java:344) ~[tomcat-embed-core-10.1.19.jar!/:na]
	at org.apache.coyote.http11.Http11Processor.service(Http11Processor.java:391) ~[tomcat-embed-core-10.1.19.jar!/:na]
	at org.apache.coyote.AbstractProcessorLight.process(AbstractProcessorLight.java:63) ~[tomcat-embed-core-10.1.19.jar!/:na]
	at org.apache.coyote.AbstractProtocol$ConnectionHandler.process(AbstractProtocol.java:896) ~[tomcat-embed-core-10.1.19.jar!/:na]
	at org.apache.tomcat.util.net.NioEndpoint$SocketProcessor.doRun(NioEndpoint.java:1744) ~[tomcat-embed-core-10.1.19.jar!/:na]
	at org.apache.tomcat.util.net.SocketProcessorBase.run(SocketProcessorBase.java:52) ~[tomcat-embed-core-10.1.19.jar!/:na]
	at org.apache.tomcat.util.threads.ThreadPoolExecutor.runWorker(ThreadPoolExecutor.java:1191) ~[tomcat-embed-core-10.1.19.jar!/:na]
	at org.apache.tomcat.util.threads.ThreadPoolExecutor$Worker.run(ThreadPoolExecutor.java:659) ~[tomcat-embed-core-10.1.19.jar!/:na]
	at org.apache.tomcat.util.threads.TaskThread$WrappingRunnable.run(TaskThread.java:63) ~[tomcat-embed-core-10.1.19.jar!/:na]
	at java.base/java.lang.Thread.run(Thread.java:1575) ~[na:na]
Caused by: org.hibernate.exception.JDBCConnectionException: Unable to acquire JDBC Connection [HikariPool-1 - Connection is not available, request timed out after 30009ms.] [n/a]
	at org.hibernate.exception.internal.SQLExceptionTypeDelegate.convert(SQLExceptionTypeDelegate.java:51) ~[hibernate-core-6.4.4.Final.jar!/:6.4.4.Final]
	at org.hibernate.exception.internal.StandardSQLExceptionConverter.convert(StandardSQLExceptionConverter.java:58) ~[hibernate-core-6.4.4.Final.jar!/:6.4.4.Final]
	at org.hibernate.engine.jdbc.spi.SqlExceptionHelper.convert(SqlExceptionHelper.java:108) ~[hibernate-core-6.4.4.Final.jar!/:6.4.4.Final]
	at org.hibernate.engine.jdbc.spi.SqlExceptionHelper.convert(SqlExceptionHelper.java:94) ~[hibernate-core-6.4.4.Final.jar!/:6.4.4.Final]
	at org.hibernate.resource.jdbc.internal.LogicalConnectionManagedImpl.acquireConnectionIfNeeded(LogicalConnectionManagedImpl.java:116) ~[hibernate-core-6.4.4.Final.jar!/:6.4.4.Final]
	at org.hibernate.resource.jdbc.internal.LogicalConnectionManagedImpl.getPhysicalConnection(LogicalConnectionManagedImpl.java:143) ~[hibernate-core-6.4.4.Final.jar!/:6.4.4.Final]
	at org.hibernate.engine.jdbc.internal.StatementPreparerImpl.connection(StatementPreparerImpl.java:54) ~[hibernate-core-6.4.4.Final.jar!/:6.4.4.Final]
	at org.hibernate.engine.jdbc.internal.StatementPreparerImpl$5.doPrepare(StatementPreparerImpl.java:153) ~[hibernate-core-6.4.4.Final.jar!/:6.4.4.Final]
	at org.hibernate.engine.jdbc.internal.StatementPreparerImpl$StatementPreparationTemplate.prepareStatement(StatementPreparerImpl.java:183) ~[hibernate-core-6.4.4.Final.jar!/:6.4.4.Final]
	at org.hibernate.engine.jdbc.internal.StatementPreparerImpl.prepareQueryStatement(StatementPreparerImpl.java:155) ~[hibernate-core-6.4.4.Final.jar!/:6.4.4.Final]
	at org.hibernate.sql.exec.spi.JdbcSelectExecutor.lambda$list$0(JdbcSelectExecutor.java:85) ~[hibernate-core-6.4.4.Final.jar!/:6.4.4.Final]
	at org.hibernate.sql.results.jdbc.internal.DeferredResultSetAccess.executeQuery(DeferredResultSetAccess.java:231) ~[hibernate-core-6.4.4.Final.jar!/:6.4.4.Final]
	at org.hibernate.sql.results.jdbc.internal.DeferredResultSetAccess.getResultSet(DeferredResultSetAccess.java:167) ~[hibernate-core-6.4.4.Final.jar!/:6.4.4.Final]
	at org.hibernate.sql.results.jdbc.internal.JdbcValuesResultSetImpl.advanceNext(JdbcValuesResultSetImpl.java:218) ~[hibernate-core-6.4.4.Final.jar!/:6.4.4.Final]
	at org.hibernate.sql.results.jdbc.internal.JdbcValuesResultSetImpl.processNext(JdbcValuesResultSetImpl.java:98) ~[hibernate-core-6.4.4.Final.jar!/:6.4.4.Final]
	at org.hibernate.sql.results.jdbc.internal.AbstractJdbcValues.next(AbstractJdbcValues.java:19) ~[hibernate-core-6.4.4.Final.jar!/:6.4.4.Final]
	at org.hibernate.sql.results.internal.RowProcessingStateStandardImpl.next(RowProcessingStateStandardImpl.java:66) ~[hibernate-core-6.4.4.Final.jar!/:6.4.4.Final]
	at org.hibernate.sql.results.spi.ListResultsConsumer.consume(ListResultsConsumer.java:202) ~[hibernate-core-6.4.4.Final.jar!/:6.4.4.Final]
	at org.hibernate.sql.results.spi.ListResultsConsumer.consume(ListResultsConsumer.java:33) ~[hibernate-core-6.4.4.Final.jar!/:6.4.4.Final]
	at org.hibernate.sql.exec.internal.JdbcSelectExecutorStandardImpl.doExecuteQuery(JdbcSelectExecutorStandardImpl.java:209) ~[hibernate-core-6.4.4.Final.jar!/:6.4.4.Final]
	at org.hibernate.sql.exec.internal.JdbcSelectExecutorStandardImpl.executeQuery(JdbcSelectExecutorStandardImpl.java:83) ~[hibernate-core-6.4.4.Final.jar!/:6.4.4.Final]
	at org.hibernate.sql.exec.spi.JdbcSelectExecutor.list(JdbcSelectExecutor.java:76) ~[hibernate-core-6.4.4.Final.jar!/:6.4.4.Final]
	at org.hibernate.sql.exec.spi.JdbcSelectExecutor.list(JdbcSelectExecutor.java:65) ~[hibernate-core-6.4.4.Final.jar!/:6.4.4.Final]
	at org.hibernate.query.sqm.internal.ConcreteSqmSelectQueryPlan.lambda$new$2(ConcreteSqmSelectQueryPlan.java:137) ~[hibernate-core-6.4.4.Final.jar!/:6.4.4.Final]
	at org.hibernate.query.sqm.internal.ConcreteSqmSelectQueryPlan.withCacheableSqmInterpretation(ConcreteSqmSelectQueryPlan.java:362) ~[hibernate-core-6.4.4.Final.jar!/:6.4.4.Final]
	at org.hibernate.query.sqm.internal.ConcreteSqmSelectQueryPlan.performList(ConcreteSqmSelectQueryPlan.java:303) ~[hibernate-core-6.4.4.Final.jar!/:6.4.4.Final]
	at org.hibernate.query.sqm.internal.QuerySqmImpl.doList(QuerySqmImpl.java:509) ~[hibernate-core-6.4.4.Final.jar!/:6.4.4.Final]
	at org.hibernate.query.spi.AbstractSelectionQuery.list(AbstractSelectionQuery.java:427) ~[hibernate-core-6.4.4.Final.jar!/:6.4.4.Final]
	at org.hibernate.query.spi.AbstractSelectionQuery.getSingleResult(AbstractSelectionQuery.java:564) ~[hibernate-core-6.4.4.Final.jar!/:6.4.4.Final]
	at java.base/jdk.internal.reflect.DirectMethodHandleAccessor.invoke(DirectMethodHandleAccessor.java:103) ~[na:na]
	at java.base/java.lang.reflect.Method.invoke(Method.java:580) ~[na:na]
	at org.springframework.orm.jpa.SharedEntityManagerCreator$DeferredQueryInvocationHandler.invoke(SharedEntityManagerCreator.java:415) ~[spring-orm-6.1.4.jar!/:6.1.4]
	at jdk.proxy2/jdk.proxy2.$Proxy196.getSingleResult(Unknown Source) ~[na:na]
	at org.springframework.data.jpa.repository.query.JpaQueryExecution$SingleEntityExecution.doExecute(JpaQueryExecution.java:223) ~[spring-data-jpa-3.2.3.jar!/:3.2.3]
	at org.springframework.data.jpa.repository.query.JpaQueryExecution.execute(JpaQueryExecution.java:92) ~[spring-data-jpa-3.2.3.jar!/:3.2.3]
	at org.springframework.data.jpa.repository.query.AbstractJpaQuery.doExecute(AbstractJpaQuery.java:149) ~[spring-data-jpa-3.2.3.jar!/:3.2.3]
	at org.springframework.data.jpa.repository.query.AbstractJpaQuery.execute(AbstractJpaQuery.java:137) ~[spring-data-jpa-3.2.3.jar!/:3.2.3]
	at org.springframework.data.repository.core.support.RepositoryMethodInvoker.doInvoke(RepositoryMethodInvoker.java:170) ~[spring-data-commons-3.2.3.jar!/:3.2.3]
	at org.springframework.data.repository.core.support.RepositoryMethodInvoker.invoke(RepositoryMethodInvoker.java:158) ~[spring-data-commons-3.2.3.jar!/:3.2.3]
	at org.springframework.data.repository.core.support.QueryExecutorMethodInterceptor.doInvoke(QueryExecutorMethodInterceptor.java:164) ~[spring-data-commons-3.2.3.jar!/:3.2.3]
	at org.springframework.data.repository.core.support.QueryExecutorMethodInterceptor.invoke(QueryExecutorMethodInterceptor.java:143) ~[spring-data-commons-3.2.3.jar!/:3.2.3]
	at org.springframework.aop.framework.ReflectiveMethodInvocation.proceed(ReflectiveMethodInvocation.java:184) ~[spring-aop-6.1.4.jar!/:6.1.4]
	at org.springframework.data.projection.DefaultMethodInvokingMethodInterceptor.invoke(DefaultMethodInvokingMethodInterceptor.java:70) ~[spring-data-commons-3.2.3.jar!/:3.2.3]
	at org.springframework.aop.framework.ReflectiveMethodInvocation.proceed(ReflectiveMethodInvocation.java:184) ~[spring-aop-6.1.4.jar!/:6.1.4]
	at org.springframework.transaction.interceptor.TransactionInterceptor$1.proceedWithInvocation(TransactionInterceptor.java:123) ~[spring-tx-6.1.4.jar!/:6.1.4]
	at org.springframework.transaction.interceptor.TransactionAspectSupport.invokeWithinTransaction(TransactionAspectSupport.java:385) ~[spring-tx-6.1.4.jar!/:6.1.4]
	at org.springframework.transaction.interceptor.TransactionInterceptor.invoke(TransactionInterceptor.java:119) ~[spring-tx-6.1.4.jar!/:6.1.4]
	at org.springframework.aop.framework.ReflectiveMethodInvocation.proceed(ReflectiveMethodInvocation.java:184) ~[spring-aop-6.1.4.jar!/:6.1.4]
	at org.springframework.dao.support.PersistenceExceptionTranslationInterceptor.invoke(PersistenceExceptionTranslationInterceptor.java:137) ~[spring-tx-6.1.4.jar!/:6.1.4]
	... 69 common frames omitted
Caused by: java.sql.SQLTransientConnectionException: HikariPool-1 - Connection is not available, request timed out after 30009ms.
	at com.zaxxer.hikari.pool.HikariPool.createTimeoutException(HikariPool.java:696) ~[HikariCP-5.0.1.jar!/:na]
	at com.zaxxer.hikari.pool.HikariPool.getConnection(HikariPool.java:181) ~[HikariCP-5.0.1.jar!/:na]
	at com.zaxxer.hikari.pool.HikariPool.getConnection(HikariPool.java:146) ~[HikariCP-5.0.1.jar!/:na]
	at com.zaxxer.hikari.HikariDataSource.getConnection(HikariDataSource.java:128) ~[HikariCP-5.0.1.jar!/:na]
	at org.hibernate.engine.jdbc.connections.internal.DatasourceConnectionProviderImpl.getConnection(DatasourceConnectionProviderImpl.java:122) ~[hibernate-core-6.4.4.Final.jar!/:6.4.4.Final]
	at org.hibernate.internal.NonContextualJdbcConnectionAccess.obtainConnection(NonContextualJdbcConnectionAccess.java:46) ~[hibernate-core-6.4.4.Final.jar!/:6.4.4.Final]
	at org.hibernate.resource.jdbc.internal.LogicalConnectionManagedImpl.acquireConnectionIfNeeded(LogicalConnectionManagedImpl.java:113) ~[hibernate-core-6.4.4.Final.jar!/:6.4.4.Final]
	... 113 common frames omitted

2026-08-18T01:53:17.839+05:30 ERROR 22332 --- [fixmate-backend] [nio-8081-exec-8] o.a.c.c.C.[.[.[/].[dispatcherServlet]    : Servlet.service() for servlet [dispatcherServlet] in context with path [] threw exception

org.springframework.dao.DataAccessResourceFailureException: Unable to acquire JDBC Connection [HikariPool-1 - Connection is not available, request timed out after 30007ms.] [n/a]
	at org.springframework.orm.jpa.vendor.HibernateJpaDialect.convertHibernateAccessException(HibernateJpaDialect.java:274) ~[spring-orm-6.1.4.jar!/:6.1.4]
	at org.springframework.orm.jpa.vendor.HibernateJpaDialect.translateExceptionIfPossible(HibernateJpaDialect.java:241) ~[spring-orm-6.1.4.jar!/:6.1.4]
	at org.springframework.orm.jpa.AbstractEntityManagerFactoryBean.translateExceptionIfPossible(AbstractEntityManagerFactoryBean.java:550) ~[spring-orm-6.1.4.jar!/:6.1.4]
	at org.springframework.dao.support.ChainedPersistenceExceptionTranslator.translateExceptionIfPossible(ChainedPersistenceExceptionTranslator.java:61) ~[spring-tx-6.1.4.jar!/:6.1.4]
	at org.springframework.dao.support.DataAccessUtils.translateIfNecessary(DataAccessUtils.java:335) ~[spring-tx-6.1.4.jar!/:6.1.4]
	at org.springframework.dao.support.PersistenceExceptionTranslationInterceptor.invoke(PersistenceExceptionTranslationInterceptor.java:152) ~[spring-tx-6.1.4.jar!/:6.1.4]
	at org.springframework.aop.framework.ReflectiveMethodInvocation.proceed(ReflectiveMethodInvocation.java:184) ~[spring-aop-6.1.4.jar!/:6.1.4]
	at org.springframework.data.jpa.repository.support.CrudMethodMetadataPostProcessor$CrudMethodMetadataPopulatingMethodInterceptor.invoke(CrudMethodMetadataPostProcessor.java:135) ~[spring-data-jpa-3.2.3.jar!/:3.2.3]
	at org.springframework.aop.framework.ReflectiveMethodInvocation.proceed(ReflectiveMethodInvocation.java:184) ~[spring-aop-6.1.4.jar!/:6.1.4]
	at org.springframework.aop.interceptor.ExposeInvocationInterceptor.invoke(ExposeInvocationInterceptor.java:97) ~[spring-aop-6.1.4.jar!/:6.1.4]
	at org.springframework.aop.framework.ReflectiveMethodInvocation.proceed(ReflectiveMethodInvocation.java:184) ~[spring-aop-6.1.4.jar!/:6.1.4]
	at org.springframework.aop.framework.JdkDynamicAopProxy.invoke(JdkDynamicAopProxy.java:220) ~[spring-aop-6.1.4.jar!/:6.1.4]
	at jdk.proxy2/jdk.proxy2.$Proxy142.findByEmail(Unknown Source) ~[na:na]
	at com.fixmate.config.ApplicationConfig.lambda$userDetailsService$1(ApplicationConfig.java:24) ~[!/:0.0.1-SNAPSHOT]
	at com.fixmate.config.JwtAuthenticationFilter.doFilterInternal(JwtAuthenticationFilter.java:46) ~[!/:0.0.1-SNAPSHOT]
	at org.springframework.web.filter.OncePerRequestFilter.doFilter(OncePerRequestFilter.java:116) ~[spring-web-6.1.4.jar!/:6.1.4]
	at org.springframework.security.web.FilterChainProxy$VirtualFilterChain.doFilter(FilterChainProxy.java:374) ~[spring-security-web-6.2.2.jar!/:6.2.2]
	at org.springframework.security.web.authentication.logout.LogoutFilter.doFilter(LogoutFilter.java:107) ~[spring-security-web-6.2.2.jar!/:6.2.2]
	at org.springframework.security.web.authentication.logout.LogoutFilter.doFilter(LogoutFilter.java:93) ~[spring-security-web-6.2.2.jar!/:6.2.2]
	at org.springframework.security.web.FilterChainProxy$VirtualFilterChain.doFilter(FilterChainProxy.java:374) ~[spring-security-web-6.2.2.jar!/:6.2.2]
	at org.springframework.web.filter.CorsFilter.doFilterInternal(CorsFilter.java:91) ~[spring-web-6.1.4.jar!/:6.1.4]
	at org.springframework.web.filter.OncePerRequestFilter.doFilter(OncePerRequestFilter.java:116) ~[spring-web-6.1.4.jar!/:6.1.4]
	at org.springframework.security.web.FilterChainProxy$VirtualFilterChain.doFilter(FilterChainProxy.java:374) ~[spring-security-web-6.2.2.jar!/:6.2.2]
	at org.springframework.security.web.header.HeaderWriterFilter.doHeadersAfter(HeaderWriterFilter.java:90) ~[spring-security-web-6.2.2.jar!/:6.2.2]
	at org.springframework.security.web.header.HeaderWriterFilter.doFilterInternal(HeaderWriterFilter.java:75) ~[spring-security-web-6.2.2.jar!/:6.2.2]
	at org.springframework.web.filter.OncePerRequestFilter.doFilter(OncePerRequestFilter.java:116) ~[spring-web-6.1.4.jar!/:6.1.4]
	at org.springframework.security.web.FilterChainProxy$VirtualFilterChain.doFilter(FilterChainProxy.java:374) ~[spring-security-web-6.2.2.jar!/:6.2.2]
	at org.springframework.security.web.context.SecurityContextHolderFilter.doFilter(SecurityContextHolderFilter.java:82) ~[spring-security-web-6.2.2.jar!/:6.2.2]
	at org.springframework.security.web.context.SecurityContextHolderFilter.doFilter(SecurityContextHolderFilter.java:69) ~[spring-security-web-6.2.2.jar!/:6.2.2]
	at org.springframework.security.web.FilterChainProxy$VirtualFilterChain.doFilter(FilterChainProxy.java:374) ~[spring-security-web-6.2.2.jar!/:6.2.2]
	at org.springframework.security.web.context.request.async.WebAsyncManagerIntegrationFilter.doFilterInternal(WebAsyncManagerIntegrationFilter.java:62) ~[spring-security-web-6.2.2.jar!/:6.2.2]
	at org.springframework.web.filter.OncePerRequestFilter.doFilter(OncePerRequestFilter.java:116) ~[spring-web-6.1.4.jar!/:6.1.4]
	at org.springframework.security.web.FilterChainProxy$VirtualFilterChain.doFilter(FilterChainProxy.java:374) ~[spring-security-web-6.2.2.jar!/:6.2.2]
	at org.springframework.security.web.session.DisableEncodeUrlFilter.doFilterInternal(DisableEncodeUrlFilter.java:42) ~[spring-security-web-6.2.2.jar!/:6.2.2]
	at org.springframework.web.filter.OncePerRequestFilter.doFilter(OncePerRequestFilter.java:116) ~[spring-web-6.1.4.jar!/:6.1.4]
	at org.springframework.security.web.FilterChainProxy$VirtualFilterChain.doFilter(FilterChainProxy.java:374) ~[spring-security-web-6.2.2.jar!/:6.2.2]
	at org.springframework.security.web.FilterChainProxy.doFilterInternal(FilterChainProxy.java:233) ~[spring-security-web-6.2.2.jar!/:6.2.2]
	at org.springframework.security.web.FilterChainProxy.doFilter(FilterChainProxy.java:191) ~[spring-security-web-6.2.2.jar!/:6.2.2]
	at org.springframework.web.filter.CompositeFilter$VirtualFilterChain.doFilter(CompositeFilter.java:113) ~[spring-web-6.1.4.jar!/:6.1.4]
	at org.springframework.web.servlet.handler.HandlerMappingIntrospector.lambda$createCacheFilter$3(HandlerMappingIntrospector.java:195) ~[spring-webmvc-6.1.4.jar!/:6.1.4]
	at org.springframework.web.filter.CompositeFilter$VirtualFilterChain.doFilter(CompositeFilter.java:113) ~[spring-web-6.1.4.jar!/:6.1.4]
	at org.springframework.web.filter.CompositeFilter.doFilter(CompositeFilter.java:74) ~[spring-web-6.1.4.jar!/:6.1.4]
	at org.springframework.security.config.annotation.web.configuration.WebMvcSecurityConfiguration$CompositeFilterChainProxy.doFilter(WebMvcSecurityConfiguration.java:230) ~[spring-security-config-6.2.2.jar!/:6.2.2]
	at org.springframework.web.filter.DelegatingFilterProxy.invokeDelegate(DelegatingFilterProxy.java:352) ~[spring-web-6.1.4.jar!/:6.1.4]
	at org.springframework.web.filter.DelegatingFilterProxy.doFilter(DelegatingFilterProxy.java:268) ~[spring-web-6.1.4.jar!/:6.1.4]
	at org.apache.catalina.core.ApplicationFilterChain.internalDoFilter(ApplicationFilterChain.java:174) ~[tomcat-embed-core-10.1.19.jar!/:na]
	at org.apache.catalina.core.ApplicationFilterChain.doFilter(ApplicationFilterChain.java:149) ~[tomcat-embed-core-10.1.19.jar!/:na]
	at org.springframework.web.filter.RequestContextFilter.doFilterInternal(RequestContextFilter.java:100) ~[spring-web-6.1.4.jar!/:6.1.4]
	at org.springframework.web.filter.OncePerRequestFilter.doFilter(OncePerRequestFilter.java:116) ~[spring-web-6.1.4.jar!/:6.1.4]
	at org.apache.catalina.core.ApplicationFilterChain.internalDoFilter(ApplicationFilterChain.java:174) ~[tomcat-embed-core-10.1.19.jar!/:na]
	at org.apache.catalina.core.ApplicationFilterChain.doFilter(ApplicationFilterChain.java:149) ~[tomcat-embed-core-10.1.19.jar!/:na]
	at org.springframework.web.filter.FormContentFilter.doFilterInternal(FormContentFilter.java:93) ~[spring-web-6.1.4.jar!/:6.1.4]
	at org.springframework.web.filter.OncePerRequestFilter.doFilter(OncePerRequestFilter.java:116) ~[spring-web-6.1.4.jar!/:6.1.4]
	at org.apache.catalina.core.ApplicationFilterChain.internalDoFilter(ApplicationFilterChain.java:174) ~[tomcat-embed-core-10.1.19.jar!/:na]
	at org.apache.catalina.core.ApplicationFilterChain.doFilter(ApplicationFilterChain.java:149) ~[tomcat-embed-core-10.1.19.jar!/:na]
	at org.springframework.web.filter.CharacterEncodingFilter.doFilterInternal(CharacterEncodingFilter.java:201) ~[spring-web-6.1.4.jar!/:6.1.4]
	at org.springframework.web.filter.OncePerRequestFilter.doFilter(OncePerRequestFilter.java:116) ~[spring-web-6.1.4.jar!/:6.1.4]
	at org.apache.catalina.core.ApplicationFilterChain.internalDoFilter(ApplicationFilterChain.java:174) ~[tomcat-embed-core-10.1.19.jar!/:na]
	at org.apache.catalina.core.ApplicationFilterChain.doFilter(ApplicationFilterChain.java:149) ~[tomcat-embed-core-10.1.19.jar!/:na]
	at org.apache.catalina.core.StandardWrapperValve.invoke(StandardWrapperValve.java:167) ~[tomcat-embed-core-10.1.19.jar!/:na]
	at org.apache.catalina.core.StandardContextValve.invoke(StandardContextValve.java:90) ~[tomcat-embed-core-10.1.19.jar!/:na]
	at org.apache.catalina.authenticator.AuthenticatorBase.invoke(AuthenticatorBase.java:482) ~[tomcat-embed-core-10.1.19.jar!/:na]
	at org.apache.catalina.core.StandardHostValve.invoke(StandardHostValve.java:115) ~[tomcat-embed-core-10.1.19.jar!/:na]
	at org.apache.catalina.valves.ErrorReportValve.invoke(ErrorReportValve.java:93) ~[tomcat-embed-core-10.1.19.jar!/:na]
	at org.apache.catalina.core.StandardEngineValve.invoke(StandardEngineValve.java:74) ~[tomcat-embed-core-10.1.19.jar!/:na]
	at org.apache.catalina.connector.CoyoteAdapter.service(CoyoteAdapter.java:344) ~[tomcat-embed-core-10.1.19.jar!/:na]
	at org.apache.coyote.http11.Http11Processor.service(Http11Processor.java:391) ~[tomcat-embed-core-10.1.19.jar!/:na]
	at org.apache.coyote.AbstractProcessorLight.process(AbstractProcessorLight.java:63) ~[tomcat-embed-core-10.1.19.jar!/:na]
	at org.apache.coyote.AbstractProtocol$ConnectionHandler.process(AbstractProtocol.java:896) ~[tomcat-embed-core-10.1.19.jar!/:na]
	at org.apache.tomcat.util.net.NioEndpoint$SocketProcessor.doRun(NioEndpoint.java:1744) ~[tomcat-embed-core-10.1.19.jar!/:na]
	at org.apache.tomcat.util.net.SocketProcessorBase.run(SocketProcessorBase.java:52) ~[tomcat-embed-core-10.1.19.jar!/:na]
	at org.apache.tomcat.util.threads.ThreadPoolExecutor.runWorker(ThreadPoolExecutor.java:1191) ~[tomcat-embed-core-10.1.19.jar!/:na]
	at org.apache.tomcat.util.threads.ThreadPoolExecutor$Worker.run(ThreadPoolExecutor.java:659) ~[tomcat-embed-core-10.1.19.jar!/:na]
	at org.apache.tomcat.util.threads.TaskThread$WrappingRunnable.run(TaskThread.java:63) ~[tomcat-embed-core-10.1.19.jar!/:na]
	at java.base/java.lang.Thread.run(Thread.java:1575) ~[na:na]
Caused by: org.hibernate.exception.JDBCConnectionException: Unable to acquire JDBC Connection [HikariPool-1 - Connection is not available, request timed out after 30007ms.] [n/a]
	at org.hibernate.exception.internal.SQLExceptionTypeDelegate.convert(SQLExceptionTypeDelegate.java:51) ~[hibernate-core-6.4.4.Final.jar!/:6.4.4.Final]
	at org.hibernate.exception.internal.StandardSQLExceptionConverter.convert(StandardSQLExceptionConverter.java:58) ~[hibernate-core-6.4.4.Final.jar!/:6.4.4.Final]
	at org.hibernate.engine.jdbc.spi.SqlExceptionHelper.convert(SqlExceptionHelper.java:108) ~[hibernate-core-6.4.4.Final.jar!/:6.4.4.Final]
	at org.hibernate.engine.jdbc.spi.SqlExceptionHelper.convert(SqlExceptionHelper.java:94) ~[hibernate-core-6.4.4.Final.jar!/:6.4.4.Final]
	at org.hibernate.resource.jdbc.internal.LogicalConnectionManagedImpl.acquireConnectionIfNeeded(LogicalConnectionManagedImpl.java:116) ~[hibernate-core-6.4.4.Final.jar!/:6.4.4.Final]
	at org.hibernate.resource.jdbc.internal.LogicalConnectionManagedImpl.getPhysicalConnection(LogicalConnectionManagedImpl.java:143) ~[hibernate-core-6.4.4.Final.jar!/:6.4.4.Final]
	at org.hibernate.engine.jdbc.internal.StatementPreparerImpl.connection(StatementPreparerImpl.java:54) ~[hibernate-core-6.4.4.Final.jar!/:6.4.4.Final]
	at org.hibernate.engine.jdbc.internal.StatementPreparerImpl$5.doPrepare(StatementPreparerImpl.java:153) ~[hibernate-core-6.4.4.Final.jar!/:6.4.4.Final]
	at org.hibernate.engine.jdbc.internal.StatementPreparerImpl$StatementPreparationTemplate.prepareStatement(StatementPreparerImpl.java:183) ~[hibernate-core-6.4.4.Final.jar!/:6.4.4.Final]
	at org.hibernate.engine.jdbc.internal.StatementPreparerImpl.prepareQueryStatement(StatementPreparerImpl.java:155) ~[hibernate-core-6.4.4.Final.jar!/:6.4.4.Final]
	at org.hibernate.sql.exec.spi.JdbcSelectExecutor.lambda$list$0(JdbcSelectExecutor.java:85) ~[hibernate-core-6.4.4.Final.jar!/:6.4.4.Final]
	at org.hibernate.sql.results.jdbc.internal.DeferredResultSetAccess.executeQuery(DeferredResultSetAccess.java:231) ~[hibernate-core-6.4.4.Final.jar!/:6.4.4.Final]
	at org.hibernate.sql.results.jdbc.internal.DeferredResultSetAccess.getResultSet(DeferredResultSetAccess.java:167) ~[hibernate-core-6.4.4.Final.jar!/:6.4.4.Final]
	at org.hibernate.sql.results.jdbc.internal.JdbcValuesResultSetImpl.advanceNext(JdbcValuesResultSetImpl.java:218) ~[hibernate-core-6.4.4.Final.jar!/:6.4.4.Final]
	at org.hibernate.sql.results.jdbc.internal.JdbcValuesResultSetImpl.processNext(JdbcValuesResultSetImpl.java:98) ~[hibernate-core-6.4.4.Final.jar!/:6.4.4.Final]
	at org.hibernate.sql.results.jdbc.internal.AbstractJdbcValues.next(AbstractJdbcValues.java:19) ~[hibernate-core-6.4.4.Final.jar!/:6.4.4.Final]
	at org.hibernate.sql.results.internal.RowProcessingStateStandardImpl.next(RowProcessingStateStandardImpl.java:66) ~[hibernate-core-6.4.4.Final.jar!/:6.4.4.Final]
	at org.hibernate.sql.results.spi.ListResultsConsumer.consume(ListResultsConsumer.java:202) ~[hibernate-core-6.4.4.Final.jar!/:6.4.4.Final]
	at org.hibernate.sql.results.spi.ListResultsConsumer.consume(ListResultsConsumer.java:33) ~[hibernate-core-6.4.4.Final.jar!/:6.4.4.Final]
	at org.hibernate.sql.exec.internal.JdbcSelectExecutorStandardImpl.doExecuteQuery(JdbcSelectExecutorStandardImpl.java:209) ~[hibernate-core-6.4.4.Final.jar!/:6.4.4.Final]
	at org.hibernate.sql.exec.internal.JdbcSelectExecutorStandardImpl.executeQuery(JdbcSelectExecutorStandardImpl.java:83) ~[hibernate-core-6.4.4.Final.jar!/:6.4.4.Final]
	at org.hibernate.sql.exec.spi.JdbcSelectExecutor.list(JdbcSelectExecutor.java:76) ~[hibernate-core-6.4.4.Final.jar!/:6.4.4.Final]
	at org.hibernate.sql.exec.spi.JdbcSelectExecutor.list(JdbcSelectExecutor.java:65) ~[hibernate-core-6.4.4.Final.jar!/:6.4.4.Final]
	at org.hibernate.query.sqm.internal.ConcreteSqmSelectQueryPlan.lambda$new$2(ConcreteSqmSelectQueryPlan.java:137) ~[hibernate-core-6.4.4.Final.jar!/:6.4.4.Final]
	at org.hibernate.query.sqm.internal.ConcreteSqmSelectQueryPlan.withCacheableSqmInterpretation(ConcreteSqmSelectQueryPlan.java:362) ~[hibernate-core-6.4.4.Final.jar!/:6.4.4.Final]
	at org.hibernate.query.sqm.internal.ConcreteSqmSelectQueryPlan.performList(ConcreteSqmSelectQueryPlan.java:303) ~[hibernate-core-6.4.4.Final.jar!/:6.4.4.Final]
	at org.hibernate.query.sqm.internal.QuerySqmImpl.doList(QuerySqmImpl.java:509) ~[hibernate-core-6.4.4.Final.jar!/:6.4.4.Final]
	at org.hibernate.query.spi.AbstractSelectionQuery.list(AbstractSelectionQuery.java:427) ~[hibernate-core-6.4.4.Final.jar!/:6.4.4.Final]
	at org.hibernate.query.spi.AbstractSelectionQuery.getSingleResult(AbstractSelectionQuery.java:564) ~[hibernate-core-6.4.4.Final.jar!/:6.4.4.Final]
	at java.base/jdk.internal.reflect.DirectMethodHandleAccessor.invoke(DirectMethodHandleAccessor.java:103) ~[na:na]
	at java.base/java.lang.reflect.Method.invoke(Method.java:580) ~[na:na]
	at org.springframework.orm.jpa.SharedEntityManagerCreator$DeferredQueryInvocationHandler.invoke(SharedEntityManagerCreator.java:415) ~[spring-orm-6.1.4.jar!/:6.1.4]
	at jdk.proxy2/jdk.proxy2.$Proxy196.getSingleResult(Unknown Source) ~[na:na]
	at org.springframework.data.jpa.repository.query.JpaQueryExecution$SingleEntityExecution.doExecute(JpaQueryExecution.java:223) ~[spring-data-jpa-3.2.3.jar!/:3.2.3]
	at org.springframework.data.jpa.repository.query.JpaQueryExecution.execute(JpaQueryExecution.java:92) ~[spring-data-jpa-3.2.3.jar!/:3.2.3]
	at org.springframework.data.jpa.repository.query.AbstractJpaQuery.doExecute(AbstractJpaQuery.java:149) ~[spring-data-jpa-3.2.3.jar!/:3.2.3]
	at org.springframework.data.jpa.repository.query.AbstractJpaQuery.execute(AbstractJpaQuery.java:137) ~[spring-data-jpa-3.2.3.jar!/:3.2.3]
	at org.springframework.data.repository.core.support.RepositoryMethodInvoker.doInvoke(RepositoryMethodInvoker.java:170) ~[spring-data-commons-3.2.3.jar!/:3.2.3]
	at org.springframework.data.repository.core.support.RepositoryMethodInvoker.invoke(RepositoryMethodInvoker.java:158) ~[spring-data-commons-3.2.3.jar!/:3.2.3]
	at org.springframework.data.repository.core.support.QueryExecutorMethodInterceptor.doInvoke(QueryExecutorMethodInterceptor.java:164) ~[spring-data-commons-3.2.3.jar!/:3.2.3]
	at org.springframework.data.repository.core.support.QueryExecutorMethodInterceptor.invoke(QueryExecutorMethodInterceptor.java:143) ~[spring-data-commons-3.2.3.jar!/:3.2.3]
	at org.springframework.aop.framework.ReflectiveMethodInvocation.proceed(ReflectiveMethodInvocation.java:184) ~[spring-aop-6.1.4.jar!/:6.1.4]
	at org.springframework.data.projection.DefaultMethodInvokingMethodInterceptor.invoke(DefaultMethodInvokingMethodInterceptor.java:70) ~[spring-data-commons-3.2.3.jar!/:3.2.3]
	at org.springframework.aop.framework.ReflectiveMethodInvocation.proceed(ReflectiveMethodInvocation.java:184) ~[spring-aop-6.1.4.jar!/:6.1.4]
	at org.springframework.transaction.interceptor.TransactionInterceptor$1.proceedWithInvocation(TransactionInterceptor.java:123) ~[spring-tx-6.1.4.jar!/:6.1.4]
	at org.springframework.transaction.interceptor.TransactionAspectSupport.invokeWithinTransaction(TransactionAspectSupport.java:385) ~[spring-tx-6.1.4.jar!/:6.1.4]
	at org.springframework.transaction.interceptor.TransactionInterceptor.invoke(TransactionInterceptor.java:119) ~[spring-tx-6.1.4.jar!/:6.1.4]
	at org.springframework.aop.framework.ReflectiveMethodInvocation.proceed(ReflectiveMethodInvocation.java:184) ~[spring-aop-6.1.4.jar!/:6.1.4]
	at org.springframework.dao.support.PersistenceExceptionTranslationInterceptor.invoke(PersistenceExceptionTranslationInterceptor.java:137) ~[spring-tx-6.1.4.jar!/:6.1.4]
	... 69 common frames omitted
Caused by: java.sql.SQLTransientConnectionException: HikariPool-1 - Connection is not available, request timed out after 30007ms.
	at com.zaxxer.hikari.pool.HikariPool.createTimeoutException(HikariPool.java:696) ~[HikariCP-5.0.1.jar!/:na]
	at com.zaxxer.hikari.pool.HikariPool.getConnection(HikariPool.java:181) ~[HikariCP-5.0.1.jar!/:na]
	at com.zaxxer.hikari.pool.HikariPool.getConnection(HikariPool.java:146) ~[HikariCP-5.0.1.jar!/:na]
	at com.zaxxer.hikari.HikariDataSource.getConnection(HikariDataSource.java:128) ~[HikariCP-5.0.1.jar!/:na]
	at org.hibernate.engine.jdbc.connections.internal.DatasourceConnectionProviderImpl.getConnection(DatasourceConnectionProviderImpl.java:122) ~[hibernate-core-6.4.4.Final.jar!/:6.4.4.Final]
	at org.hibernate.internal.NonContextualJdbcConnectionAccess.obtainConnection(NonContextualJdbcConnectionAccess.java:46) ~[hibernate-core-6.4.4.Final.jar!/:6.4.4.Final]
	at org.hibernate.resource.jdbc.internal.LogicalConnectionManagedImpl.acquireConnectionIfNeeded(LogicalConnectionManagedImpl.java:113) ~[hibernate-core-6.4.4.Final.jar!/:6.4.4.Final]
	... 113 common frames omitted

2026-08-18T01:53:17.839+05:30 ERROR 22332 --- [fixmate-backend] [nio-8081-exec-2] o.a.c.c.C.[.[.[/].[dispatcherServlet]    : Servlet.service() for servlet [dispatcherServlet] in context with path [] threw exception

org.springframework.dao.DataAccessResourceFailureException: Unable to acquire JDBC Connection [HikariPool-1 - Connection is not available, request timed out after 30005ms.] [n/a]
	at org.springframework.orm.jpa.vendor.HibernateJpaDialect.convertHibernateAccessException(HibernateJpaDialect.java:274) ~[spring-orm-6.1.4.jar!/:6.1.4]
	at org.springframework.orm.jpa.vendor.HibernateJpaDialect.translateExceptionIfPossible(HibernateJpaDialect.java:241) ~[spring-orm-6.1.4.jar!/:6.1.4]
	at org.springframework.orm.jpa.AbstractEntityManagerFactoryBean.translateExceptionIfPossible(AbstractEntityManagerFactoryBean.java:550) ~[spring-orm-6.1.4.jar!/:6.1.4]
	at org.springframework.dao.support.ChainedPersistenceExceptionTranslator.translateExceptionIfPossible(ChainedPersistenceExceptionTranslator.java:61) ~[spring-tx-6.1.4.jar!/:6.1.4]
	at org.springframework.dao.support.DataAccessUtils.translateIfNecessary(DataAccessUtils.java:335) ~[spring-tx-6.1.4.jar!/:6.1.4]
	at org.springframework.dao.support.PersistenceExceptionTranslationInterceptor.invoke(PersistenceExceptionTranslationInterceptor.java:152) ~[spring-tx-6.1.4.jar!/:6.1.4]
	at org.springframework.aop.framework.ReflectiveMethodInvocation.proceed(ReflectiveMethodInvocation.java:184) ~[spring-aop-6.1.4.jar!/:6.1.4]
	at org.springframework.data.jpa.repository.support.CrudMethodMetadataPostProcessor$CrudMethodMetadataPopulatingMethodInterceptor.invoke(CrudMethodMetadataPostProcessor.java:135) ~[spring-data-jpa-3.2.3.jar!/:3.2.3]
	at org.springframework.aop.framework.ReflectiveMethodInvocation.proceed(ReflectiveMethodInvocation.java:184) ~[spring-aop-6.1.4.jar!/:6.1.4]
	at org.springframework.aop.interceptor.ExposeInvocationInterceptor.invoke(ExposeInvocationInterceptor.java:97) ~[spring-aop-6.1.4.jar!/:6.1.4]
	at org.springframework.aop.framework.ReflectiveMethodInvocation.proceed(ReflectiveMethodInvocation.java:184) ~[spring-aop-6.1.4.jar!/:6.1.4]
	at org.springframework.aop.framework.JdkDynamicAopProxy.invoke(JdkDynamicAopProxy.java:220) ~[spring-aop-6.1.4.jar!/:6.1.4]
	at jdk.proxy2/jdk.proxy2.$Proxy142.findByEmail(Unknown Source) ~[na:na]
	at com.fixmate.config.ApplicationConfig.lambda$userDetailsService$1(ApplicationConfig.java:24) ~[!/:0.0.1-SNAPSHOT]
	at com.fixmate.config.JwtAuthenticationFilter.doFilterInternal(JwtAuthenticationFilter.java:46) ~[!/:0.0.1-SNAPSHOT]
	at org.springframework.web.filter.OncePerRequestFilter.doFilter(OncePerRequestFilter.java:116) ~[spring-web-6.1.4.jar!/:6.1.4]
	at org.springframework.security.web.FilterChainProxy$VirtualFilterChain.doFilter(FilterChainProxy.java:374) ~[spring-security-web-6.2.2.jar!/:6.2.2]
	at org.springframework.security.web.authentication.logout.LogoutFilter.doFilter(LogoutFilter.java:107) ~[spring-security-web-6.2.2.jar!/:6.2.2]
	at org.springframework.security.web.authentication.logout.LogoutFilter.doFilter(LogoutFilter.java:93) ~[spring-security-web-6.2.2.jar!/:6.2.2]
	at org.springframework.security.web.FilterChainProxy$VirtualFilterChain.doFilter(FilterChainProxy.java:374) ~[spring-security-web-6.2.2.jar!/:6.2.2]
	at org.springframework.web.filter.CorsFilter.doFilterInternal(CorsFilter.java:91) ~[spring-web-6.1.4.jar!/:6.1.4]
	at org.springframework.web.filter.OncePerRequestFilter.doFilter(OncePerRequestFilter.java:116) ~[spring-web-6.1.4.jar!/:6.1.4]
	at org.springframework.security.web.FilterChainProxy$VirtualFilterChain.doFilter(FilterChainProxy.java:374) ~[spring-security-web-6.2.2.jar!/:6.2.2]
	at org.springframework.security.web.header.HeaderWriterFilter.doHeadersAfter(HeaderWriterFilter.java:90) ~[spring-security-web-6.2.2.jar!/:6.2.2]
	at org.springframework.security.web.header.HeaderWriterFilter.doFilterInternal(HeaderWriterFilter.java:75) ~[spring-security-web-6.2.2.jar!/:6.2.2]
	at org.springframework.web.filter.OncePerRequestFilter.doFilter(OncePerRequestFilter.java:116) ~[spring-web-6.1.4.jar!/:6.1.4]
	at org.springframework.security.web.FilterChainProxy$VirtualFilterChain.doFilter(FilterChainProxy.java:374) ~[spring-security-web-6.2.2.jar!/:6.2.2]
	at org.springframework.security.web.context.SecurityContextHolderFilter.doFilter(SecurityContextHolderFilter.java:82) ~[spring-security-web-6.2.2.jar!/:6.2.2]
	at org.springframework.security.web.context.SecurityContextHolderFilter.doFilter(SecurityContextHolderFilter.java:69) ~[spring-security-web-6.2.2.jar!/:6.2.2]
	at org.springframework.security.web.FilterChainProxy$VirtualFilterChain.doFilter(FilterChainProxy.java:374) ~[spring-security-web-6.2.2.jar!/:6.2.2]
	at org.springframework.security.web.context.request.async.WebAsyncManagerIntegrationFilter.doFilterInternal(WebAsyncManagerIntegrationFilter.java:62) ~[spring-security-web-6.2.2.jar!/:6.2.2]
	at org.springframework.web.filter.OncePerRequestFilter.doFilter(OncePerRequestFilter.java:116) ~[spring-web-6.1.4.jar!/:6.1.4]
	at org.springframework.security.web.FilterChainProxy$VirtualFilterChain.doFilter(FilterChainProxy.java:374) ~[spring-security-web-6.2.2.jar!/:6.2.2]
	at org.springframework.security.web.session.DisableEncodeUrlFilter.doFilterInternal(DisableEncodeUrlFilter.java:42) ~[spring-security-web-6.2.2.jar!/:6.2.2]
	at org.springframework.web.filter.OncePerRequestFilter.doFilter(OncePerRequestFilter.java:116) ~[spring-web-6.1.4.jar!/:6.1.4]
	at org.springframework.security.web.FilterChainProxy$VirtualFilterChain.doFilter(FilterChainProxy.java:374) ~[spring-security-web-6.2.2.jar!/:6.2.2]
	at org.springframework.security.web.FilterChainProxy.doFilterInternal(FilterChainProxy.java:233) ~[spring-security-web-6.2.2.jar!/:6.2.2]
	at org.springframework.security.web.FilterChainProxy.doFilter(FilterChainProxy.java:191) ~[spring-security-web-6.2.2.jar!/:6.2.2]
	at org.springframework.web.filter.CompositeFilter$VirtualFilterChain.doFilter(CompositeFilter.java:113) ~[spring-web-6.1.4.jar!/:6.1.4]
	at org.springframework.web.servlet.handler.HandlerMappingIntrospector.lambda$createCacheFilter$3(HandlerMappingIntrospector.java:195) ~[spring-webmvc-6.1.4.jar!/:6.1.4]
	at org.springframework.web.filter.CompositeFilter$VirtualFilterChain.doFilter(CompositeFilter.java:113) ~[spring-web-6.1.4.jar!/:6.1.4]
	at org.springframework.web.filter.CompositeFilter.doFilter(CompositeFilter.java:74) ~[spring-web-6.1.4.jar!/:6.1.4]
	at org.springframework.security.config.annotation.web.configuration.WebMvcSecurityConfiguration$CompositeFilterChainProxy.doFilter(WebMvcSecurityConfiguration.java:230) ~[spring-security-config-6.2.2.jar!/:6.2.2]
	at org.springframework.web.filter.DelegatingFilterProxy.invokeDelegate(DelegatingFilterProxy.java:352) ~[spring-web-6.1.4.jar!/:6.1.4]
	at org.springframework.web.filter.DelegatingFilterProxy.doFilter(DelegatingFilterProxy.java:268) ~[spring-web-6.1.4.jar!/:6.1.4]
	at org.apache.catalina.core.ApplicationFilterChain.internalDoFilter(ApplicationFilterChain.java:174) ~[tomcat-embed-core-10.1.19.jar!/:na]
	at org.apache.catalina.core.ApplicationFilterChain.doFilter(ApplicationFilterChain.java:149) ~[tomcat-embed-core-10.1.19.jar!/:na]
	at org.springframework.web.filter.RequestContextFilter.doFilterInternal(RequestContextFilter.java:100) ~[spring-web-6.1.4.jar!/:6.1.4]
	at org.springframework.web.filter.OncePerRequestFilter.doFilter(OncePerRequestFilter.java:116) ~[spring-web-6.1.4.jar!/:6.1.4]
	at org.apache.catalina.core.ApplicationFilterChain.internalDoFilter(ApplicationFilterChain.java:174) ~[tomcat-embed-core-10.1.19.jar!/:na]
	at org.apache.catalina.core.ApplicationFilterChain.doFilter(ApplicationFilterChain.java:149) ~[tomcat-embed-core-10.1.19.jar!/:na]
	at org.springframework.web.filter.FormContentFilter.doFilterInternal(FormContentFilter.java:93) ~[spring-web-6.1.4.jar!/:6.1.4]
	at org.springframework.web.filter.OncePerRequestFilter.doFilter(OncePerRequestFilter.java:116) ~[spring-web-6.1.4.jar!/:6.1.4]
	at org.apache.catalina.core.ApplicationFilterChain.internalDoFilter(ApplicationFilterChain.java:174) ~[tomcat-embed-core-10.1.19.jar!/:na]
	at org.apache.catalina.core.ApplicationFilterChain.doFilter(ApplicationFilterChain.java:149) ~[tomcat-embed-core-10.1.19.jar!/:na]
	at org.springframework.web.filter.CharacterEncodingFilter.doFilterInternal(CharacterEncodingFilter.java:201) ~[spring-web-6.1.4.jar!/:6.1.4]
	at org.springframework.web.filter.OncePerRequestFilter.doFilter(OncePerRequestFilter.java:116) ~[spring-web-6.1.4.jar!/:6.1.4]
	at org.apache.catalina.core.ApplicationFilterChain.internalDoFilter(ApplicationFilterChain.java:174) ~[tomcat-embed-core-10.1.19.jar!/:na]
	at org.apache.catalina.core.ApplicationFilterChain.doFilter(ApplicationFilterChain.java:149) ~[tomcat-embed-core-10.1.19.jar!/:na]
	at org.apache.catalina.core.StandardWrapperValve.invoke(StandardWrapperValve.java:167) ~[tomcat-embed-core-10.1.19.jar!/:na]
	at org.apache.catalina.core.StandardContextValve.invoke(StandardContextValve.java:90) ~[tomcat-embed-core-10.1.19.jar!/:na]
	at org.apache.catalina.authenticator.AuthenticatorBase.invoke(AuthenticatorBase.java:482) ~[tomcat-embed-core-10.1.19.jar!/:na]
	at org.apache.catalina.core.StandardHostValve.invoke(StandardHostValve.java:115) ~[tomcat-embed-core-10.1.19.jar!/:na]
	at org.apache.catalina.valves.ErrorReportValve.invoke(ErrorReportValve.java:93) ~[tomcat-embed-core-10.1.19.jar!/:na]
	at org.apache.catalina.core.StandardEngineValve.invoke(StandardEngineValve.java:74) ~[tomcat-embed-core-10.1.19.jar!/:na]
	at org.apache.catalina.connector.CoyoteAdapter.service(CoyoteAdapter.java:344) ~[tomcat-embed-core-10.1.19.jar!/:na]
	at org.apache.coyote.http11.Http11Processor.service(Http11Processor.java:391) ~[tomcat-embed-core-10.1.19.jar!/:na]
	at org.apache.coyote.AbstractProcessorLight.process(AbstractProcessorLight.java:63) ~[tomcat-embed-core-10.1.19.jar!/:na]
	at org.apache.coyote.AbstractProtocol$ConnectionHandler.process(AbstractProtocol.java:896) ~[tomcat-embed-core-10.1.19.jar!/:na]
	at org.apache.tomcat.util.net.NioEndpoint$SocketProcessor.doRun(NioEndpoint.java:1744) ~[tomcat-embed-core-10.1.19.jar!/:na]
	at org.apache.tomcat.util.net.SocketProcessorBase.run(SocketProcessorBase.java:52) ~[tomcat-embed-core-10.1.19.jar!/:na]
	at org.apache.tomcat.util.threads.ThreadPoolExecutor.runWorker(ThreadPoolExecutor.java:1191) ~[tomcat-embed-core-10.1.19.jar!/:na]
	at org.apache.tomcat.util.threads.ThreadPoolExecutor$Worker.run(ThreadPoolExecutor.java:659) ~[tomcat-embed-core-10.1.19.jar!/:na]
	at org.apache.tomcat.util.threads.TaskThread$WrappingRunnable.run(TaskThread.java:63) ~[tomcat-embed-core-10.1.19.jar!/:na]
	at java.base/java.lang.Thread.run(Thread.java:1575) ~[na:na]
Caused by: org.hibernate.exception.JDBCConnectionException: Unable to acquire JDBC Connection [HikariPool-1 - Connection is not available, request timed out after 30005ms.] [n/a]
	at org.hibernate.exception.internal.SQLExceptionTypeDelegate.convert(SQLExceptionTypeDelegate.java:51) ~[hibernate-core-6.4.4.Final.jar!/:6.4.4.Final]
	at org.hibernate.exception.internal.StandardSQLExceptionConverter.convert(StandardSQLExceptionConverter.java:58) ~[hibernate-core-6.4.4.Final.jar!/:6.4.4.Final]
	at org.hibernate.engine.jdbc.spi.SqlExceptionHelper.convert(SqlExceptionHelper.java:108) ~[hibernate-core-6.4.4.Final.jar!/:6.4.4.Final]
	at org.hibernate.engine.jdbc.spi.SqlExceptionHelper.convert(SqlExceptionHelper.java:94) ~[hibernate-core-6.4.4.Final.jar!/:6.4.4.Final]
	at org.hibernate.resource.jdbc.internal.LogicalConnectionManagedImpl.acquireConnectionIfNeeded(LogicalConnectionManagedImpl.java:116) ~[hibernate-core-6.4.4.Final.jar!/:6.4.4.Final]
	at org.hibernate.resource.jdbc.internal.LogicalConnectionManagedImpl.getPhysicalConnection(LogicalConnectionManagedImpl.java:143) ~[hibernate-core-6.4.4.Final.jar!/:6.4.4.Final]
	at org.hibernate.engine.jdbc.internal.StatementPreparerImpl.connection(StatementPreparerImpl.java:54) ~[hibernate-core-6.4.4.Final.jar!/:6.4.4.Final]
	at org.hibernate.engine.jdbc.internal.StatementPreparerImpl$5.doPrepare(StatementPreparerImpl.java:153) ~[hibernate-core-6.4.4.Final.jar!/:6.4.4.Final]
	at org.hibernate.engine.jdbc.internal.StatementPreparerImpl$StatementPreparationTemplate.prepareStatement(StatementPreparerImpl.java:183) ~[hibernate-core-6.4.4.Final.jar!/:6.4.4.Final]
	at org.hibernate.engine.jdbc.internal.StatementPreparerImpl.prepareQueryStatement(StatementPreparerImpl.java:155) ~[hibernate-core-6.4.4.Final.jar!/:6.4.4.Final]
	at org.hibernate.sql.exec.spi.JdbcSelectExecutor.lambda$list$0(JdbcSelectExecutor.java:85) ~[hibernate-core-6.4.4.Final.jar!/:6.4.4.Final]
	at org.hibernate.sql.results.jdbc.internal.DeferredResultSetAccess.executeQuery(DeferredResultSetAccess.java:231) ~[hibernate-core-6.4.4.Final.jar!/:6.4.4.Final]
	at org.hibernate.sql.results.jdbc.internal.DeferredResultSetAccess.getResultSet(DeferredResultSetAccess.java:167) ~[hibernate-core-6.4.4.Final.jar!/:6.4.4.Final]
	at org.hibernate.sql.results.jdbc.internal.JdbcValuesResultSetImpl.advanceNext(JdbcValuesResultSetImpl.java:218) ~[hibernate-core-6.4.4.Final.jar!/:6.4.4.Final]
	at org.hibernate.sql.results.jdbc.internal.JdbcValuesResultSetImpl.processNext(JdbcValuesResultSetImpl.java:98) ~[hibernate-core-6.4.4.Final.jar!/:6.4.4.Final]
	at org.hibernate.sql.results.jdbc.internal.AbstractJdbcValues.next(AbstractJdbcValues.java:19) ~[hibernate-core-6.4.4.Final.jar!/:6.4.4.Final]
	at org.hibernate.sql.results.internal.RowProcessingStateStandardImpl.next(RowProcessingStateStandardImpl.java:66) ~[hibernate-core-6.4.4.Final.jar!/:6.4.4.Final]
	at org.hibernate.sql.results.spi.ListResultsConsumer.consume(ListResultsConsumer.java:202) ~[hibernate-core-6.4.4.Final.jar!/:6.4.4.Final]
	at org.hibernate.sql.results.spi.ListResultsConsumer.consume(ListResultsConsumer.java:33) ~[hibernate-core-6.4.4.Final.jar!/:6.4.4.Final]
	at org.hibernate.sql.exec.internal.JdbcSelectExecutorStandardImpl.doExecuteQuery(JdbcSelectExecutorStandardImpl.java:209) ~[hibernate-core-6.4.4.Final.jar!/:6.4.4.Final]
	at org.hibernate.sql.exec.internal.JdbcSelectExecutorStandardImpl.executeQuery(JdbcSelectExecutorStandardImpl.java:83) ~[hibernate-core-6.4.4.Final.jar!/:6.4.4.Final]
	at org.hibernate.sql.exec.spi.JdbcSelectExecutor.list(JdbcSelectExecutor.java:76) ~[hibernate-core-6.4.4.Final.jar!/:6.4.4.Final]
	at org.hibernate.sql.exec.spi.JdbcSelectExecutor.list(JdbcSelectExecutor.java:65) ~[hibernate-core-6.4.4.Final.jar!/:6.4.4.Final]
	at org.hibernate.query.sqm.internal.ConcreteSqmSelectQueryPlan.lambda$new$2(ConcreteSqmSelectQueryPlan.java:137) ~[hibernate-core-6.4.4.Final.jar!/:6.4.4.Final]
	at org.hibernate.query.sqm.internal.ConcreteSqmSelectQueryPlan.withCacheableSqmInterpretation(ConcreteSqmSelectQueryPlan.java:362) ~[hibernate-core-6.4.4.Final.jar!/:6.4.4.Final]
	at org.hibernate.query.sqm.internal.ConcreteSqmSelectQueryPlan.performList(ConcreteSqmSelectQueryPlan.java:303) ~[hibernate-core-6.4.4.Final.jar!/:6.4.4.Final]
	at org.hibernate.query.sqm.internal.QuerySqmImpl.doList(QuerySqmImpl.java:509) ~[hibernate-core-6.4.4.Final.jar!/:6.4.4.Final]
	at org.hibernate.query.spi.AbstractSelectionQuery.list(AbstractSelectionQuery.java:427) ~[hibernate-core-6.4.4.Final.jar!/:6.4.4.Final]
	at org.hibernate.query.spi.AbstractSelectionQuery.getSingleResult(AbstractSelectionQuery.java:564) ~[hibernate-core-6.4.4.Final.jar!/:6.4.4.Final]
	at java.base/jdk.internal.reflect.DirectMethodHandleAccessor.invoke(DirectMethodHandleAccessor.java:103) ~[na:na]
	at java.base/java.lang.reflect.Method.invoke(Method.java:580) ~[na:na]
	at org.springframework.orm.jpa.SharedEntityManagerCreator$DeferredQueryInvocationHandler.invoke(SharedEntityManagerCreator.java:415) ~[spring-orm-6.1.4.jar!/:6.1.4]
	at jdk.proxy2/jdk.proxy2.$Proxy196.getSingleResult(Unknown Source) ~[na:na]
	at org.springframework.data.jpa.repository.query.JpaQueryExecution$SingleEntityExecution.doExecute(JpaQueryExecution.java:223) ~[spring-data-jpa-3.2.3.jar!/:3.2.3]
	at org.springframework.data.jpa.repository.query.JpaQueryExecution.execute(JpaQueryExecution.java:92) ~[spring-data-jpa-3.2.3.jar!/:3.2.3]
	at org.springframework.data.jpa.repository.query.AbstractJpaQuery.doExecute(AbstractJpaQuery.java:149) ~[spring-data-jpa-3.2.3.jar!/:3.2.3]
	at org.springframework.data.jpa.repository.query.AbstractJpaQuery.execute(AbstractJpaQuery.java:137) ~[spring-data-jpa-3.2.3.jar!/:3.2.3]
	at org.springframework.data.repository.core.support.RepositoryMethodInvoker.doInvoke(RepositoryMethodInvoker.java:170) ~[spring-data-commons-3.2.3.jar!/:3.2.3]
	at org.springframework.data.repository.core.support.RepositoryMethodInvoker.invoke(RepositoryMethodInvoker.java:158) ~[spring-data-commons-3.2.3.jar!/:3.2.3]
	at org.springframework.data.repository.core.support.QueryExecutorMethodInterceptor.doInvoke(QueryExecutorMethodInterceptor.java:164) ~[spring-data-commons-3.2.3.jar!/:3.2.3]
	at org.springframework.data.repository.core.support.QueryExecutorMethodInterceptor.invoke(QueryExecutorMethodInterceptor.java:143) ~[spring-data-commons-3.2.3.jar!/:3.2.3]
	at org.springframework.aop.framework.ReflectiveMethodInvocation.proceed(ReflectiveMethodInvocation.java:184) ~[spring-aop-6.1.4.jar!/:6.1.4]
	at org.springframework.data.projection.DefaultMethodInvokingMethodInterceptor.invoke(DefaultMethodInvokingMethodInterceptor.java:70) ~[spring-data-commons-3.2.3.jar!/:3.2.3]
	at org.springframework.aop.framework.ReflectiveMethodInvocation.proceed(ReflectiveMethodInvocation.java:184) ~[spring-aop-6.1.4.jar!/:6.1.4]
	at org.springframework.transaction.interceptor.TransactionInterceptor$1.proceedWithInvocation(TransactionInterceptor.java:123) ~[spring-tx-6.1.4.jar!/:6.1.4]
	at org.springframework.transaction.interceptor.TransactionAspectSupport.invokeWithinTransaction(TransactionAspectSupport.java:385) ~[spring-tx-6.1.4.jar!/:6.1.4]
	at org.springframework.transaction.interceptor.TransactionInterceptor.invoke(TransactionInterceptor.java:119) ~[spring-tx-6.1.4.jar!/:6.1.4]
	at org.springframework.aop.framework.ReflectiveMethodInvocation.proceed(ReflectiveMethodInvocation.java:184) ~[spring-aop-6.1.4.jar!/:6.1.4]
	at org.springframework.dao.support.PersistenceExceptionTranslationInterceptor.invoke(PersistenceExceptionTranslationInterceptor.java:137) ~[spring-tx-6.1.4.jar!/:6.1.4]
	... 69 common frames omitted
Caused by: java.sql.SQLTransientConnectionException: HikariPool-1 - Connection is not available, request timed out after 30005ms.
	at com.zaxxer.hikari.pool.HikariPool.createTimeoutException(HikariPool.java:696) ~[HikariCP-5.0.1.jar!/:na]
	at com.zaxxer.hikari.pool.HikariPool.getConnection(HikariPool.java:181) ~[HikariCP-5.0.1.jar!/:na]
	at com.zaxxer.hikari.pool.HikariPool.getConnection(HikariPool.java:146) ~[HikariCP-5.0.1.jar!/:na]
	at com.zaxxer.hikari.HikariDataSource.getConnection(HikariDataSource.java:128) ~[HikariCP-5.0.1.jar!/:na]
	at org.hibernate.engine.jdbc.connections.internal.DatasourceConnectionProviderImpl.getConnection(DatasourceConnectionProviderImpl.java:122) ~[hibernate-core-6.4.4.Final.jar!/:6.4.4.Final]
	at org.hibernate.internal.NonContextualJdbcConnectionAccess.obtainConnection(NonContextualJdbcConnectionAccess.java:46) ~[hibernate-core-6.4.4.Final.jar!/:6.4.4.Final]
	at org.hibernate.resource.jdbc.internal.LogicalConnectionManagedImpl.acquireConnectionIfNeeded(LogicalConnectionManagedImpl.java:113) ~[hibernate-core-6.4.4.Final.jar!/:6.4.4.Final]
	... 113 common frames omitted

2026-08-18T01:53:37.926+05:30  WARN 22332 --- [fixmate-backend] [io-8081-exec-11] o.h.engine.jdbc.spi.SqlExceptionHelper   : SQL Error: 0, SQLState: null
2026-08-18T01:53:37.948+05:30 ERROR 22332 --- [fixmate-backend] [io-8081-exec-11] o.h.engine.jdbc.spi.SqlExceptionHelper   : HikariPool-1 - Connection is not available, request timed out after 30012ms.
2026-08-18T01:53:37.948+05:30  WARN 22332 --- [fixmate-backend] [io-8081-exec-12] o.h.engine.jdbc.spi.SqlExceptionHelper   : SQL Error: 0, SQLState: null
2026-08-18T01:53:37.950+05:30 ERROR 22332 --- [fixmate-backend] [io-8081-exec-12] o.h.engine.jdbc.spi.SqlExceptionHelper   : HikariPool-1 - Connection is not available, request timed out after 30032ms.
2026-08-18T01:53:37.911+05:30  WARN 22332 --- [fixmate-backend] [nio-8081-exec-1] o.h.engine.jdbc.spi.SqlExceptionHelper   : SQL Error: 0, SQLState: null
2026-08-18T01:53:37.953+05:30 ERROR 22332 --- [fixmate-backend] [nio-8081-exec-1] o.h.engine.jdbc.spi.SqlExceptionHelper   : HikariPool-1 - Connection is not available, request timed out after 30013ms.
2026-08-18T01:53:37.956+05:30 ERROR 22332 --- [fixmate-backend] [nio-8081-exec-1] o.a.c.c.C.[.[.[/].[dispatcherServlet]    : Servlet.service() for servlet [dispatcherServlet] in context with path [] threw exception

org.springframework.dao.DataAccessResourceFailureException: Unable to acquire JDBC Connection [HikariPool-1 - Connection is not available, request timed out after 30013ms.] [n/a]
	at org.springframework.orm.jpa.vendor.HibernateJpaDialect.convertHibernateAccessException(HibernateJpaDialect.java:274) ~[spring-orm-6.1.4.jar!/:6.1.4]
	at org.springframework.orm.jpa.vendor.HibernateJpaDialect.translateExceptionIfPossible(HibernateJpaDialect.java:241) ~[spring-orm-6.1.4.jar!/:6.1.4]
	at org.springframework.orm.jpa.AbstractEntityManagerFactoryBean.translateExceptionIfPossible(AbstractEntityManagerFactoryBean.java:550) ~[spring-orm-6.1.4.jar!/:6.1.4]
	at org.springframework.dao.support.ChainedPersistenceExceptionTranslator.translateExceptionIfPossible(ChainedPersistenceExceptionTranslator.java:61) ~[spring-tx-6.1.4.jar!/:6.1.4]
	at org.springframework.dao.support.DataAccessUtils.translateIfNecessary(DataAccessUtils.java:335) ~[spring-tx-6.1.4.jar!/:6.1.4]
	at org.springframework.dao.support.PersistenceExceptionTranslationInterceptor.invoke(PersistenceExceptionTranslationInterceptor.java:152) ~[spring-tx-6.1.4.jar!/:6.1.4]
	at org.springframework.aop.framework.ReflectiveMethodInvocation.proceed(ReflectiveMethodInvocation.java:184) ~[spring-aop-6.1.4.jar!/:6.1.4]
	at org.springframework.data.jpa.repository.support.CrudMethodMetadataPostProcessor$CrudMethodMetadataPopulatingMethodInterceptor.invoke(CrudMethodMetadataPostProcessor.java:135) ~[spring-data-jpa-3.2.3.jar!/:3.2.3]
	at org.springframework.aop.framework.ReflectiveMethodInvocation.proceed(ReflectiveMethodInvocation.java:184) ~[spring-aop-6.1.4.jar!/:6.1.4]
	at org.springframework.aop.interceptor.ExposeInvocationInterceptor.invoke(ExposeInvocationInterceptor.java:97) ~[spring-aop-6.1.4.jar!/:6.1.4]
	at org.springframework.aop.framework.ReflectiveMethodInvocation.proceed(ReflectiveMethodInvocation.java:184) ~[spring-aop-6.1.4.jar!/:6.1.4]
	at org.springframework.aop.framework.JdkDynamicAopProxy.invoke(JdkDynamicAopProxy.java:220) ~[spring-aop-6.1.4.jar!/:6.1.4]
	at jdk.proxy2/jdk.proxy2.$Proxy142.findByEmail(Unknown Source) ~[na:na]
	at com.fixmate.config.ApplicationConfig.lambda$userDetailsService$1(ApplicationConfig.java:24) ~[!/:0.0.1-SNAPSHOT]
	at com.fixmate.config.JwtAuthenticationFilter.doFilterInternal(JwtAuthenticationFilter.java:46) ~[!/:0.0.1-SNAPSHOT]
	at org.springframework.web.filter.OncePerRequestFilter.doFilter(OncePerRequestFilter.java:116) ~[spring-web-6.1.4.jar!/:6.1.4]
	at org.springframework.security.web.FilterChainProxy$VirtualFilterChain.doFilter(FilterChainProxy.java:374) ~[spring-security-web-6.2.2.jar!/:6.2.2]
	at org.springframework.security.web.authentication.logout.LogoutFilter.doFilter(LogoutFilter.java:107) ~[spring-security-web-6.2.2.jar!/:6.2.2]
	at org.springframework.security.web.authentication.logout.LogoutFilter.doFilter(LogoutFilter.java:93) ~[spring-security-web-6.2.2.jar!/:6.2.2]
	at org.springframework.security.web.FilterChainProxy$VirtualFilterChain.doFilter(FilterChainProxy.java:374) ~[spring-security-web-6.2.2.jar!/:6.2.2]
	at org.springframework.web.filter.CorsFilter.doFilterInternal(CorsFilter.java:91) ~[spring-web-6.1.4.jar!/:6.1.4]
	at org.springframework.web.filter.OncePerRequestFilter.doFilter(OncePerRequestFilter.java:116) ~[spring-web-6.1.4.jar!/:6.1.4]
	at org.springframework.security.web.FilterChainProxy$VirtualFilterChain.doFilter(FilterChainProxy.java:374) ~[spring-security-web-6.2.2.jar!/:6.2.2]
	at org.springframework.security.web.header.HeaderWriterFilter.doHeadersAfter(HeaderWriterFilter.java:90) ~[spring-security-web-6.2.2.jar!/:6.2.2]
	at org.springframework.security.web.header.HeaderWriterFilter.doFilterInternal(HeaderWriterFilter.java:75) ~[spring-security-web-6.2.2.jar!/:6.2.2]
	at org.springframework.web.filter.OncePerRequestFilter.doFilter(OncePerRequestFilter.java:116) ~[spring-web-6.1.4.jar!/:6.1.4]
	at org.springframework.security.web.FilterChainProxy$VirtualFilterChain.doFilter(FilterChainProxy.java:374) ~[spring-security-web-6.2.2.jar!/:6.2.2]
	at org.springframework.security.web.context.SecurityContextHolderFilter.doFilter(SecurityContextHolderFilter.java:82) ~[spring-security-web-6.2.2.jar!/:6.2.2]
	at org.springframework.security.web.context.SecurityContextHolderFilter.doFilter(SecurityContextHolderFilter.java:69) ~[spring-security-web-6.2.2.jar!/:6.2.2]
	at org.springframework.security.web.FilterChainProxy$VirtualFilterChain.doFilter(FilterChainProxy.java:374) ~[spring-security-web-6.2.2.jar!/:6.2.2]
	at org.springframework.security.web.context.request.async.WebAsyncManagerIntegrationFilter.doFilterInternal(WebAsyncManagerIntegrationFilter.java:62) ~[spring-security-web-6.2.2.jar!/:6.2.2]
	at org.springframework.web.filter.OncePerRequestFilter.doFilter(OncePerRequestFilter.java:116) ~[spring-web-6.1.4.jar!/:6.1.4]
	at org.springframework.security.web.FilterChainProxy$VirtualFilterChain.doFilter(FilterChainProxy.java:374) ~[spring-security-web-6.2.2.jar!/:6.2.2]
	at org.springframework.security.web.session.DisableEncodeUrlFilter.doFilterInternal(DisableEncodeUrlFilter.java:42) ~[spring-security-web-6.2.2.jar!/:6.2.2]
	at org.springframework.web.filter.OncePerRequestFilter.doFilter(OncePerRequestFilter.java:116) ~[spring-web-6.1.4.jar!/:6.1.4]
	at org.springframework.security.web.FilterChainProxy$VirtualFilterChain.doFilter(FilterChainProxy.java:374) ~[spring-security-web-6.2.2.jar!/:6.2.2]
	at org.springframework.security.web.FilterChainProxy.doFilterInternal(FilterChainProxy.java:233) ~[spring-security-web-6.2.2.jar!/:6.2.2]
	at org.springframework.security.web.FilterChainProxy.doFilter(FilterChainProxy.java:191) ~[spring-security-web-6.2.2.jar!/:6.2.2]
	at org.springframework.web.filter.CompositeFilter$VirtualFilterChain.doFilter(CompositeFilter.java:113) ~[spring-web-6.1.4.jar!/:6.1.4]
	at org.springframework.web.servlet.handler.HandlerMappingIntrospector.lambda$createCacheFilter$3(HandlerMappingIntrospector.java:195) ~[spring-webmvc-6.1.4.jar!/:6.1.4]
	at org.springframework.web.filter.CompositeFilter$VirtualFilterChain.doFilter(CompositeFilter.java:113) ~[spring-web-6.1.4.jar!/:6.1.4]
	at org.springframework.web.filter.CompositeFilter.doFilter(CompositeFilter.java:74) ~[spring-web-6.1.4.jar!/:6.1.4]
	at org.springframework.security.config.annotation.web.configuration.WebMvcSecurityConfiguration$CompositeFilterChainProxy.doFilter(WebMvcSecurityConfiguration.java:230) ~[spring-security-config-6.2.2.jar!/:6.2.2]
	at org.springframework.web.filter.DelegatingFilterProxy.invokeDelegate(DelegatingFilterProxy.java:352) ~[spring-web-6.1.4.jar!/:6.1.4]
	at org.springframework.web.filter.DelegatingFilterProxy.doFilter(DelegatingFilterProxy.java:268) ~[spring-web-6.1.4.jar!/:6.1.4]
	at org.apache.catalina.core.ApplicationFilterChain.internalDoFilter(ApplicationFilterChain.java:174) ~[tomcat-embed-core-10.1.19.jar!/:na]
	at org.apache.catalina.core.ApplicationFilterChain.doFilter(ApplicationFilterChain.java:149) ~[tomcat-embed-core-10.1.19.jar!/:na]
	at org.springframework.web.filter.RequestContextFilter.doFilterInternal(RequestContextFilter.java:100) ~[spring-web-6.1.4.jar!/:6.1.4]
	at org.springframework.web.filter.OncePerRequestFilter.doFilter(OncePerRequestFilter.java:116) ~[spring-web-6.1.4.jar!/:6.1.4]
	at org.apache.catalina.core.ApplicationFilterChain.internalDoFilter(ApplicationFilterChain.java:174) ~[tomcat-embed-core-10.1.19.jar!/:na]
	at org.apache.catalina.core.ApplicationFilterChain.doFilter(ApplicationFilterChain.java:149) ~[tomcat-embed-core-10.1.19.jar!/:na]
	at org.springframework.web.filter.FormContentFilter.doFilterInternal(FormContentFilter.java:93) ~[spring-web-6.1.4.jar!/:6.1.4]
	at org.springframework.web.filter.OncePerRequestFilter.doFilter(OncePerRequestFilter.java:116) ~[spring-web-6.1.4.jar!/:6.1.4]
	at org.apache.catalina.core.ApplicationFilterChain.internalDoFilter(ApplicationFilterChain.java:174) ~[tomcat-embed-core-10.1.19.jar!/:na]
	at org.apache.catalina.core.ApplicationFilterChain.doFilter(ApplicationFilterChain.java:149) ~[tomcat-embed-core-10.1.19.jar!/:na]
	at org.springframework.web.filter.CharacterEncodingFilter.doFilterInternal(CharacterEncodingFilter.java:201) ~[spring-web-6.1.4.jar!/:6.1.4]
	at org.springframework.web.filter.OncePerRequestFilter.doFilter(OncePerRequestFilter.java:116) ~[spring-web-6.1.4.jar!/:6.1.4]
	at org.apache.catalina.core.ApplicationFilterChain.internalDoFilter(ApplicationFilterChain.java:174) ~[tomcat-embed-core-10.1.19.jar!/:na]
	at org.apache.catalina.core.ApplicationFilterChain.doFilter(ApplicationFilterChain.java:149) ~[tomcat-embed-core-10.1.19.jar!/:na]
	at org.apache.catalina.core.StandardWrapperValve.invoke(StandardWrapperValve.java:167) ~[tomcat-embed-core-10.1.19.jar!/:na]
	at org.apache.catalina.core.StandardContextValve.invoke(StandardContextValve.java:90) ~[tomcat-embed-core-10.1.19.jar!/:na]
	at org.apache.catalina.authenticator.AuthenticatorBase.invoke(AuthenticatorBase.java:482) ~[tomcat-embed-core-10.1.19.jar!/:na]
	at org.apache.catalina.core.StandardHostValve.invoke(StandardHostValve.java:115) ~[tomcat-embed-core-10.1.19.jar!/:na]
	at org.apache.catalina.valves.ErrorReportValve.invoke(ErrorReportValve.java:93) ~[tomcat-embed-core-10.1.19.jar!/:na]
	at org.apache.catalina.core.StandardEngineValve.invoke(StandardEngineValve.java:74) ~[tomcat-embed-core-10.1.19.jar!/:na]
	at org.apache.catalina.connector.CoyoteAdapter.service(CoyoteAdapter.java:344) ~[tomcat-embed-core-10.1.19.jar!/:na]
	at org.apache.coyote.http11.Http11Processor.service(Http11Processor.java:391) ~[tomcat-embed-core-10.1.19.jar!/:na]
	at org.apache.coyote.AbstractProcessorLight.process(AbstractProcessorLight.java:63) ~[tomcat-embed-core-10.1.19.jar!/:na]
	at org.apache.coyote.AbstractProtocol$ConnectionHandler.process(AbstractProtocol.java:896) ~[tomcat-embed-core-10.1.19.jar!/:na]
	at org.apache.tomcat.util.net.NioEndpoint$SocketProcessor.doRun(NioEndpoint.java:1744) ~[tomcat-embed-core-10.1.19.jar!/:na]
	at org.apache.tomcat.util.net.SocketProcessorBase.run(SocketProcessorBase.java:52) ~[tomcat-embed-core-10.1.19.jar!/:na]
	at org.apache.tomcat.util.threads.ThreadPoolExecutor.runWorker(ThreadPoolExecutor.java:1191) ~[tomcat-embed-core-10.1.19.jar!/:na]
	at org.apache.tomcat.util.threads.ThreadPoolExecutor$Worker.run(ThreadPoolExecutor.java:659) ~[tomcat-embed-core-10.1.19.jar!/:na]
	at org.apache.tomcat.util.threads.TaskThread$WrappingRunnable.run(TaskThread.java:63) ~[tomcat-embed-core-10.1.19.jar!/:na]
	at java.base/java.lang.Thread.run(Thread.java:1575) ~[na:na]
Caused by: org.hibernate.exception.JDBCConnectionException: Unable to acquire JDBC Connection [HikariPool-1 - Connection is not available, request timed out after 30013ms.] [n/a]
	at org.hibernate.exception.internal.SQLExceptionTypeDelegate.convert(SQLExceptionTypeDelegate.java:51) ~[hibernate-core-6.4.4.Final.jar!/:6.4.4.Final]
	at org.hibernate.exception.internal.StandardSQLExceptionConverter.convert(StandardSQLExceptionConverter.java:58) ~[hibernate-core-6.4.4.Final.jar!/:6.4.4.Final]
	at org.hibernate.engine.jdbc.spi.SqlExceptionHelper.convert(SqlExceptionHelper.java:108) ~[hibernate-core-6.4.4.Final.jar!/:6.4.4.Final]
	at org.hibernate.engine.jdbc.spi.SqlExceptionHelper.convert(SqlExceptionHelper.java:94) ~[hibernate-core-6.4.4.Final.jar!/:6.4.4.Final]
	at org.hibernate.resource.jdbc.internal.LogicalConnectionManagedImpl.acquireConnectionIfNeeded(LogicalConnectionManagedImpl.java:116) ~[hibernate-core-6.4.4.Final.jar!/:6.4.4.Final]
	at org.hibernate.resource.jdbc.internal.LogicalConnectionManagedImpl.getPhysicalConnection(LogicalConnectionManagedImpl.java:143) ~[hibernate-core-6.4.4.Final.jar!/:6.4.4.Final]
	at org.hibernate.engine.jdbc.internal.StatementPreparerImpl.connection(StatementPreparerImpl.java:54) ~[hibernate-core-6.4.4.Final.jar!/:6.4.4.Final]
	at org.hibernate.engine.jdbc.internal.StatementPreparerImpl$5.doPrepare(StatementPreparerImpl.java:153) ~[hibernate-core-6.4.4.Final.jar!/:6.4.4.Final]
	at org.hibernate.engine.jdbc.internal.StatementPreparerImpl$StatementPreparationTemplate.prepareStatement(StatementPreparerImpl.java:183) ~[hibernate-core-6.4.4.Final.jar!/:6.4.4.Final]
	at org.hibernate.engine.jdbc.internal.StatementPreparerImpl.prepareQueryStatement(StatementPreparerImpl.java:155) ~[hibernate-core-6.4.4.Final.jar!/:6.4.4.Final]
	at org.hibernate.sql.exec.spi.JdbcSelectExecutor.lambda$list$0(JdbcSelectExecutor.java:85) ~[hibernate-core-6.4.4.Final.jar!/:6.4.4.Final]
	at org.hibernate.sql.results.jdbc.internal.DeferredResultSetAccess.executeQuery(DeferredResultSetAccess.java:231) ~[hibernate-core-6.4.4.Final.jar!/:6.4.4.Final]
	at org.hibernate.sql.results.jdbc.internal.DeferredResultSetAccess.getResultSet(DeferredResultSetAccess.java:167) ~[hibernate-core-6.4.4.Final.jar!/:6.4.4.Final]
	at org.hibernate.sql.results.jdbc.internal.JdbcValuesResultSetImpl.advanceNext(JdbcValuesResultSetImpl.java:218) ~[hibernate-core-6.4.4.Final.jar!/:6.4.4.Final]
	at org.hibernate.sql.results.jdbc.internal.JdbcValuesResultSetImpl.processNext(JdbcValuesResultSetImpl.java:98) ~[hibernate-core-6.4.4.Final.jar!/:6.4.4.Final]
	at org.hibernate.sql.results.jdbc.internal.AbstractJdbcValues.next(AbstractJdbcValues.java:19) ~[hibernate-core-6.4.4.Final.jar!/:6.4.4.Final]
	at org.hibernate.sql.results.internal.RowProcessingStateStandardImpl.next(RowProcessingStateStandardImpl.java:66) ~[hibernate-core-6.4.4.Final.jar!/:6.4.4.Final]
	at org.hibernate.sql.results.spi.ListResultsConsumer.consume(ListResultsConsumer.java:202) ~[hibernate-core-6.4.4.Final.jar!/:6.4.4.Final]
	at org.hibernate.sql.results.spi.ListResultsConsumer.consume(ListResultsConsumer.java:33) ~[hibernate-core-6.4.4.Final.jar!/:6.4.4.Final]
	at org.hibernate.sql.exec.internal.JdbcSelectExecutorStandardImpl.doExecuteQuery(JdbcSelectExecutorStandardImpl.java:209) ~[hibernate-core-6.4.4.Final.jar!/:6.4.4.Final]
	at org.hibernate.sql.exec.internal.JdbcSelectExecutorStandardImpl.executeQuery(JdbcSelectExecutorStandardImpl.java:83) ~[hibernate-core-6.4.4.Final.jar!/:6.4.4.Final]
	at org.hibernate.sql.exec.spi.JdbcSelectExecutor.list(JdbcSelectExecutor.java:76) ~[hibernate-core-6.4.4.Final.jar!/:6.4.4.Final]
	at org.hibernate.sql.exec.spi.JdbcSelectExecutor.list(JdbcSelectExecutor.java:65) ~[hibernate-core-6.4.4.Final.jar!/:6.4.4.Final]
	at org.hibernate.query.sqm.internal.ConcreteSqmSelectQueryPlan.lambda$new$2(ConcreteSqmSelectQueryPlan.java:137) ~[hibernate-core-6.4.4.Final.jar!/:6.4.4.Final]
	at org.hibernate.query.sqm.internal.ConcreteSqmSelectQueryPlan.withCacheableSqmInterpretation(ConcreteSqmSelectQueryPlan.java:362) ~[hibernate-core-6.4.4.Final.jar!/:6.4.4.Final]
	at org.hibernate.query.sqm.internal.ConcreteSqmSelectQueryPlan.performList(ConcreteSqmSelectQueryPlan.java:303) ~[hibernate-core-6.4.4.Final.jar!/:6.4.4.Final]
	at org.hibernate.query.sqm.internal.QuerySqmImpl.doList(QuerySqmImpl.java:509) ~[hibernate-core-6.4.4.Final.jar!/:6.4.4.Final]
	at org.hibernate.query.spi.AbstractSelectionQuery.list(AbstractSelectionQuery.java:427) ~[hibernate-core-6.4.4.Final.jar!/:6.4.4.Final]
	at org.hibernate.query.spi.AbstractSelectionQuery.getSingleResult(AbstractSelectionQuery.java:564) ~[hibernate-core-6.4.4.Final.jar!/:6.4.4.Final]
	at java.base/jdk.internal.reflect.DirectMethodHandleAccessor.invoke(DirectMethodHandleAccessor.java:103) ~[na:na]
	at java.base/java.lang.reflect.Method.invoke(Method.java:580) ~[na:na]
	at org.springframework.orm.jpa.SharedEntityManagerCreator$DeferredQueryInvocationHandler.invoke(SharedEntityManagerCreator.java:415) ~[spring-orm-6.1.4.jar!/:6.1.4]
	at jdk.proxy2/jdk.proxy2.$Proxy196.getSingleResult(Unknown Source) ~[na:na]
	at org.springframework.data.jpa.repository.query.JpaQueryExecution$SingleEntityExecution.doExecute(JpaQueryExecution.java:223) ~[spring-data-jpa-3.2.3.jar!/:3.2.3]
	at org.springframework.data.jpa.repository.query.JpaQueryExecution.execute(JpaQueryExecution.java:92) ~[spring-data-jpa-3.2.3.jar!/:3.2.3]
	at org.springframework.data.jpa.repository.query.AbstractJpaQuery.doExecute(AbstractJpaQuery.java:149) ~[spring-data-jpa-3.2.3.jar!/:3.2.3]
	at org.springframework.data.jpa.repository.query.AbstractJpaQuery.execute(AbstractJpaQuery.java:137) ~[spring-data-jpa-3.2.3.jar!/:3.2.3]
	at org.springframework.data.repository.core.support.RepositoryMethodInvoker.doInvoke(RepositoryMethodInvoker.java:170) ~[spring-data-commons-3.2.3.jar!/:3.2.3]
	at org.springframework.data.repository.core.support.RepositoryMethodInvoker.invoke(RepositoryMethodInvoker.java:158) ~[spring-data-commons-3.2.3.jar!/:3.2.3]
	at org.springframework.data.repository.core.support.QueryExecutorMethodInterceptor.doInvoke(QueryExecutorMethodInterceptor.java:164) ~[spring-data-commons-3.2.3.jar!/:3.2.3]
	at org.springframework.data.repository.core.support.QueryExecutorMethodInterceptor.invoke(QueryExecutorMethodInterceptor.java:143) ~[spring-data-commons-3.2.3.jar!/:3.2.3]
	at org.springframework.aop.framework.ReflectiveMethodInvocation.proceed(ReflectiveMethodInvocation.java:184) ~[spring-aop-6.1.4.jar!/:6.1.4]
	at org.springframework.data.projection.DefaultMethodInvokingMethodInterceptor.invoke(DefaultMethodInvokingMethodInterceptor.java:70) ~[spring-data-commons-3.2.3.jar!/:3.2.3]
	at org.springframework.aop.framework.ReflectiveMethodInvocation.proceed(ReflectiveMethodInvocation.java:184) ~[spring-aop-6.1.4.jar!/:6.1.4]
	at org.springframework.transaction.interceptor.TransactionInterceptor$1.proceedWithInvocation(TransactionInterceptor.java:123) ~[spring-tx-6.1.4.jar!/:6.1.4]
	at org.springframework.transaction.interceptor.TransactionAspectSupport.invokeWithinTransaction(TransactionAspectSupport.java:385) ~[spring-tx-6.1.4.jar!/:6.1.4]
	at org.springframework.transaction.interceptor.TransactionInterceptor.invoke(TransactionInterceptor.java:119) ~[spring-tx-6.1.4.jar!/:6.1.4]
	at org.springframework.aop.framework.ReflectiveMethodInvocation.proceed(ReflectiveMethodInvocation.java:184) ~[spring-aop-6.1.4.jar!/:6.1.4]
	at org.springframework.dao.support.PersistenceExceptionTranslationInterceptor.invoke(PersistenceExceptionTranslationInterceptor.java:137) ~[spring-tx-6.1.4.jar!/:6.1.4]
	... 69 common frames omitted
Caused by: java.sql.SQLTransientConnectionException: HikariPool-1 - Connection is not available, request timed out after 30013ms.
	at com.zaxxer.hikari.pool.HikariPool.createTimeoutException(HikariPool.java:696) ~[HikariCP-5.0.1.jar!/:na]
	at com.zaxxer.hikari.pool.HikariPool.getConnection(HikariPool.java:181) ~[HikariCP-5.0.1.jar!/:na]
	at com.zaxxer.hikari.pool.HikariPool.getConnection(HikariPool.java:146) ~[HikariCP-5.0.1.jar!/:na]
	at com.zaxxer.hikari.HikariDataSource.getConnection(HikariDataSource.java:128) ~[HikariCP-5.0.1.jar!/:na]
	at org.hibernate.engine.jdbc.connections.internal.DatasourceConnectionProviderImpl.getConnection(DatasourceConnectionProviderImpl.java:122) ~[hibernate-core-6.4.4.Final.jar!/:6.4.4.Final]
	at org.hibernate.internal.NonContextualJdbcConnectionAccess.obtainConnection(NonContextualJdbcConnectionAccess.java:46) ~[hibernate-core-6.4.4.Final.jar!/:6.4.4.Final]
	at org.hibernate.resource.jdbc.internal.LogicalConnectionManagedImpl.acquireConnectionIfNeeded(LogicalConnectionManagedImpl.java:113) ~[hibernate-core-6.4.4.Final.jar!/:6.4.4.Final]
	... 113 common frames omitted

2026-08-18T01:53:37.953+05:30 ERROR 22332 --- [fixmate-backend] [io-8081-exec-12] o.a.c.c.C.[.[.[/].[dispatcherServlet]    : Servlet.service() for servlet [dispatcherServlet] in context with path [] threw exception

org.springframework.dao.DataAccessResourceFailureException: Unable to acquire JDBC Connection [HikariPool-1 - Connection is not available, request timed out after 30032ms.] [n/a]
	at org.springframework.orm.jpa.vendor.HibernateJpaDialect.convertHibernateAccessException(HibernateJpaDialect.java:274) ~[spring-orm-6.1.4.jar!/:6.1.4]
	at org.springframework.orm.jpa.vendor.HibernateJpaDialect.translateExceptionIfPossible(HibernateJpaDialect.java:241) ~[spring-orm-6.1.4.jar!/:6.1.4]
	at org.springframework.orm.jpa.AbstractEntityManagerFactoryBean.translateExceptionIfPossible(AbstractEntityManagerFactoryBean.java:550) ~[spring-orm-6.1.4.jar!/:6.1.4]
	at org.springframework.dao.support.ChainedPersistenceExceptionTranslator.translateExceptionIfPossible(ChainedPersistenceExceptionTranslator.java:61) ~[spring-tx-6.1.4.jar!/:6.1.4]
	at org.springframework.dao.support.DataAccessUtils.translateIfNecessary(DataAccessUtils.java:335) ~[spring-tx-6.1.4.jar!/:6.1.4]
	at org.springframework.dao.support.PersistenceExceptionTranslationInterceptor.invoke(PersistenceExceptionTranslationInterceptor.java:152) ~[spring-tx-6.1.4.jar!/:6.1.4]
	at org.springframework.aop.framework.ReflectiveMethodInvocation.proceed(ReflectiveMethodInvocation.java:184) ~[spring-aop-6.1.4.jar!/:6.1.4]
	at org.springframework.data.jpa.repository.support.CrudMethodMetadataPostProcessor$CrudMethodMetadataPopulatingMethodInterceptor.invoke(CrudMethodMetadataPostProcessor.java:135) ~[spring-data-jpa-3.2.3.jar!/:3.2.3]
	at org.springframework.aop.framework.ReflectiveMethodInvocation.proceed(ReflectiveMethodInvocation.java:184) ~[spring-aop-6.1.4.jar!/:6.1.4]
	at org.springframework.aop.interceptor.ExposeInvocationInterceptor.invoke(ExposeInvocationInterceptor.java:97) ~[spring-aop-6.1.4.jar!/:6.1.4]
	at org.springframework.aop.framework.ReflectiveMethodInvocation.proceed(ReflectiveMethodInvocation.java:184) ~[spring-aop-6.1.4.jar!/:6.1.4]
	at org.springframework.aop.framework.JdkDynamicAopProxy.invoke(JdkDynamicAopProxy.java:220) ~[spring-aop-6.1.4.jar!/:6.1.4]
	at jdk.proxy2/jdk.proxy2.$Proxy142.findByEmail(Unknown Source) ~[na:na]
	at com.fixmate.config.ApplicationConfig.lambda$userDetailsService$1(ApplicationConfig.java:24) ~[!/:0.0.1-SNAPSHOT]
	at com.fixmate.config.JwtAuthenticationFilter.doFilterInternal(JwtAuthenticationFilter.java:46) ~[!/:0.0.1-SNAPSHOT]
	at org.springframework.web.filter.OncePerRequestFilter.doFilter(OncePerRequestFilter.java:116) ~[spring-web-6.1.4.jar!/:6.1.4]
	at org.springframework.security.web.FilterChainProxy$VirtualFilterChain.doFilter(FilterChainProxy.java:374) ~[spring-security-web-6.2.2.jar!/:6.2.2]
	at org.springframework.security.web.authentication.logout.LogoutFilter.doFilter(LogoutFilter.java:107) ~[spring-security-web-6.2.2.jar!/:6.2.2]
	at org.springframework.security.web.authentication.logout.LogoutFilter.doFilter(LogoutFilter.java:93) ~[spring-security-web-6.2.2.jar!/:6.2.2]
	at org.springframework.security.web.FilterChainProxy$VirtualFilterChain.doFilter(FilterChainProxy.java:374) ~[spring-security-web-6.2.2.jar!/:6.2.2]
	at org.springframework.web.filter.CorsFilter.doFilterInternal(CorsFilter.java:91) ~[spring-web-6.1.4.jar!/:6.1.4]
	at org.springframework.web.filter.OncePerRequestFilter.doFilter(OncePerRequestFilter.java:116) ~[spring-web-6.1.4.jar!/:6.1.4]
	at org.springframework.security.web.FilterChainProxy$VirtualFilterChain.doFilter(FilterChainProxy.java:374) ~[spring-security-web-6.2.2.jar!/:6.2.2]
	at org.springframework.security.web.header.HeaderWriterFilter.doHeadersAfter(HeaderWriterFilter.java:90) ~[spring-security-web-6.2.2.jar!/:6.2.2]
	at org.springframework.security.web.header.HeaderWriterFilter.doFilterInternal(HeaderWriterFilter.java:75) ~[spring-security-web-6.2.2.jar!/:6.2.2]
	at org.springframework.web.filter.OncePerRequestFilter.doFilter(OncePerRequestFilter.java:116) ~[spring-web-6.1.4.jar!/:6.1.4]
	at org.springframework.security.web.FilterChainProxy$VirtualFilterChain.doFilter(FilterChainProxy.java:374) ~[spring-security-web-6.2.2.jar!/:6.2.2]
	at org.springframework.security.web.context.SecurityContextHolderFilter.doFilter(SecurityContextHolderFilter.java:82) ~[spring-security-web-6.2.2.jar!/:6.2.2]
	at org.springframework.security.web.context.SecurityContextHolderFilter.doFilter(SecurityContextHolderFilter.java:69) ~[spring-security-web-6.2.2.jar!/:6.2.2]
	at org.springframework.security.web.FilterChainProxy$VirtualFilterChain.doFilter(FilterChainProxy.java:374) ~[spring-security-web-6.2.2.jar!/:6.2.2]
	at org.springframework.security.web.context.request.async.WebAsyncManagerIntegrationFilter.doFilterInternal(WebAsyncManagerIntegrationFilter.java:62) ~[spring-security-web-6.2.2.jar!/:6.2.2]
	at org.springframework.web.filter.OncePerRequestFilter.doFilter(OncePerRequestFilter.java:116) ~[spring-web-6.1.4.jar!/:6.1.4]
	at org.springframework.security.web.FilterChainProxy$VirtualFilterChain.doFilter(FilterChainProxy.java:374) ~[spring-security-web-6.2.2.jar!/:6.2.2]
	at org.springframework.security.web.session.DisableEncodeUrlFilter.doFilterInternal(DisableEncodeUrlFilter.java:42) ~[spring-security-web-6.2.2.jar!/:6.2.2]
	at org.springframework.web.filter.OncePerRequestFilter.doFilter(OncePerRequestFilter.java:116) ~[spring-web-6.1.4.jar!/:6.1.4]
	at org.springframework.security.web.FilterChainProxy$VirtualFilterChain.doFilter(FilterChainProxy.java:374) ~[spring-security-web-6.2.2.jar!/:6.2.2]
	at org.springframework.security.web.FilterChainProxy.doFilterInternal(FilterChainProxy.java:233) ~[spring-security-web-6.2.2.jar!/:6.2.2]
	at org.springframework.security.web.FilterChainProxy.doFilter(FilterChainProxy.java:191) ~[spring-security-web-6.2.2.jar!/:6.2.2]
	at org.springframework.web.filter.CompositeFilter$VirtualFilterChain.doFilter(CompositeFilter.java:113) ~[spring-web-6.1.4.jar!/:6.1.4]
	at org.springframework.web.servlet.handler.HandlerMappingIntrospector.lambda$createCacheFilter$3(HandlerMappingIntrospector.java:195) ~[spring-webmvc-6.1.4.jar!/:6.1.4]
	at org.springframework.web.filter.CompositeFilter$VirtualFilterChain.doFilter(CompositeFilter.java:113) ~[spring-web-6.1.4.jar!/:6.1.4]
	at org.springframework.web.filter.CompositeFilter.doFilter(CompositeFilter.java:74) ~[spring-web-6.1.4.jar!/:6.1.4]
	at org.springframework.security.config.annotation.web.configuration.WebMvcSecurityConfiguration$CompositeFilterChainProxy.doFilter(WebMvcSecurityConfiguration.java:230) ~[spring-security-config-6.2.2.jar!/:6.2.2]
	at org.springframework.web.filter.DelegatingFilterProxy.invokeDelegate(DelegatingFilterProxy.java:352) ~[spring-web-6.1.4.jar!/:6.1.4]
	at org.springframework.web.filter.DelegatingFilterProxy.doFilter(DelegatingFilterProxy.java:268) ~[spring-web-6.1.4.jar!/:6.1.4]
	at org.apache.catalina.core.ApplicationFilterChain.internalDoFilter(ApplicationFilterChain.java:174) ~[tomcat-embed-core-10.1.19.jar!/:na]
	at org.apache.catalina.core.ApplicationFilterChain.doFilter(ApplicationFilterChain.java:149) ~[tomcat-embed-core-10.1.19.jar!/:na]
	at org.springframework.web.filter.RequestContextFilter.doFilterInternal(RequestContextFilter.java:100) ~[spring-web-6.1.4.jar!/:6.1.4]
	at org.springframework.web.filter.OncePerRequestFilter.doFilter(OncePerRequestFilter.java:116) ~[spring-web-6.1.4.jar!/:6.1.4]
	at org.apache.catalina.core.ApplicationFilterChain.internalDoFilter(ApplicationFilterChain.java:174) ~[tomcat-embed-core-10.1.19.jar!/:na]
	at org.apache.catalina.core.ApplicationFilterChain.doFilter(ApplicationFilterChain.java:149) ~[tomcat-embed-core-10.1.19.jar!/:na]
	at org.springframework.web.filter.FormContentFilter.doFilterInternal(FormContentFilter.java:93) ~[spring-web-6.1.4.jar!/:6.1.4]
	at org.springframework.web.filter.OncePerRequestFilter.doFilter(OncePerRequestFilter.java:116) ~[spring-web-6.1.4.jar!/:6.1.4]
	at org.apache.catalina.core.ApplicationFilterChain.internalDoFilter(ApplicationFilterChain.java:174) ~[tomcat-embed-core-10.1.19.jar!/:na]
	at org.apache.catalina.core.ApplicationFilterChain.doFilter(ApplicationFilterChain.java:149) ~[tomcat-embed-core-10.1.19.jar!/:na]
	at org.springframework.web.filter.CharacterEncodingFilter.doFilterInternal(CharacterEncodingFilter.java:201) ~[spring-web-6.1.4.jar!/:6.1.4]
	at org.springframework.web.filter.OncePerRequestFilter.doFilter(OncePerRequestFilter.java:116) ~[spring-web-6.1.4.jar!/:6.1.4]
	at org.apache.catalina.core.ApplicationFilterChain.internalDoFilter(ApplicationFilterChain.java:174) ~[tomcat-embed-core-10.1.19.jar!/:na]
	at org.apache.catalina.core.ApplicationFilterChain.doFilter(ApplicationFilterChain.java:149) ~[tomcat-embed-core-10.1.19.jar!/:na]
	at org.apache.catalina.core.StandardWrapperValve.invoke(StandardWrapperValve.java:167) ~[tomcat-embed-core-10.1.19.jar!/:na]
	at org.apache.catalina.core.StandardContextValve.invoke(StandardContextValve.java:90) ~[tomcat-embed-core-10.1.19.jar!/:na]
	at org.apache.catalina.authenticator.AuthenticatorBase.invoke(AuthenticatorBase.java:482) ~[tomcat-embed-core-10.1.19.jar!/:na]
	at org.apache.catalina.core.StandardHostValve.invoke(StandardHostValve.java:115) ~[tomcat-embed-core-10.1.19.jar!/:na]
	at org.apache.catalina.valves.ErrorReportValve.invoke(ErrorReportValve.java:93) ~[tomcat-embed-core-10.1.19.jar!/:na]
	at org.apache.catalina.core.StandardEngineValve.invoke(StandardEngineValve.java:74) ~[tomcat-embed-core-10.1.19.jar!/:na]
	at org.apache.catalina.connector.CoyoteAdapter.service(CoyoteAdapter.java:344) ~[tomcat-embed-core-10.1.19.jar!/:na]
	at org.apache.coyote.http11.Http11Processor.service(Http11Processor.java:391) ~[tomcat-embed-core-10.1.19.jar!/:na]
	at org.apache.coyote.AbstractProcessorLight.process(AbstractProcessorLight.java:63) ~[tomcat-embed-core-10.1.19.jar!/:na]
	at org.apache.coyote.AbstractProtocol$ConnectionHandler.process(AbstractProtocol.java:896) ~[tomcat-embed-core-10.1.19.jar!/:na]
	at org.apache.tomcat.util.net.NioEndpoint$SocketProcessor.doRun(NioEndpoint.java:1744) ~[tomcat-embed-core-10.1.19.jar!/:na]
	at org.apache.tomcat.util.net.SocketProcessorBase.run(SocketProcessorBase.java:52) ~[tomcat-embed-core-10.1.19.jar!/:na]
	at org.apache.tomcat.util.threads.ThreadPoolExecutor.runWorker(ThreadPoolExecutor.java:1191) ~[tomcat-embed-core-10.1.19.jar!/:na]
	at org.apache.tomcat.util.threads.ThreadPoolExecutor$Worker.run(ThreadPoolExecutor.java:659) ~[tomcat-embed-core-10.1.19.jar!/:na]
	at org.apache.tomcat.util.threads.TaskThread$WrappingRunnable.run(TaskThread.java:63) ~[tomcat-embed-core-10.1.19.jar!/:na]
	at java.base/java.lang.Thread.run(Thread.java:1575) ~[na:na]
Caused by: org.hibernate.exception.JDBCConnectionException: Unable to acquire JDBC Connection [HikariPool-1 - Connection is not available, request timed out after 30032ms.] [n/a]
	at org.hibernate.exception.internal.SQLExceptionTypeDelegate.convert(SQLExceptionTypeDelegate.java:51) ~[hibernate-core-6.4.4.Final.jar!/:6.4.4.Final]
	at org.hibernate.exception.internal.StandardSQLExceptionConverter.convert(StandardSQLExceptionConverter.java:58) ~[hibernate-core-6.4.4.Final.jar!/:6.4.4.Final]
	at org.hibernate.engine.jdbc.spi.SqlExceptionHelper.convert(SqlExceptionHelper.java:108) ~[hibernate-core-6.4.4.Final.jar!/:6.4.4.Final]
	at org.hibernate.engine.jdbc.spi.SqlExceptionHelper.convert(SqlExceptionHelper.java:94) ~[hibernate-core-6.4.4.Final.jar!/:6.4.4.Final]
	at org.hibernate.resource.jdbc.internal.LogicalConnectionManagedImpl.acquireConnectionIfNeeded(LogicalConnectionManagedImpl.java:116) ~[hibernate-core-6.4.4.Final.jar!/:6.4.4.Final]
	at org.hibernate.resource.jdbc.internal.LogicalConnectionManagedImpl.getPhysicalConnection(LogicalConnectionManagedImpl.java:143) ~[hibernate-core-6.4.4.Final.jar!/:6.4.4.Final]
	at org.hibernate.engine.jdbc.internal.StatementPreparerImpl.connection(StatementPreparerImpl.java:54) ~[hibernate-core-6.4.4.Final.jar!/:6.4.4.Final]
	at org.hibernate.engine.jdbc.internal.StatementPreparerImpl$5.doPrepare(StatementPreparerImpl.java:153) ~[hibernate-core-6.4.4.Final.jar!/:6.4.4.Final]
	at org.hibernate.engine.jdbc.internal.StatementPreparerImpl$StatementPreparationTemplate.prepareStatement(StatementPreparerImpl.java:183) ~[hibernate-core-6.4.4.Final.jar!/:6.4.4.Final]
	at org.hibernate.engine.jdbc.internal.StatementPreparerImpl.prepareQueryStatement(StatementPreparerImpl.java:155) ~[hibernate-core-6.4.4.Final.jar!/:6.4.4.Final]
	at org.hibernate.sql.exec.spi.JdbcSelectExecutor.lambda$list$0(JdbcSelectExecutor.java:85) ~[hibernate-core-6.4.4.Final.jar!/:6.4.4.Final]
	at org.hibernate.sql.results.jdbc.internal.DeferredResultSetAccess.executeQuery(DeferredResultSetAccess.java:231) ~[hibernate-core-6.4.4.Final.jar!/:6.4.4.Final]
	at org.hibernate.sql.results.jdbc.internal.DeferredResultSetAccess.getResultSet(DeferredResultSetAccess.java:167) ~[hibernate-core-6.4.4.Final.jar!/:6.4.4.Final]
	at org.hibernate.sql.results.jdbc.internal.JdbcValuesResultSetImpl.advanceNext(JdbcValuesResultSetImpl.java:218) ~[hibernate-core-6.4.4.Final.jar!/:6.4.4.Final]
	at org.hibernate.sql.results.jdbc.internal.JdbcValuesResultSetImpl.processNext(JdbcValuesResultSetImpl.java:98) ~[hibernate-core-6.4.4.Final.jar!/:6.4.4.Final]
	at org.hibernate.sql.results.jdbc.internal.AbstractJdbcValues.next(AbstractJdbcValues.java:19) ~[hibernate-core-6.4.4.Final.jar!/:6.4.4.Final]
	at org.hibernate.sql.results.internal.RowProcessingStateStandardImpl.next(RowProcessingStateStandardImpl.java:66) ~[hibernate-core-6.4.4.Final.jar!/:6.4.4.Final]
	at org.hibernate.sql.results.spi.ListResultsConsumer.consume(ListResultsConsumer.java:202) ~[hibernate-core-6.4.4.Final.jar!/:6.4.4.Final]
	at org.hibernate.sql.results.spi.ListResultsConsumer.consume(ListResultsConsumer.java:33) ~[hibernate-core-6.4.4.Final.jar!/:6.4.4.Final]
	at org.hibernate.sql.exec.internal.JdbcSelectExecutorStandardImpl.doExecuteQuery(JdbcSelectExecutorStandardImpl.java:209) ~[hibernate-core-6.4.4.Final.jar!/:6.4.4.Final]
	at org.hibernate.sql.exec.internal.JdbcSelectExecutorStandardImpl.executeQuery(JdbcSelectExecutorStandardImpl.java:83) ~[hibernate-core-6.4.4.Final.jar!/:6.4.4.Final]
	at org.hibernate.sql.exec.spi.JdbcSelectExecutor.list(JdbcSelectExecutor.java:76) ~[hibernate-core-6.4.4.Final.jar!/:6.4.4.Final]
	at org.hibernate.sql.exec.spi.JdbcSelectExecutor.list(JdbcSelectExecutor.java:65) ~[hibernate-core-6.4.4.Final.jar!/:6.4.4.Final]
	at org.hibernate.query.sqm.internal.ConcreteSqmSelectQueryPlan.lambda$new$2(ConcreteSqmSelectQueryPlan.java:137) ~[hibernate-core-6.4.4.Final.jar!/:6.4.4.Final]
	at org.hibernate.query.sqm.internal.ConcreteSqmSelectQueryPlan.withCacheableSqmInterpretation(ConcreteSqmSelectQueryPlan.java:362) ~[hibernate-core-6.4.4.Final.jar!/:6.4.4.Final]
	at org.hibernate.query.sqm.internal.ConcreteSqmSelectQueryPlan.performList(ConcreteSqmSelectQueryPlan.java:303) ~[hibernate-core-6.4.4.Final.jar!/:6.4.4.Final]
	at org.hibernate.query.sqm.internal.QuerySqmImpl.doList(QuerySqmImpl.java:509) ~[hibernate-core-6.4.4.Final.jar!/:6.4.4.Final]
	at org.hibernate.query.spi.AbstractSelectionQuery.list(AbstractSelectionQuery.java:427) ~[hibernate-core-6.4.4.Final.jar!/:6.4.4.Final]
	at org.hibernate.query.spi.AbstractSelectionQuery.getSingleResult(AbstractSelectionQuery.java:564) ~[hibernate-core-6.4.4.Final.jar!/:6.4.4.Final]
	at java.base/jdk.internal.reflect.DirectMethodHandleAccessor.invoke(DirectMethodHandleAccessor.java:103) ~[na:na]
	at java.base/java.lang.reflect.Method.invoke(Method.java:580) ~[na:na]
	at org.springframework.orm.jpa.SharedEntityManagerCreator$DeferredQueryInvocationHandler.invoke(SharedEntityManagerCreator.java:415) ~[spring-orm-6.1.4.jar!/:6.1.4]
	at jdk.proxy2/jdk.proxy2.$Proxy196.getSingleResult(Unknown Source) ~[na:na]
	at org.springframework.data.jpa.repository.query.JpaQueryExecution$SingleEntityExecution.doExecute(JpaQueryExecution.java:223) ~[spring-data-jpa-3.2.3.jar!/:3.2.3]
	at org.springframework.data.jpa.repository.query.JpaQueryExecution.execute(JpaQueryExecution.java:92) ~[spring-data-jpa-3.2.3.jar!/:3.2.3]
	at org.springframework.data.jpa.repository.query.AbstractJpaQuery.doExecute(AbstractJpaQuery.java:149) ~[spring-data-jpa-3.2.3.jar!/:3.2.3]
	at org.springframework.data.jpa.repository.query.AbstractJpaQuery.execute(AbstractJpaQuery.java:137) ~[spring-data-jpa-3.2.3.jar!/:3.2.3]
	at org.springframework.data.repository.core.support.RepositoryMethodInvoker.doInvoke(RepositoryMethodInvoker.java:170) ~[spring-data-commons-3.2.3.jar!/:3.2.3]
	at org.springframework.data.repository.core.support.RepositoryMethodInvoker.invoke(RepositoryMethodInvoker.java:158) ~[spring-data-commons-3.2.3.jar!/:3.2.3]
	at org.springframework.data.repository.core.support.QueryExecutorMethodInterceptor.doInvoke(QueryExecutorMethodInterceptor.java:164) ~[spring-data-commons-3.2.3.jar!/:3.2.3]
	at org.springframework.data.repository.core.support.QueryExecutorMethodInterceptor.invoke(QueryExecutorMethodInterceptor.java:143) ~[spring-data-commons-3.2.3.jar!/:3.2.3]
	at org.springframework.aop.framework.ReflectiveMethodInvocation.proceed(ReflectiveMethodInvocation.java:184) ~[spring-aop-6.1.4.jar!/:6.1.4]
	at org.springframework.data.projection.DefaultMethodInvokingMethodInterceptor.invoke(DefaultMethodInvokingMethodInterceptor.java:70) ~[spring-data-commons-3.2.3.jar!/:3.2.3]
	at org.springframework.aop.framework.ReflectiveMethodInvocation.proceed(ReflectiveMethodInvocation.java:184) ~[spring-aop-6.1.4.jar!/:6.1.4]
	at org.springframework.transaction.interceptor.TransactionInterceptor$1.proceedWithInvocation(TransactionInterceptor.java:123) ~[spring-tx-6.1.4.jar!/:6.1.4]
	at org.springframework.transaction.interceptor.TransactionAspectSupport.invokeWithinTransaction(TransactionAspectSupport.java:385) ~[spring-tx-6.1.4.jar!/:6.1.4]
	at org.springframework.transaction.interceptor.TransactionInterceptor.invoke(TransactionInterceptor.java:119) ~[spring-tx-6.1.4.jar!/:6.1.4]
	at org.springframework.aop.framework.ReflectiveMethodInvocation.proceed(ReflectiveMethodInvocation.java:184) ~[spring-aop-6.1.4.jar!/:6.1.4]
	at org.springframework.dao.support.PersistenceExceptionTranslationInterceptor.invoke(PersistenceExceptionTranslationInterceptor.java:137) ~[spring-tx-6.1.4.jar!/:6.1.4]
	... 69 common frames omitted
Caused by: java.sql.SQLTransientConnectionException: HikariPool-1 - Connection is not available, request timed out after 30032ms.
	at com.zaxxer.hikari.pool.HikariPool.createTimeoutException(HikariPool.java:696) ~[HikariCP-5.0.1.jar!/:na]
	at com.zaxxer.hikari.pool.HikariPool.getConnection(HikariPool.java:181) ~[HikariCP-5.0.1.jar!/:na]
	at com.zaxxer.hikari.pool.HikariPool.getConnection(HikariPool.java:146) ~[HikariCP-5.0.1.jar!/:na]
	at com.zaxxer.hikari.HikariDataSource.getConnection(HikariDataSource.java:128) ~[HikariCP-5.0.1.jar!/:na]
	at org.hibernate.engine.jdbc.connections.internal.DatasourceConnectionProviderImpl.getConnection(DatasourceConnectionProviderImpl.java:122) ~[hibernate-core-6.4.4.Final.jar!/:6.4.4.Final]
	at org.hibernate.internal.NonContextualJdbcConnectionAccess.obtainConnection(NonContextualJdbcConnectionAccess.java:46) ~[hibernate-core-6.4.4.Final.jar!/:6.4.4.Final]
	at org.hibernate.resource.jdbc.internal.LogicalConnectionManagedImpl.acquireConnectionIfNeeded(LogicalConnectionManagedImpl.java:113) ~[hibernate-core-6.4.4.Final.jar!/:6.4.4.Final]
	... 113 common frames omitted

2026-08-18T01:53:37.951+05:30 ERROR 22332 --- [fixmate-backend] [io-8081-exec-11] o.a.c.c.C.[.[.[/].[dispatcherServlet]    : Servlet.service() for servlet [dispatcherServlet] in context with path [] threw exception

org.springframework.dao.DataAccessResourceFailureException: Unable to acquire JDBC Connection [HikariPool-1 - Connection is not available, request timed out after 30012ms.] [n/a]
	at org.springframework.orm.jpa.vendor.HibernateJpaDialect.convertHibernateAccessException(HibernateJpaDialect.java:274) ~[spring-orm-6.1.4.jar!/:6.1.4]
	at org.springframework.orm.jpa.vendor.HibernateJpaDialect.translateExceptionIfPossible(HibernateJpaDialect.java:241) ~[spring-orm-6.1.4.jar!/:6.1.4]
	at org.springframework.orm.jpa.AbstractEntityManagerFactoryBean.translateExceptionIfPossible(AbstractEntityManagerFactoryBean.java:550) ~[spring-orm-6.1.4.jar!/:6.1.4]
	at org.springframework.dao.support.ChainedPersistenceExceptionTranslator.translateExceptionIfPossible(ChainedPersistenceExceptionTranslator.java:61) ~[spring-tx-6.1.4.jar!/:6.1.4]
	at org.springframework.dao.support.DataAccessUtils.translateIfNecessary(DataAccessUtils.java:335) ~[spring-tx-6.1.4.jar!/:6.1.4]
	at org.springframework.dao.support.PersistenceExceptionTranslationInterceptor.invoke(PersistenceExceptionTranslationInterceptor.java:152) ~[spring-tx-6.1.4.jar!/:6.1.4]
	at org.springframework.aop.framework.ReflectiveMethodInvocation.proceed(ReflectiveMethodInvocation.java:184) ~[spring-aop-6.1.4.jar!/:6.1.4]
	at org.springframework.data.jpa.repository.support.CrudMethodMetadataPostProcessor$CrudMethodMetadataPopulatingMethodInterceptor.invoke(CrudMethodMetadataPostProcessor.java:135) ~[spring-data-jpa-3.2.3.jar!/:3.2.3]
	at org.springframework.aop.framework.ReflectiveMethodInvocation.proceed(ReflectiveMethodInvocation.java:184) ~[spring-aop-6.1.4.jar!/:6.1.4]
	at org.springframework.aop.interceptor.ExposeInvocationInterceptor.invoke(ExposeInvocationInterceptor.java:97) ~[spring-aop-6.1.4.jar!/:6.1.4]
	at org.springframework.aop.framework.ReflectiveMethodInvocation.proceed(ReflectiveMethodInvocation.java:184) ~[spring-aop-6.1.4.jar!/:6.1.4]
	at org.springframework.aop.framework.JdkDynamicAopProxy.invoke(JdkDynamicAopProxy.java:220) ~[spring-aop-6.1.4.jar!/:6.1.4]
	at jdk.proxy2/jdk.proxy2.$Proxy142.findByEmail(Unknown Source) ~[na:na]
	at com.fixmate.config.ApplicationConfig.lambda$userDetailsService$1(ApplicationConfig.java:24) ~[!/:0.0.1-SNAPSHOT]
	at com.fixmate.config.JwtAuthenticationFilter.doFilterInternal(JwtAuthenticationFilter.java:46) ~[!/:0.0.1-SNAPSHOT]
	at org.springframework.web.filter.OncePerRequestFilter.doFilter(OncePerRequestFilter.java:116) ~[spring-web-6.1.4.jar!/:6.1.4]
	at org.springframework.security.web.FilterChainProxy$VirtualFilterChain.doFilter(FilterChainProxy.java:374) ~[spring-security-web-6.2.2.jar!/:6.2.2]
	at org.springframework.security.web.authentication.logout.LogoutFilter.doFilter(LogoutFilter.java:107) ~[spring-security-web-6.2.2.jar!/:6.2.2]
	at org.springframework.security.web.authentication.logout.LogoutFilter.doFilter(LogoutFilter.java:93) ~[spring-security-web-6.2.2.jar!/:6.2.2]
	at org.springframework.security.web.FilterChainProxy$VirtualFilterChain.doFilter(FilterChainProxy.java:374) ~[spring-security-web-6.2.2.jar!/:6.2.2]
	at org.springframework.web.filter.CorsFilter.doFilterInternal(CorsFilter.java:91) ~[spring-web-6.1.4.jar!/:6.1.4]
	at org.springframework.web.filter.OncePerRequestFilter.doFilter(OncePerRequestFilter.java:116) ~[spring-web-6.1.4.jar!/:6.1.4]
	at org.springframework.security.web.FilterChainProxy$VirtualFilterChain.doFilter(FilterChainProxy.java:374) ~[spring-security-web-6.2.2.jar!/:6.2.2]
	at org.springframework.security.web.header.HeaderWriterFilter.doHeadersAfter(HeaderWriterFilter.java:90) ~[spring-security-web-6.2.2.jar!/:6.2.2]
	at org.springframework.security.web.header.HeaderWriterFilter.doFilterInternal(HeaderWriterFilter.java:75) ~[spring-security-web-6.2.2.jar!/:6.2.2]
	at org.springframework.web.filter.OncePerRequestFilter.doFilter(OncePerRequestFilter.java:116) ~[spring-web-6.1.4.jar!/:6.1.4]
	at org.springframework.security.web.FilterChainProxy$VirtualFilterChain.doFilter(FilterChainProxy.java:374) ~[spring-security-web-6.2.2.jar!/:6.2.2]
	at org.springframework.security.web.context.SecurityContextHolderFilter.doFilter(SecurityContextHolderFilter.java:82) ~[spring-security-web-6.2.2.jar!/:6.2.2]
	at org.springframework.security.web.context.SecurityContextHolderFilter.doFilter(SecurityContextHolderFilter.java:69) ~[spring-security-web-6.2.2.jar!/:6.2.2]
	at org.springframework.security.web.FilterChainProxy$VirtualFilterChain.doFilter(FilterChainProxy.java:374) ~[spring-security-web-6.2.2.jar!/:6.2.2]
	at org.springframework.security.web.context.request.async.WebAsyncManagerIntegrationFilter.doFilterInternal(WebAsyncManagerIntegrationFilter.java:62) ~[spring-security-web-6.2.2.jar!/:6.2.2]
	at org.springframework.web.filter.OncePerRequestFilter.doFilter(OncePerRequestFilter.java:116) ~[spring-web-6.1.4.jar!/:6.1.4]
	at org.springframework.security.web.FilterChainProxy$VirtualFilterChain.doFilter(FilterChainProxy.java:374) ~[spring-security-web-6.2.2.jar!/:6.2.2]
	at org.springframework.security.web.session.DisableEncodeUrlFilter.doFilterInternal(DisableEncodeUrlFilter.java:42) ~[spring-security-web-6.2.2.jar!/:6.2.2]
	at org.springframework.web.filter.OncePerRequestFilter.doFilter(OncePerRequestFilter.java:116) ~[spring-web-6.1.4.jar!/:6.1.4]
	at org.springframework.security.web.FilterChainProxy$VirtualFilterChain.doFilter(FilterChainProxy.java:374) ~[spring-security-web-6.2.2.jar!/:6.2.2]
	at org.springframework.security.web.FilterChainProxy.doFilterInternal(FilterChainProxy.java:233) ~[spring-security-web-6.2.2.jar!/:6.2.2]
	at org.springframework.security.web.FilterChainProxy.doFilter(FilterChainProxy.java:191) ~[spring-security-web-6.2.2.jar!/:6.2.2]
	at org.springframework.web.filter.CompositeFilter$VirtualFilterChain.doFilter(CompositeFilter.java:113) ~[spring-web-6.1.4.jar!/:6.1.4]
	at org.springframework.web.servlet.handler.HandlerMappingIntrospector.lambda$createCacheFilter$3(HandlerMappingIntrospector.java:195) ~[spring-webmvc-6.1.4.jar!/:6.1.4]
	at org.springframework.web.filter.CompositeFilter$VirtualFilterChain.doFilter(CompositeFilter.java:113) ~[spring-web-6.1.4.jar!/:6.1.4]
	at org.springframework.web.filter.CompositeFilter.doFilter(CompositeFilter.java:74) ~[spring-web-6.1.4.jar!/:6.1.4]
	at org.springframework.security.config.annotation.web.configuration.WebMvcSecurityConfiguration$CompositeFilterChainProxy.doFilter(WebMvcSecurityConfiguration.java:230) ~[spring-security-config-6.2.2.jar!/:6.2.2]
	at org.springframework.web.filter.DelegatingFilterProxy.invokeDelegate(DelegatingFilterProxy.java:352) ~[spring-web-6.1.4.jar!/:6.1.4]
	at org.springframework.web.filter.DelegatingFilterProxy.doFilter(DelegatingFilterProxy.java:268) ~[spring-web-6.1.4.jar!/:6.1.4]
	at org.apache.catalina.core.ApplicationFilterChain.internalDoFilter(ApplicationFilterChain.java:174) ~[tomcat-embed-core-10.1.19.jar!/:na]
	at org.apache.catalina.core.ApplicationFilterChain.doFilter(ApplicationFilterChain.java:149) ~[tomcat-embed-core-10.1.19.jar!/:na]
	at org.springframework.web.filter.RequestContextFilter.doFilterInternal(RequestContextFilter.java:100) ~[spring-web-6.1.4.jar!/:6.1.4]
	at org.springframework.web.filter.OncePerRequestFilter.doFilter(OncePerRequestFilter.java:116) ~[spring-web-6.1.4.jar!/:6.1.4]
	at org.apache.catalina.core.ApplicationFilterChain.internalDoFilter(ApplicationFilterChain.java:174) ~[tomcat-embed-core-10.1.19.jar!/:na]
	at org.apache.catalina.core.ApplicationFilterChain.doFilter(ApplicationFilterChain.java:149) ~[tomcat-embed-core-10.1.19.jar!/:na]
	at org.springframework.web.filter.FormContentFilter.doFilterInternal(FormContentFilter.java:93) ~[spring-web-6.1.4.jar!/:6.1.4]
	at org.springframework.web.filter.OncePerRequestFilter.doFilter(OncePerRequestFilter.java:116) ~[spring-web-6.1.4.jar!/:6.1.4]
	at org.apache.catalina.core.ApplicationFilterChain.internalDoFilter(ApplicationFilterChain.java:174) ~[tomcat-embed-core-10.1.19.jar!/:na]
	at org.apache.catalina.core.ApplicationFilterChain.doFilter(ApplicationFilterChain.java:149) ~[tomcat-embed-core-10.1.19.jar!/:na]
	at org.springframework.web.filter.CharacterEncodingFilter.doFilterInternal(CharacterEncodingFilter.java:201) ~[spring-web-6.1.4.jar!/:6.1.4]
	at org.springframework.web.filter.OncePerRequestFilter.doFilter(OncePerRequestFilter.java:116) ~[spring-web-6.1.4.jar!/:6.1.4]
	at org.apache.catalina.core.ApplicationFilterChain.internalDoFilter(ApplicationFilterChain.java:174) ~[tomcat-embed-core-10.1.19.jar!/:na]
	at org.apache.catalina.core.ApplicationFilterChain.doFilter(ApplicationFilterChain.java:149) ~[tomcat-embed-core-10.1.19.jar!/:na]
	at org.apache.catalina.core.StandardWrapperValve.invoke(StandardWrapperValve.java:167) ~[tomcat-embed-core-10.1.19.jar!/:na]
	at org.apache.catalina.core.StandardContextValve.invoke(StandardContextValve.java:90) ~[tomcat-embed-core-10.1.19.jar!/:na]
	at org.apache.catalina.authenticator.AuthenticatorBase.invoke(AuthenticatorBase.java:482) ~[tomcat-embed-core-10.1.19.jar!/:na]
	at org.apache.catalina.core.StandardHostValve.invoke(StandardHostValve.java:115) ~[tomcat-embed-core-10.1.19.jar!/:na]
	at org.apache.catalina.valves.ErrorReportValve.invoke(ErrorReportValve.java:93) ~[tomcat-embed-core-10.1.19.jar!/:na]
	at org.apache.catalina.core.StandardEngineValve.invoke(StandardEngineValve.java:74) ~[tomcat-embed-core-10.1.19.jar!/:na]
	at org.apache.catalina.connector.CoyoteAdapter.service(CoyoteAdapter.java:344) ~[tomcat-embed-core-10.1.19.jar!/:na]
	at org.apache.coyote.http11.Http11Processor.service(Http11Processor.java:391) ~[tomcat-embed-core-10.1.19.jar!/:na]
	at org.apache.coyote.AbstractProcessorLight.process(AbstractProcessorLight.java:63) ~[tomcat-embed-core-10.1.19.jar!/:na]
	at org.apache.coyote.AbstractProtocol$ConnectionHandler.process(AbstractProtocol.java:896) ~[tomcat-embed-core-10.1.19.jar!/:na]
	at org.apache.tomcat.util.net.NioEndpoint$SocketProcessor.doRun(NioEndpoint.java:1744) ~[tomcat-embed-core-10.1.19.jar!/:na]
	at org.apache.tomcat.util.net.SocketProcessorBase.run(SocketProcessorBase.java:52) ~[tomcat-embed-core-10.1.19.jar!/:na]
	at org.apache.tomcat.util.threads.ThreadPoolExecutor.runWorker(ThreadPoolExecutor.java:1191) ~[tomcat-embed-core-10.1.19.jar!/:na]
	at org.apache.tomcat.util.threads.ThreadPoolExecutor$Worker.run(ThreadPoolExecutor.java:659) ~[tomcat-embed-core-10.1.19.jar!/:na]
	at org.apache.tomcat.util.threads.TaskThread$WrappingRunnable.run(TaskThread.java:63) ~[tomcat-embed-core-10.1.19.jar!/:na]
	at java.base/java.lang.Thread.run(Thread.java:1575) ~[na:na]
Caused by: org.hibernate.exception.JDBCConnectionException: Unable to acquire JDBC Connection [HikariPool-1 - Connection is not available, request timed out after 30012ms.] [n/a]
	at org.hibernate.exception.internal.SQLExceptionTypeDelegate.convert(SQLExceptionTypeDelegate.java:51) ~[hibernate-core-6.4.4.Final.jar!/:6.4.4.Final]
	at org.hibernate.exception.internal.StandardSQLExceptionConverter.convert(StandardSQLExceptionConverter.java:58) ~[hibernate-core-6.4.4.Final.jar!/:6.4.4.Final]
	at org.hibernate.engine.jdbc.spi.SqlExceptionHelper.convert(SqlExceptionHelper.java:108) ~[hibernate-core-6.4.4.Final.jar!/:6.4.4.Final]
	at org.hibernate.engine.jdbc.spi.SqlExceptionHelper.convert(SqlExceptionHelper.java:94) ~[hibernate-core-6.4.4.Final.jar!/:6.4.4.Final]
	at org.hibernate.resource.jdbc.internal.LogicalConnectionManagedImpl.acquireConnectionIfNeeded(LogicalConnectionManagedImpl.java:116) ~[hibernate-core-6.4.4.Final.jar!/:6.4.4.Final]
	at org.hibernate.resource.jdbc.internal.LogicalConnectionManagedImpl.getPhysicalConnection(LogicalConnectionManagedImpl.java:143) ~[hibernate-core-6.4.4.Final.jar!/:6.4.4.Final]
	at org.hibernate.engine.jdbc.internal.StatementPreparerImpl.connection(StatementPreparerImpl.java:54) ~[hibernate-core-6.4.4.Final.jar!/:6.4.4.Final]
	at org.hibernate.engine.jdbc.internal.StatementPreparerImpl$5.doPrepare(StatementPreparerImpl.java:153) ~[hibernate-core-6.4.4.Final.jar!/:6.4.4.Final]
	at org.hibernate.engine.jdbc.internal.StatementPreparerImpl$StatementPreparationTemplate.prepareStatement(StatementPreparerImpl.java:183) ~[hibernate-core-6.4.4.Final.jar!/:6.4.4.Final]
	at org.hibernate.engine.jdbc.internal.StatementPreparerImpl.prepareQueryStatement(StatementPreparerImpl.java:155) ~[hibernate-core-6.4.4.Final.jar!/:6.4.4.Final]
	at org.hibernate.sql.exec.spi.JdbcSelectExecutor.lambda$list$0(JdbcSelectExecutor.java:85) ~[hibernate-core-6.4.4.Final.jar!/:6.4.4.Final]
	at org.hibernate.sql.results.jdbc.internal.DeferredResultSetAccess.executeQuery(DeferredResultSetAccess.java:231) ~[hibernate-core-6.4.4.Final.jar!/:6.4.4.Final]
	at org.hibernate.sql.results.jdbc.internal.DeferredResultSetAccess.getResultSet(DeferredResultSetAccess.java:167) ~[hibernate-core-6.4.4.Final.jar!/:6.4.4.Final]
	at org.hibernate.sql.results.jdbc.internal.JdbcValuesResultSetImpl.advanceNext(JdbcValuesResultSetImpl.java:218) ~[hibernate-core-6.4.4.Final.jar!/:6.4.4.Final]
	at org.hibernate.sql.results.jdbc.internal.JdbcValuesResultSetImpl.processNext(JdbcValuesResultSetImpl.java:98) ~[hibernate-core-6.4.4.Final.jar!/:6.4.4.Final]
	at org.hibernate.sql.results.jdbc.internal.AbstractJdbcValues.next(AbstractJdbcValues.java:19) ~[hibernate-core-6.4.4.Final.jar!/:6.4.4.Final]
	at org.hibernate.sql.results.internal.RowProcessingStateStandardImpl.next(RowProcessingStateStandardImpl.java:66) ~[hibernate-core-6.4.4.Final.jar!/:6.4.4.Final]
	at org.hibernate.sql.results.spi.ListResultsConsumer.consume(ListResultsConsumer.java:202) ~[hibernate-core-6.4.4.Final.jar!/:6.4.4.Final]
	at org.hibernate.sql.results.spi.ListResultsConsumer.consume(ListResultsConsumer.java:33) ~[hibernate-core-6.4.4.Final.jar!/:6.4.4.Final]
	at org.hibernate.sql.exec.internal.JdbcSelectExecutorStandardImpl.doExecuteQuery(JdbcSelectExecutorStandardImpl.java:209) ~[hibernate-core-6.4.4.Final.jar!/:6.4.4.Final]
	at org.hibernate.sql.exec.internal.JdbcSelectExecutorStandardImpl.executeQuery(JdbcSelectExecutorStandardImpl.java:83) ~[hibernate-core-6.4.4.Final.jar!/:6.4.4.Final]
	at org.hibernate.sql.exec.spi.JdbcSelectExecutor.list(JdbcSelectExecutor.java:76) ~[hibernate-core-6.4.4.Final.jar!/:6.4.4.Final]
	at org.hibernate.sql.exec.spi.JdbcSelectExecutor.list(JdbcSelectExecutor.java:65) ~[hibernate-core-6.4.4.Final.jar!/:6.4.4.Final]
	at org.hibernate.query.sqm.internal.ConcreteSqmSelectQueryPlan.lambda$new$2(ConcreteSqmSelectQueryPlan.java:137) ~[hibernate-core-6.4.4.Final.jar!/:6.4.4.Final]
	at org.hibernate.query.sqm.internal.ConcreteSqmSelectQueryPlan.withCacheableSqmInterpretation(ConcreteSqmSelectQueryPlan.java:362) ~[hibernate-core-6.4.4.Final.jar!/:6.4.4.Final]
	at org.hibernate.query.sqm.internal.ConcreteSqmSelectQueryPlan.performList(ConcreteSqmSelectQueryPlan.java:303) ~[hibernate-core-6.4.4.Final.jar!/:6.4.4.Final]
	at org.hibernate.query.sqm.internal.QuerySqmImpl.doList(QuerySqmImpl.java:509) ~[hibernate-core-6.4.4.Final.jar!/:6.4.4.Final]
	at org.hibernate.query.spi.AbstractSelectionQuery.list(AbstractSelectionQuery.java:427) ~[hibernate-core-6.4.4.Final.jar!/:6.4.4.Final]
	at org.hibernate.query.spi.AbstractSelectionQuery.getSingleResult(AbstractSelectionQuery.java:564) ~[hibernate-core-6.4.4.Final.jar!/:6.4.4.Final]
	at java.base/jdk.internal.reflect.DirectMethodHandleAccessor.invoke(DirectMethodHandleAccessor.java:103) ~[na:na]
	at java.base/java.lang.reflect.Method.invoke(Method.java:580) ~[na:na]
	at org.springframework.orm.jpa.SharedEntityManagerCreator$DeferredQueryInvocationHandler.invoke(SharedEntityManagerCreator.java:415) ~[spring-orm-6.1.4.jar!/:6.1.4]
	at jdk.proxy2/jdk.proxy2.$Proxy196.getSingleResult(Unknown Source) ~[na:na]
	at org.springframework.data.jpa.repository.query.JpaQueryExecution$SingleEntityExecution.doExecute(JpaQueryExecution.java:223) ~[spring-data-jpa-3.2.3.jar!/:3.2.3]
	at org.springframework.data.jpa.repository.query.JpaQueryExecution.execute(JpaQueryExecution.java:92) ~[spring-data-jpa-3.2.3.jar!/:3.2.3]
	at org.springframework.data.jpa.repository.query.AbstractJpaQuery.doExecute(AbstractJpaQuery.java:149) ~[spring-data-jpa-3.2.3.jar!/:3.2.3]
	at org.springframework.data.jpa.repository.query.AbstractJpaQuery.execute(AbstractJpaQuery.java:137) ~[spring-data-jpa-3.2.3.jar!/:3.2.3]
	at org.springframework.data.repository.core.support.RepositoryMethodInvoker.doInvoke(RepositoryMethodInvoker.java:170) ~[spring-data-commons-3.2.3.jar!/:3.2.3]
	at org.springframework.data.repository.core.support.RepositoryMethodInvoker.invoke(RepositoryMethodInvoker.java:158) ~[spring-data-commons-3.2.3.jar!/:3.2.3]
	at org.springframework.data.repository.core.support.QueryExecutorMethodInterceptor.doInvoke(QueryExecutorMethodInterceptor.java:164) ~[spring-data-commons-3.2.3.jar!/:3.2.3]
	at org.springframework.data.repository.core.support.QueryExecutorMethodInterceptor.invoke(QueryExecutorMethodInterceptor.java:143) ~[spring-data-commons-3.2.3.jar!/:3.2.3]
	at org.springframework.aop.framework.ReflectiveMethodInvocation.proceed(ReflectiveMethodInvocation.java:184) ~[spring-aop-6.1.4.jar!/:6.1.4]
	at org.springframework.data.projection.DefaultMethodInvokingMethodInterceptor.invoke(DefaultMethodInvokingMethodInterceptor.java:70) ~[spring-data-commons-3.2.3.jar!/:3.2.3]
	at org.springframework.aop.framework.ReflectiveMethodInvocation.proceed(ReflectiveMethodInvocation.java:184) ~[spring-aop-6.1.4.jar!/:6.1.4]
	at org.springframework.transaction.interceptor.TransactionInterceptor$1.proceedWithInvocation(TransactionInterceptor.java:123) ~[spring-tx-6.1.4.jar!/:6.1.4]
	at org.springframework.transaction.interceptor.TransactionAspectSupport.invokeWithinTransaction(TransactionAspectSupport.java:385) ~[spring-tx-6.1.4.jar!/:6.1.4]
	at org.springframework.transaction.interceptor.TransactionInterceptor.invoke(TransactionInterceptor.java:119) ~[spring-tx-6.1.4.jar!/:6.1.4]
	at org.springframework.aop.framework.ReflectiveMethodInvocation.proceed(ReflectiveMethodInvocation.java:184) ~[spring-aop-6.1.4.jar!/:6.1.4]
	at org.springframework.dao.support.PersistenceExceptionTranslationInterceptor.invoke(PersistenceExceptionTranslationInterceptor.java:137) ~[spring-tx-6.1.4.jar!/:6.1.4]
	... 69 common frames omitted
Caused by: java.sql.SQLTransientConnectionException: HikariPool-1 - Connection is not available, request timed out after 30012ms.
	at com.zaxxer.hikari.pool.HikariPool.createTimeoutException(HikariPool.java:696) ~[HikariCP-5.0.1.jar!/:na]
	at com.zaxxer.hikari.pool.HikariPool.getConnection(HikariPool.java:181) ~[HikariCP-5.0.1.jar!/:na]
	at com.zaxxer.hikari.pool.HikariPool.getConnection(HikariPool.java:146) ~[HikariCP-5.0.1.jar!/:na]
	at com.zaxxer.hikari.HikariDataSource.getConnection(HikariDataSource.java:128) ~[HikariCP-5.0.1.jar!/:na]
	at org.hibernate.engine.jdbc.connections.internal.DatasourceConnectionProviderImpl.getConnection(DatasourceConnectionProviderImpl.java:122) ~[hibernate-core-6.4.4.Final.jar!/:6.4.4.Final]
	at org.hibernate.internal.NonContextualJdbcConnectionAccess.obtainConnection(NonContextualJdbcConnectionAccess.java:46) ~[hibernate-core-6.4.4.Final.jar!/:6.4.4.Final]
	at org.hibernate.resource.jdbc.internal.LogicalConnectionManagedImpl.acquireConnectionIfNeeded(LogicalConnectionManagedImpl.java:113) ~[hibernate-core-6.4.4.Final.jar!/:6.4.4.Final]
	... 113 common frames omitted

2026-08-18T01:58:07.916+05:30  INFO 22332 --- [fixmate-backend] [trap-executor-0] c.n.d.s.r.aws.ConfigClusterResolver      : Resolving eureka endpoints via configuration
2026-08-18T02:03:07.968+05:30  INFO 22332 --- [fixmate-backend] [trap-executor-0] c.n.d.s.r.aws.ConfigClusterResolver      : Resolving eureka endpoints via configuration
Hibernate: select u1_0.id,u1_0.email,u1_0.first_name,u1_0.last_name,u1_0.password,u1_0.phone,u1_0.role from users u1_0 where u1_0.email=?
Hibernate: select u1_0.id,u1_0.email,u1_0.first_name,u1_0.last_name,u1_0.password,u1_0.phone,u1_0.role from users u1_0 where u1_0.email=?
2026-08-18T02:47:19.264+05:30  WARN 22332 --- [fixmate-backend] [l-1 housekeeper] com.zaxxer.hikari.pool.HikariPool        : HikariPool-1 - Thread starvation or clock leap detected (housekeeper delta=42m24s819ms257µs300ns).
Hibernate: select u1_0.id,u1_0.email,u1_0.first_name,u1_0.last_name,u1_0.password,u1_0.phone,u1_0.role from users u1_0 where u1_0.email=?
Hibernate: select u1_0.id,u1_0.email,u1_0.first_name,u1_0.last_name,u1_0.password,u1_0.phone,u1_0.role from users u1_0 where u1_0.email=?
2026-08-18T02:47:40.338+05:30  WARN 22332 --- [fixmate-backend] [nio-8081-exec-7] o.h.engine.jdbc.spi.SqlExceptionHelper   : SQL Error: 0, SQLState: null
2026-08-18T02:47:40.339+05:30 ERROR 22332 --- [fixmate-backend] [nio-8081-exec-7] o.h.engine.jdbc.spi.SqlExceptionHelper   : HikariPool-1 - Connection is not available, request timed out after 30015ms.
2026-08-18T02:47:40.355+05:30 ERROR 22332 --- [fixmate-backend] [nio-8081-exec-7] o.a.c.c.C.[.[.[/].[dispatcherServlet]    : Servlet.service() for servlet [dispatcherServlet] in context with path [] threw exception

org.springframework.dao.DataAccessResourceFailureException: Unable to acquire JDBC Connection [HikariPool-1 - Connection is not available, request timed out after 30015ms.] [n/a]
	at org.springframework.orm.jpa.vendor.HibernateJpaDialect.convertHibernateAccessException(HibernateJpaDialect.java:274) ~[spring-orm-6.1.4.jar!/:6.1.4]
	at org.springframework.orm.jpa.vendor.HibernateJpaDialect.translateExceptionIfPossible(HibernateJpaDialect.java:241) ~[spring-orm-6.1.4.jar!/:6.1.4]
	at org.springframework.orm.jpa.AbstractEntityManagerFactoryBean.translateExceptionIfPossible(AbstractEntityManagerFactoryBean.java:550) ~[spring-orm-6.1.4.jar!/:6.1.4]
	at org.springframework.dao.support.ChainedPersistenceExceptionTranslator.translateExceptionIfPossible(ChainedPersistenceExceptionTranslator.java:61) ~[spring-tx-6.1.4.jar!/:6.1.4]
	at org.springframework.dao.support.DataAccessUtils.translateIfNecessary(DataAccessUtils.java:335) ~[spring-tx-6.1.4.jar!/:6.1.4]
	at org.springframework.dao.support.PersistenceExceptionTranslationInterceptor.invoke(PersistenceExceptionTranslationInterceptor.java:152) ~[spring-tx-6.1.4.jar!/:6.1.4]
	at org.springframework.aop.framework.ReflectiveMethodInvocation.proceed(ReflectiveMethodInvocation.java:184) ~[spring-aop-6.1.4.jar!/:6.1.4]
	at org.springframework.data.jpa.repository.support.CrudMethodMetadataPostProcessor$CrudMethodMetadataPopulatingMethodInterceptor.invoke(CrudMethodMetadataPostProcessor.java:135) ~[spring-data-jpa-3.2.3.jar!/:3.2.3]
	at org.springframework.aop.framework.ReflectiveMethodInvocation.proceed(ReflectiveMethodInvocation.java:184) ~[spring-aop-6.1.4.jar!/:6.1.4]
	at org.springframework.aop.interceptor.ExposeInvocationInterceptor.invoke(ExposeInvocationInterceptor.java:97) ~[spring-aop-6.1.4.jar!/:6.1.4]
	at org.springframework.aop.framework.ReflectiveMethodInvocation.proceed(ReflectiveMethodInvocation.java:184) ~[spring-aop-6.1.4.jar!/:6.1.4]
	at org.springframework.aop.framework.JdkDynamicAopProxy.invoke(JdkDynamicAopProxy.java:220) ~[spring-aop-6.1.4.jar!/:6.1.4]
	at jdk.proxy2/jdk.proxy2.$Proxy142.findByEmail(Unknown Source) ~[na:na]
	at com.fixmate.config.ApplicationConfig.lambda$userDetailsService$1(ApplicationConfig.java:24) ~[!/:0.0.1-SNAPSHOT]
	at com.fixmate.config.JwtAuthenticationFilter.doFilterInternal(JwtAuthenticationFilter.java:46) ~[!/:0.0.1-SNAPSHOT]
	at org.springframework.web.filter.OncePerRequestFilter.doFilter(OncePerRequestFilter.java:116) ~[spring-web-6.1.4.jar!/:6.1.4]
	at org.springframework.security.web.FilterChainProxy$VirtualFilterChain.doFilter(FilterChainProxy.java:374) ~[spring-security-web-6.2.2.jar!/:6.2.2]
	at org.springframework.security.web.authentication.logout.LogoutFilter.doFilter(LogoutFilter.java:107) ~[spring-security-web-6.2.2.jar!/:6.2.2]
	at org.springframework.security.web.authentication.logout.LogoutFilter.doFilter(LogoutFilter.java:93) ~[spring-security-web-6.2.2.jar!/:6.2.2]
	at org.springframework.security.web.FilterChainProxy$VirtualFilterChain.doFilter(FilterChainProxy.java:374) ~[spring-security-web-6.2.2.jar!/:6.2.2]
	at org.springframework.web.filter.CorsFilter.doFilterInternal(CorsFilter.java:91) ~[spring-web-6.1.4.jar!/:6.1.4]
	at org.springframework.web.filter.OncePerRequestFilter.doFilter(OncePerRequestFilter.java:116) ~[spring-web-6.1.4.jar!/:6.1.4]
	at org.springframework.security.web.FilterChainProxy$VirtualFilterChain.doFilter(FilterChainProxy.java:374) ~[spring-security-web-6.2.2.jar!/:6.2.2]
	at org.springframework.security.web.header.HeaderWriterFilter.doHeadersAfter(HeaderWriterFilter.java:90) ~[spring-security-web-6.2.2.jar!/:6.2.2]
	at org.springframework.security.web.header.HeaderWriterFilter.doFilterInternal(HeaderWriterFilter.java:75) ~[spring-security-web-6.2.2.jar!/:6.2.2]
	at org.springframework.web.filter.OncePerRequestFilter.doFilter(OncePerRequestFilter.java:116) ~[spring-web-6.1.4.jar!/:6.1.4]
	at org.springframework.security.web.FilterChainProxy$VirtualFilterChain.doFilter(FilterChainProxy.java:374) ~[spring-security-web-6.2.2.jar!/:6.2.2]
	at org.springframework.security.web.context.SecurityContextHolderFilter.doFilter(SecurityContextHolderFilter.java:82) ~[spring-security-web-6.2.2.jar!/:6.2.2]
	at org.springframework.security.web.context.SecurityContextHolderFilter.doFilter(SecurityContextHolderFilter.java:69) ~[spring-security-web-6.2.2.jar!/:6.2.2]
	at org.springframework.security.web.FilterChainProxy$VirtualFilterChain.doFilter(FilterChainProxy.java:374) ~[spring-security-web-6.2.2.jar!/:6.2.2]
	at org.springframework.security.web.context.request.async.WebAsyncManagerIntegrationFilter.doFilterInternal(WebAsyncManagerIntegrationFilter.java:62) ~[spring-security-web-6.2.2.jar!/:6.2.2]
	at org.springframework.web.filter.OncePerRequestFilter.doFilter(OncePerRequestFilter.java:116) ~[spring-web-6.1.4.jar!/:6.1.4]
	at org.springframework.security.web.FilterChainProxy$VirtualFilterChain.doFilter(FilterChainProxy.java:374) ~[spring-security-web-6.2.2.jar!/:6.2.2]
	at org.springframework.security.web.session.DisableEncodeUrlFilter.doFilterInternal(DisableEncodeUrlFilter.java:42) ~[spring-security-web-6.2.2.jar!/:6.2.2]
	at org.springframework.web.filter.OncePerRequestFilter.doFilter(OncePerRequestFilter.java:116) ~[spring-web-6.1.4.jar!/:6.1.4]
	at org.springframework.security.web.FilterChainProxy$VirtualFilterChain.doFilter(FilterChainProxy.java:374) ~[spring-security-web-6.2.2.jar!/:6.2.2]
	at org.springframework.security.web.FilterChainProxy.doFilterInternal(FilterChainProxy.java:233) ~[spring-security-web-6.2.2.jar!/:6.2.2]
	at org.springframework.security.web.FilterChainProxy.doFilter(FilterChainProxy.java:191) ~[spring-security-web-6.2.2.jar!/:6.2.2]
	at org.springframework.web.filter.CompositeFilter$VirtualFilterChain.doFilter(CompositeFilter.java:113) ~[spring-web-6.1.4.jar!/:6.1.4]
	at org.springframework.web.servlet.handler.HandlerMappingIntrospector.lambda$createCacheFilter$3(HandlerMappingIntrospector.java:195) ~[spring-webmvc-6.1.4.jar!/:6.1.4]
	at org.springframework.web.filter.CompositeFilter$VirtualFilterChain.doFilter(CompositeFilter.java:113) ~[spring-web-6.1.4.jar!/:6.1.4]
	at org.springframework.web.filter.CompositeFilter.doFilter(CompositeFilter.java:74) ~[spring-web-6.1.4.jar!/:6.1.4]
	at org.springframework.security.config.annotation.web.configuration.WebMvcSecurityConfiguration$CompositeFilterChainProxy.doFilter(WebMvcSecurityConfiguration.java:230) ~[spring-security-config-6.2.2.jar!/:6.2.2]
	at org.springframework.web.filter.DelegatingFilterProxy.invokeDelegate(DelegatingFilterProxy.java:352) ~[spring-web-6.1.4.jar!/:6.1.4]
	at org.springframework.web.filter.DelegatingFilterProxy.doFilter(DelegatingFilterProxy.java:268) ~[spring-web-6.1.4.jar!/:6.1.4]
	at org.apache.catalina.core.ApplicationFilterChain.internalDoFilter(ApplicationFilterChain.java:174) ~[tomcat-embed-core-10.1.19.jar!/:na]
	at org.apache.catalina.core.ApplicationFilterChain.doFilter(ApplicationFilterChain.java:149) ~[tomcat-embed-core-10.1.19.jar!/:na]
	at org.springframework.web.filter.RequestContextFilter.doFilterInternal(RequestContextFilter.java:100) ~[spring-web-6.1.4.jar!/:6.1.4]
	at org.springframework.web.filter.OncePerRequestFilter.doFilter(OncePerRequestFilter.java:116) ~[spring-web-6.1.4.jar!/:6.1.4]
	at org.apache.catalina.core.ApplicationFilterChain.internalDoFilter(ApplicationFilterChain.java:174) ~[tomcat-embed-core-10.1.19.jar!/:na]
	at org.apache.catalina.core.ApplicationFilterChain.doFilter(ApplicationFilterChain.java:149) ~[tomcat-embed-core-10.1.19.jar!/:na]
	at org.springframework.web.filter.FormContentFilter.doFilterInternal(FormContentFilter.java:93) ~[spring-web-6.1.4.jar!/:6.1.4]
	at org.springframework.web.filter.OncePerRequestFilter.doFilter(OncePerRequestFilter.java:116) ~[spring-web-6.1.4.jar!/:6.1.4]
	at org.apache.catalina.core.ApplicationFilterChain.internalDoFilter(ApplicationFilterChain.java:174) ~[tomcat-embed-core-10.1.19.jar!/:na]
	at org.apache.catalina.core.ApplicationFilterChain.doFilter(ApplicationFilterChain.java:149) ~[tomcat-embed-core-10.1.19.jar!/:na]
	at org.springframework.web.filter.CharacterEncodingFilter.doFilterInternal(CharacterEncodingFilter.java:201) ~[spring-web-6.1.4.jar!/:6.1.4]
	at org.springframework.web.filter.OncePerRequestFilter.doFilter(OncePerRequestFilter.java:116) ~[spring-web-6.1.4.jar!/:6.1.4]
	at org.apache.catalina.core.ApplicationFilterChain.internalDoFilter(ApplicationFilterChain.java:174) ~[tomcat-embed-core-10.1.19.jar!/:na]
	at org.apache.catalina.core.ApplicationFilterChain.doFilter(ApplicationFilterChain.java:149) ~[tomcat-embed-core-10.1.19.jar!/:na]
	at org.apache.catalina.core.StandardWrapperValve.invoke(StandardWrapperValve.java:167) ~[tomcat-embed-core-10.1.19.jar!/:na]
	at org.apache.catalina.core.StandardContextValve.invoke(StandardContextValve.java:90) ~[tomcat-embed-core-10.1.19.jar!/:na]
	at org.apache.catalina.authenticator.AuthenticatorBase.invoke(AuthenticatorBase.java:482) ~[tomcat-embed-core-10.1.19.jar!/:na]
	at org.apache.catalina.core.StandardHostValve.invoke(StandardHostValve.java:115) ~[tomcat-embed-core-10.1.19.jar!/:na]
	at org.apache.catalina.valves.ErrorReportValve.invoke(ErrorReportValve.java:93) ~[tomcat-embed-core-10.1.19.jar!/:na]
	at org.apache.catalina.core.StandardEngineValve.invoke(StandardEngineValve.java:74) ~[tomcat-embed-core-10.1.19.jar!/:na]
	at org.apache.catalina.connector.CoyoteAdapter.service(CoyoteAdapter.java:344) ~[tomcat-embed-core-10.1.19.jar!/:na]
	at org.apache.coyote.http11.Http11Processor.service(Http11Processor.java:391) ~[tomcat-embed-core-10.1.19.jar!/:na]
	at org.apache.coyote.AbstractProcessorLight.process(AbstractProcessorLight.java:63) ~[tomcat-embed-core-10.1.19.jar!/:na]
	at org.apache.coyote.AbstractProtocol$ConnectionHandler.process(AbstractProtocol.java:896) ~[tomcat-embed-core-10.1.19.jar!/:na]
	at org.apache.tomcat.util.net.NioEndpoint$SocketProcessor.doRun(NioEndpoint.java:1744) ~[tomcat-embed-core-10.1.19.jar!/:na]
	at org.apache.tomcat.util.net.SocketProcessorBase.run(SocketProcessorBase.java:52) ~[tomcat-embed-core-10.1.19.jar!/:na]
	at org.apache.tomcat.util.threads.ThreadPoolExecutor.runWorker(ThreadPoolExecutor.java:1191) ~[tomcat-embed-core-10.1.19.jar!/:na]
	at org.apache.tomcat.util.threads.ThreadPoolExecutor$Worker.run(ThreadPoolExecutor.java:659) ~[tomcat-embed-core-10.1.19.jar!/:na]
	at org.apache.tomcat.util.threads.TaskThread$WrappingRunnable.run(TaskThread.java:63) ~[tomcat-embed-core-10.1.19.jar!/:na]
	at java.base/java.lang.Thread.run(Thread.java:1575) ~[na:na]
Caused by: org.hibernate.exception.JDBCConnectionException: Unable to acquire JDBC Connection [HikariPool-1 - Connection is not available, request timed out after 30015ms.] [n/a]
	at org.hibernate.exception.internal.SQLExceptionTypeDelegate.convert(SQLExceptionTypeDelegate.java:51) ~[hibernate-core-6.4.4.Final.jar!/:6.4.4.Final]
	at org.hibernate.exception.internal.StandardSQLExceptionConverter.convert(StandardSQLExceptionConverter.java:58) ~[hibernate-core-6.4.4.Final.jar!/:6.4.4.Final]
	at org.hibernate.engine.jdbc.spi.SqlExceptionHelper.convert(SqlExceptionHelper.java:108) ~[hibernate-core-6.4.4.Final.jar!/:6.4.4.Final]
	at org.hibernate.engine.jdbc.spi.SqlExceptionHelper.convert(SqlExceptionHelper.java:94) ~[hibernate-core-6.4.4.Final.jar!/:6.4.4.Final]
	at org.hibernate.resource.jdbc.internal.LogicalConnectionManagedImpl.acquireConnectionIfNeeded(LogicalConnectionManagedImpl.java:116) ~[hibernate-core-6.4.4.Final.jar!/:6.4.4.Final]
	at org.hibernate.resource.jdbc.internal.LogicalConnectionManagedImpl.getPhysicalConnection(LogicalConnectionManagedImpl.java:143) ~[hibernate-core-6.4.4.Final.jar!/:6.4.4.Final]
	at org.hibernate.engine.jdbc.internal.StatementPreparerImpl.connection(StatementPreparerImpl.java:54) ~[hibernate-core-6.4.4.Final.jar!/:6.4.4.Final]
	at org.hibernate.engine.jdbc.internal.StatementPreparerImpl$5.doPrepare(StatementPreparerImpl.java:153) ~[hibernate-core-6.4.4.Final.jar!/:6.4.4.Final]
	at org.hibernate.engine.jdbc.internal.StatementPreparerImpl$StatementPreparationTemplate.prepareStatement(StatementPreparerImpl.java:183) ~[hibernate-core-6.4.4.Final.jar!/:6.4.4.Final]
	at org.hibernate.engine.jdbc.internal.StatementPreparerImpl.prepareQueryStatement(StatementPreparerImpl.java:155) ~[hibernate-core-6.4.4.Final.jar!/:6.4.4.Final]
	at org.hibernate.sql.exec.spi.JdbcSelectExecutor.lambda$list$0(JdbcSelectExecutor.java:85) ~[hibernate-core-6.4.4.Final.jar!/:6.4.4.Final]
	at org.hibernate.sql.results.jdbc.internal.DeferredResultSetAccess.executeQuery(DeferredResultSetAccess.java:231) ~[hibernate-core-6.4.4.Final.jar!/:6.4.4.Final]
	at org.hibernate.sql.results.jdbc.internal.DeferredResultSetAccess.getResultSet(DeferredResultSetAccess.java:167) ~[hibernate-core-6.4.4.Final.jar!/:6.4.4.Final]
	at org.hibernate.sql.results.jdbc.internal.JdbcValuesResultSetImpl.advanceNext(JdbcValuesResultSetImpl.java:218) ~[hibernate-core-6.4.4.Final.jar!/:6.4.4.Final]
	at org.hibernate.sql.results.jdbc.internal.JdbcValuesResultSetImpl.processNext(JdbcValuesResultSetImpl.java:98) ~[hibernate-core-6.4.4.Final.jar!/:6.4.4.Final]
	at org.hibernate.sql.results.jdbc.internal.AbstractJdbcValues.next(AbstractJdbcValues.java:19) ~[hibernate-core-6.4.4.Final.jar!/:6.4.4.Final]
	at org.hibernate.sql.results.internal.RowProcessingStateStandardImpl.next(RowProcessingStateStandardImpl.java:66) ~[hibernate-core-6.4.4.Final.jar!/:6.4.4.Final]
	at org.hibernate.sql.results.spi.ListResultsConsumer.consume(ListResultsConsumer.java:202) ~[hibernate-core-6.4.4.Final.jar!/:6.4.4.Final]
	at org.hibernate.sql.results.spi.ListResultsConsumer.consume(ListResultsConsumer.java:33) ~[hibernate-core-6.4.4.Final.jar!/:6.4.4.Final]
	at org.hibernate.sql.exec.internal.JdbcSelectExecutorStandardImpl.doExecuteQuery(JdbcSelectExecutorStandardImpl.java:209) ~[hibernate-core-6.4.4.Final.jar!/:6.4.4.Final]
	at org.hibernate.sql.exec.internal.JdbcSelectExecutorStandardImpl.executeQuery(JdbcSelectExecutorStandardImpl.java:83) ~[hibernate-core-6.4.4.Final.jar!/:6.4.4.Final]
	at org.hibernate.sql.exec.spi.JdbcSelectExecutor.list(JdbcSelectExecutor.java:76) ~[hibernate-core-6.4.4.Final.jar!/:6.4.4.Final]
	at org.hibernate.sql.exec.spi.JdbcSelectExecutor.list(JdbcSelectExecutor.java:65) ~[hibernate-core-6.4.4.Final.jar!/:6.4.4.Final]
	at org.hibernate.query.sqm.internal.ConcreteSqmSelectQueryPlan.lambda$new$2(ConcreteSqmSelectQueryPlan.java:137) ~[hibernate-core-6.4.4.Final.jar!/:6.4.4.Final]
	at org.hibernate.query.sqm.internal.ConcreteSqmSelectQueryPlan.withCacheableSqmInterpretation(ConcreteSqmSelectQueryPlan.java:362) ~[hibernate-core-6.4.4.Final.jar!/:6.4.4.Final]
	at org.hibernate.query.sqm.internal.ConcreteSqmSelectQueryPlan.performList(ConcreteSqmSelectQueryPlan.java:303) ~[hibernate-core-6.4.4.Final.jar!/:6.4.4.Final]
	at org.hibernate.query.sqm.internal.QuerySqmImpl.doList(QuerySqmImpl.java:509) ~[hibernate-core-6.4.4.Final.jar!/:6.4.4.Final]
	at org.hibernate.query.spi.AbstractSelectionQuery.list(AbstractSelectionQuery.java:427) ~[hibernate-core-6.4.4.Final.jar!/:6.4.4.Final]
	at org.hibernate.query.spi.AbstractSelectionQuery.getSingleResult(AbstractSelectionQuery.java:564) ~[hibernate-core-6.4.4.Final.jar!/:6.4.4.Final]
	at java.base/jdk.internal.reflect.DirectMethodHandleAccessor.invoke(DirectMethodHandleAccessor.java:103) ~[na:na]
	at java.base/java.lang.reflect.Method.invoke(Method.java:580) ~[na:na]
	at org.springframework.orm.jpa.SharedEntityManagerCreator$DeferredQueryInvocationHandler.invoke(SharedEntityManagerCreator.java:415) ~[spring-orm-6.1.4.jar!/:6.1.4]
	at jdk.proxy2/jdk.proxy2.$Proxy196.getSingleResult(Unknown Source) ~[na:na]
	at org.springframework.data.jpa.repository.query.JpaQueryExecution$SingleEntityExecution.doExecute(JpaQueryExecution.java:223) ~[spring-data-jpa-3.2.3.jar!/:3.2.3]
	at org.springframework.data.jpa.repository.query.JpaQueryExecution.execute(JpaQueryExecution.java:92) ~[spring-data-jpa-3.2.3.jar!/:3.2.3]
	at org.springframework.data.jpa.repository.query.AbstractJpaQuery.doExecute(AbstractJpaQuery.java:149) ~[spring-data-jpa-3.2.3.jar!/:3.2.3]
	at org.springframework.data.jpa.repository.query.AbstractJpaQuery.execute(AbstractJpaQuery.java:137) ~[spring-data-jpa-3.2.3.jar!/:3.2.3]
	at org.springframework.data.repository.core.support.RepositoryMethodInvoker.doInvoke(RepositoryMethodInvoker.java:170) ~[spring-data-commons-3.2.3.jar!/:3.2.3]
	at org.springframework.data.repository.core.support.RepositoryMethodInvoker.invoke(RepositoryMethodInvoker.java:158) ~[spring-data-commons-3.2.3.jar!/:3.2.3]
	at org.springframework.data.repository.core.support.QueryExecutorMethodInterceptor.doInvoke(QueryExecutorMethodInterceptor.java:164) ~[spring-data-commons-3.2.3.jar!/:3.2.3]
	at org.springframework.data.repository.core.support.QueryExecutorMethodInterceptor.invoke(QueryExecutorMethodInterceptor.java:143) ~[spring-data-commons-3.2.3.jar!/:3.2.3]
	at org.springframework.aop.framework.ReflectiveMethodInvocation.proceed(ReflectiveMethodInvocation.java:184) ~[spring-aop-6.1.4.jar!/:6.1.4]
	at org.springframework.data.projection.DefaultMethodInvokingMethodInterceptor.invoke(DefaultMethodInvokingMethodInterceptor.java:70) ~[spring-data-commons-3.2.3.jar!/:3.2.3]
	at org.springframework.aop.framework.ReflectiveMethodInvocation.proceed(ReflectiveMethodInvocation.java:184) ~[spring-aop-6.1.4.jar!/:6.1.4]
	at org.springframework.transaction.interceptor.TransactionInterceptor$1.proceedWithInvocation(TransactionInterceptor.java:123) ~[spring-tx-6.1.4.jar!/:6.1.4]
	at org.springframework.transaction.interceptor.TransactionAspectSupport.invokeWithinTransaction(TransactionAspectSupport.java:385) ~[spring-tx-6.1.4.jar!/:6.1.4]
	at org.springframework.transaction.interceptor.TransactionInterceptor.invoke(TransactionInterceptor.java:119) ~[spring-tx-6.1.4.jar!/:6.1.4]
	at org.springframework.aop.framework.ReflectiveMethodInvocation.proceed(ReflectiveMethodInvocation.java:184) ~[spring-aop-6.1.4.jar!/:6.1.4]
	at org.springframework.dao.support.PersistenceExceptionTranslationInterceptor.invoke(PersistenceExceptionTranslationInterceptor.java:137) ~[spring-tx-6.1.4.jar!/:6.1.4]
	... 69 common frames omitted
Caused by: java.sql.SQLTransientConnectionException: HikariPool-1 - Connection is not available, request timed out after 30015ms.
	at com.zaxxer.hikari.pool.HikariPool.createTimeoutException(HikariPool.java:696) ~[HikariCP-5.0.1.jar!/:na]
	at com.zaxxer.hikari.pool.HikariPool.getConnection(HikariPool.java:181) ~[HikariCP-5.0.1.jar!/:na]
	at com.zaxxer.hikari.pool.HikariPool.getConnection(HikariPool.java:146) ~[HikariCP-5.0.1.jar!/:na]
	at com.zaxxer.hikari.HikariDataSource.getConnection(HikariDataSource.java:128) ~[HikariCP-5.0.1.jar!/:na]
	at org.hibernate.engine.jdbc.connections.internal.DatasourceConnectionProviderImpl.getConnection(DatasourceConnectionProviderImpl.java:122) ~[hibernate-core-6.4.4.Final.jar!/:6.4.4.Final]
	at org.hibernate.internal.NonContextualJdbcConnectionAccess.obtainConnection(NonContextualJdbcConnectionAccess.java:46) ~[hibernate-core-6.4.4.Final.jar!/:6.4.4.Final]
	at org.hibernate.resource.jdbc.internal.LogicalConnectionManagedImpl.acquireConnectionIfNeeded(LogicalConnectionManagedImpl.java:113) ~[hibernate-core-6.4.4.Final.jar!/:6.4.4.Final]
	... 113 common frames omitted

