[INFO] Scanning for projects...
[INFO] 
[INFO] ------------------------< com.fixmate:fixmate >-------------------------
[INFO] Building fixmate 0.0.1-SNAPSHOT
[INFO]   from pom.xml
[INFO] --------------------------------[ jar ]---------------------------------
[INFO] 
[INFO] >>> spring-boot:3.2.3:run (default-cli) > test-compile @ fixmate >>>
[INFO] 
[INFO] --- resources:3.3.1:resources (default-resources) @ fixmate ---
[INFO] Copying 1 resource from src\main\resources to target\classes
[INFO] Copying 0 resource from src\main\resources to target\classes
[INFO] 
[INFO] --- compiler:3.11.0:compile (default-compile) @ fixmate ---
[INFO] Nothing to compile - all classes are up to date
[INFO] 
[INFO] --- resources:3.3.1:testResources (default-testResources) @ fixmate ---
[INFO] skip non existing resourceDirectory D:\Projects\fixmate\src\test\resources
[INFO] 
[INFO] --- compiler:3.11.0:testCompile (default-testCompile) @ fixmate ---
[INFO] No sources to compile
[INFO] 
[INFO] <<< spring-boot:3.2.3:run (default-cli) < test-compile @ fixmate <<<
[INFO] 
[INFO] 
[INFO] --- spring-boot:3.2.3:run (default-cli) @ fixmate ---
[INFO] Attaching agents: []

  .   ____          _            __ _ _
 /\\ / ___'_ __ _ _(_)_ __  __ _ \ \ \ \
( ( )\___ | '_ | '_| | '_ \/ _` | \ \ \ \
 \\/  ___)| |_)| | | | | || (_| |  ) ) ) )
  '  |____| .__|_| |_|_| |_\__, | / / / /
 =========|_|==============|___/=/_/_/_/
 :: Spring Boot ::                (v3.2.3)

2026-08-18T13:03:10.660+05:30  INFO 20852 --- [fixmate-backend] [           main] com.fixmate.FixmateApplication           : Starting FixmateApplication using Java 23.0.1 with PID 20852 (D:\Projects\fixmate\target\classes started by HP in D:\Projects\fixmate)
2026-08-18T13:03:10.666+05:30  INFO 20852 --- [fixmate-backend] [           main] com.fixmate.FixmateApplication           : No active profile set, falling back to 1 default profile: "default"
2026-08-18T13:03:12.988+05:30  INFO 20852 --- [fixmate-backend] [           main] .s.d.r.c.RepositoryConfigurationDelegate : Bootstrapping Spring Data JPA repositories in DEFAULT mode.
2026-08-18T13:03:13.356+05:30  INFO 20852 --- [fixmate-backend] [           main] .s.d.r.c.RepositoryConfigurationDelegate : Finished Spring Data repository scanning in 351 ms. Found 8 JPA repository interfaces.
2026-08-18T13:03:13.838+05:30  INFO 20852 --- [fixmate-backend] [           main] o.s.cloud.context.scope.GenericScope     : BeanFactory id=de516cd8-8d09-3de7-afef-06d38a09c475
2026-08-18T13:03:14.213+05:30  WARN 20852 --- [fixmate-backend] [           main] trationDelegate$BeanPostProcessorChecker : Bean 'org.springframework.cloud.client.loadbalancer.LoadBalancerAutoConfiguration$LoadBalancerInterceptorConfig' of type [org.springframework.cloud.client.loadbalancer.LoadBalancerAutoConfiguration$LoadBalancerInterceptorConfig] is not eligible for getting processed by all BeanPostProcessors (for example: not eligible for auto-proxying). The currently created BeanPostProcessor [lbRestClientPostProcessor] is declared through a non-static factory method on that class; consider declaring it as static instead.
2026-08-18T13:03:14.220+05:30  WARN 20852 --- [fixmate-backend] [           main] trationDelegate$BeanPostProcessorChecker : Bean 'org.springframework.cloud.loadbalancer.config.BlockingLoadBalancerClientAutoConfiguration' of type [org.springframework.cloud.loadbalancer.config.BlockingLoadBalancerClientAutoConfiguration] is not eligible for getting processed by all BeanPostProcessors (for example: not eligible for auto-proxying). Is this bean getting eagerly injected into a currently created BeanPostProcessor [lbRestClientPostProcessor]? Check the corresponding BeanPostProcessor declaration and its dependencies.
2026-08-18T13:03:14.223+05:30  WARN 20852 --- [fixmate-backend] [           main] trationDelegate$BeanPostProcessorChecker : Bean 'org.springframework.cloud.loadbalancer.config.LoadBalancerAutoConfiguration' of type [org.springframework.cloud.loadbalancer.config.LoadBalancerAutoConfiguration] is not eligible for getting processed by all BeanPostProcessors (for example: not eligible for auto-proxying). Is this bean getting eagerly injected into a currently created BeanPostProcessor [lbRestClientPostProcessor]? Check the corresponding BeanPostProcessor declaration and its dependencies.
2026-08-18T13:03:14.233+05:30  WARN 20852 --- [fixmate-backend] [           main] trationDelegate$BeanPostProcessorChecker : Bean 'org.springframework.cloud.commons.config.CommonsConfigAutoConfiguration' of type [org.springframework.cloud.commons.config.CommonsConfigAutoConfiguration] is not eligible for getting processed by all BeanPostProcessors (for example: not eligible for auto-proxying). Is this bean getting eagerly injected into a currently created BeanPostProcessor [lbRestClientPostProcessor]? Check the corresponding BeanPostProcessor declaration and its dependencies.
2026-08-18T13:03:14.240+05:30  WARN 20852 --- [fixmate-backend] [           main] trationDelegate$BeanPostProcessorChecker : Bean 'org.springframework.cloud.client.loadbalancer.LoadBalancerDefaultMappingsProviderAutoConfiguration' of type [org.springframework.cloud.client.loadbalancer.LoadBalancerDefaultMappingsProviderAutoConfiguration] is not eligible for getting processed by all BeanPostProcessors (for example: not eligible for auto-proxying). Is this bean getting eagerly injected into a currently created BeanPostProcessor [lbRestClientPostProcessor]? Check the corresponding BeanPostProcessor declaration and its dependencies.
2026-08-18T13:03:14.241+05:30  WARN 20852 --- [fixmate-backend] [           main] trationDelegate$BeanPostProcessorChecker : Bean 'loadBalancerClientsDefaultsMappingsProvider' of type [org.springframework.cloud.client.loadbalancer.LoadBalancerDefaultMappingsProviderAutoConfiguration$$Lambda/0x000001498644d398] is not eligible for getting processed by all BeanPostProcessors (for example: not eligible for auto-proxying). Is this bean getting eagerly injected into a currently created BeanPostProcessor [lbRestClientPostProcessor]? Check the corresponding BeanPostProcessor declaration and its dependencies.
2026-08-18T13:03:14.244+05:30  WARN 20852 --- [fixmate-backend] [           main] trationDelegate$BeanPostProcessorChecker : Bean 'defaultsBindHandlerAdvisor' of type [org.springframework.cloud.commons.config.DefaultsBindHandlerAdvisor] is not eligible for getting processed by all BeanPostProcessors (for example: not eligible for auto-proxying). Is this bean getting eagerly injected into a currently created BeanPostProcessor [lbRestClientPostProcessor]? Check the corresponding BeanPostProcessor declaration and its dependencies.
2026-08-18T13:03:14.257+05:30  WARN 20852 --- [fixmate-backend] [           main] trationDelegate$BeanPostProcessorChecker : Bean 'spring.cloud.loadbalancer-org.springframework.cloud.client.loadbalancer.LoadBalancerClientsProperties' of type [org.springframework.cloud.client.loadbalancer.LoadBalancerClientsProperties] is not eligible for getting processed by all BeanPostProcessors (for example: not eligible for auto-proxying). Is this bean getting eagerly injected into a currently created BeanPostProcessor [lbRestClientPostProcessor]? Check the corresponding BeanPostProcessor declaration and its dependencies.
2026-08-18T13:03:14.264+05:30  WARN 20852 --- [fixmate-backend] [           main] trationDelegate$BeanPostProcessorChecker : Bean 'default.org.springframework.cloud.loadbalancer.config.LoadBalancerAutoConfiguration.LoadBalancerClientSpecification' of type [org.springframework.cloud.loadbalancer.annotation.LoadBalancerClientSpecification] is not eligible for getting processed by all BeanPostProcessors (for example: not eligible for auto-proxying). Is this bean getting eagerly injected into a currently created BeanPostProcessor [lbRestClientPostProcessor]? Check the corresponding BeanPostProcessor declaration and its dependencies.
2026-08-18T13:03:14.267+05:30  WARN 20852 --- [fixmate-backend] [           main] trationDelegate$BeanPostProcessorChecker : Bean 'default.org.springframework.cloud.loadbalancer.config.BlockingLoadBalancerClientAutoConfiguration.LoadBalancerClientSpecification' of type [org.springframework.cloud.loadbalancer.annotation.LoadBalancerClientSpecification] is not eligible for getting processed by all BeanPostProcessors (for example: not eligible for auto-proxying). Is this bean getting eagerly injected into a currently created BeanPostProcessor [lbRestClientPostProcessor]? Check the corresponding BeanPostProcessor declaration and its dependencies.
2026-08-18T13:03:14.270+05:30  WARN 20852 --- [fixmate-backend] [           main] trationDelegate$BeanPostProcessorChecker : Bean 'default.org.springframework.cloud.netflix.eureka.loadbalancer.LoadBalancerEurekaAutoConfiguration.LoadBalancerClientSpecification' of type [org.springframework.cloud.loadbalancer.annotation.LoadBalancerClientSpecification] is not eligible for getting processed by all BeanPostProcessors (for example: not eligible for auto-proxying). Is this bean getting eagerly injected into a currently created BeanPostProcessor [lbRestClientPostProcessor]? Check the corresponding BeanPostProcessor declaration and its dependencies.
2026-08-18T13:03:14.273+05:30  WARN 20852 --- [fixmate-backend] [           main] trationDelegate$BeanPostProcessorChecker : Bean 'loadBalancerClientFactory' of type [org.springframework.cloud.loadbalancer.support.LoadBalancerClientFactory] is not eligible for getting processed by all BeanPostProcessors (for example: not eligible for auto-proxying). Is this bean getting eagerly injected into a currently created BeanPostProcessor [lbRestClientPostProcessor]? Check the corresponding BeanPostProcessor declaration and its dependencies.
2026-08-18T13:03:14.277+05:30  WARN 20852 --- [fixmate-backend] [           main] trationDelegate$BeanPostProcessorChecker : Bean 'blockingLoadBalancerClient' of type [org.springframework.cloud.loadbalancer.blocking.client.BlockingLoadBalancerClient] is not eligible for getting processed by all BeanPostProcessors (for example: not eligible for auto-proxying). Is this bean getting eagerly injected into a currently created BeanPostProcessor [lbRestClientPostProcessor]? Check the corresponding BeanPostProcessor declaration and its dependencies.
2026-08-18T13:03:14.292+05:30  WARN 20852 --- [fixmate-backend] [           main] trationDelegate$BeanPostProcessorChecker : Bean 'loadBalancerServiceInstanceCookieTransformer' of type [org.springframework.cloud.loadbalancer.core.LoadBalancerServiceInstanceCookieTransformer] is not eligible for getting processed by all BeanPostProcessors (for example: not eligible for auto-proxying). Is this bean getting eagerly injected into a currently created BeanPostProcessor [lbRestClientPostProcessor]? Check the corresponding BeanPostProcessor declaration and its dependencies.
2026-08-18T13:03:14.294+05:30  WARN 20852 --- [fixmate-backend] [           main] trationDelegate$BeanPostProcessorChecker : Bean 'xForwarderHeadersTransformer' of type [org.springframework.cloud.loadbalancer.blocking.XForwardedHeadersTransformer] is not eligible for getting processed by all BeanPostProcessors (for example: not eligible for auto-proxying). Is this bean getting eagerly injected into a currently created BeanPostProcessor [lbRestClientPostProcessor]? Check the corresponding BeanPostProcessor declaration and its dependencies.
2026-08-18T13:03:14.296+05:30  WARN 20852 --- [fixmate-backend] [           main] trationDelegate$BeanPostProcessorChecker : Bean 'org.springframework.cloud.client.loadbalancer.LoadBalancerAutoConfiguration' of type [org.springframework.cloud.client.loadbalancer.LoadBalancerAutoConfiguration] is not eligible for getting processed by all BeanPostProcessors (for example: not eligible for auto-proxying). Is this bean getting eagerly injected into a currently created BeanPostProcessor [lbRestClientPostProcessor]? Check the corresponding BeanPostProcessor declaration and its dependencies.
2026-08-18T13:03:14.298+05:30  WARN 20852 --- [fixmate-backend] [           main] trationDelegate$BeanPostProcessorChecker : Bean 'loadBalancerRequestFactory' of type [org.springframework.cloud.client.loadbalancer.LoadBalancerRequestFactory] is not eligible for getting processed by all BeanPostProcessors (for example: not eligible for auto-proxying). Is this bean getting eagerly injected into a currently created BeanPostProcessor [lbRestClientPostProcessor]? Check the corresponding BeanPostProcessor declaration and its dependencies.
2026-08-18T13:03:14.304+05:30  WARN 20852 --- [fixmate-backend] [           main] trationDelegate$BeanPostProcessorChecker : Bean 'loadBalancerInterceptor' of type [org.springframework.cloud.client.loadbalancer.LoadBalancerInterceptor] is not eligible for getting processed by all BeanPostProcessors (for example: not eligible for auto-proxying). Is this bean getting eagerly injected into a currently created BeanPostProcessor [lbRestClientPostProcessor]? Check the corresponding BeanPostProcessor declaration and its dependencies.
2026-08-18T13:03:14.651+05:30  INFO 20852 --- [fixmate-backend] [           main] o.s.b.w.embedded.tomcat.TomcatWebServer  : Tomcat initialized with port 8081 (http)
2026-08-18T13:03:14.671+05:30  INFO 20852 --- [fixmate-backend] [           main] o.apache.catalina.core.StandardService   : Starting service [Tomcat]
2026-08-18T13:03:14.672+05:30  INFO 20852 --- [fixmate-backend] [           main] o.apache.catalina.core.StandardEngine    : Starting Servlet engine: [Apache Tomcat/10.1.19]
2026-08-18T13:03:14.802+05:30  INFO 20852 --- [fixmate-backend] [           main] o.a.c.c.C.[Tomcat].[localhost].[/]       : Initializing Spring embedded WebApplicationContext
2026-08-18T13:03:14.805+05:30  INFO 20852 --- [fixmate-backend] [           main] w.s.c.ServletWebServerApplicationContext : Root WebApplicationContext: initialization completed in 3972 ms
2026-08-18T13:03:15.045+05:30  INFO 20852 --- [fixmate-backend] [           main] o.hibernate.jpa.internal.util.LogHelper  : HHH000204: Processing PersistenceUnitInfo [name: default]
2026-08-18T13:03:15.174+05:30  INFO 20852 --- [fixmate-backend] [           main] org.hibernate.Version                    : HHH000412: Hibernate ORM core version 6.4.4.Final
2026-08-18T13:03:15.244+05:30  INFO 20852 --- [fixmate-backend] [           main] o.h.c.internal.RegionFactoryInitiator    : HHH000026: Second-level cache disabled
2026-08-18T13:03:15.742+05:30  INFO 20852 --- [fixmate-backend] [           main] o.s.o.j.p.SpringPersistenceUnitInfo      : No LoadTimeWeaver setup: ignoring JPA class transformer
2026-08-18T13:03:15.793+05:30  INFO 20852 --- [fixmate-backend] [           main] com.zaxxer.hikari.HikariDataSource       : HikariPool-1 - Starting...
2026-08-18T13:03:16.107+05:30  INFO 20852 --- [fixmate-backend] [           main] com.zaxxer.hikari.pool.HikariPool        : HikariPool-1 - Added connection com.mysql.cj.jdbc.ConnectionImpl@6ec3a4c2
2026-08-18T13:03:16.109+05:30  INFO 20852 --- [fixmate-backend] [           main] com.zaxxer.hikari.HikariDataSource       : HikariPool-1 - Start completed.
2026-08-18T13:03:16.229+05:30  WARN 20852 --- [fixmate-backend] [           main] org.hibernate.orm.deprecation            : HHH90000025: MySQLDialect does not need to be specified explicitly using 'hibernate.dialect' (remove the property setting and it will be selected by default)
2026-08-18T13:03:18.345+05:30  INFO 20852 --- [fixmate-backend] [           main] o.h.e.t.j.p.i.JtaPlatformInitiator       : HHH000489: No JTA platform available (set 'hibernate.transaction.jta.platform' to enable JTA platform integration)
2026-08-18T13:03:18.620+05:30  INFO 20852 --- [fixmate-backend] [           main] j.LocalContainerEntityManagerFactoryBean : Initialized JPA EntityManagerFactory for persistence unit 'default'
2026-08-18T13:03:19.543+05:30  INFO 20852 --- [fixmate-backend] [           main] o.s.d.j.r.query.QueryEnhancerFactory     : Hibernate is in classpath; If applicable, HQL parser will be used.
2026-08-18T13:03:20.844+05:30  WARN 20852 --- [fixmate-backend] [           main] JpaBaseConfiguration$JpaWebConfiguration : spring.jpa.open-in-view is enabled by default. Therefore, database queries may be performed during view rendering. Explicitly configure spring.jpa.open-in-view to disable this warning
2026-08-18T13:03:21.341+05:30  INFO 20852 --- [fixmate-backend] [           main] o.s.s.web.DefaultSecurityFilterChain     : Will secure any request with [org.springframework.security.web.session.DisableEncodeUrlFilter@53963f8e, org.springframework.security.web.context.request.async.WebAsyncManagerIntegrationFilter@ae54cb3, org.springframework.security.web.context.SecurityContextHolderFilter@39562fc2, org.springframework.security.web.header.HeaderWriterFilter@508f2b78, org.springframework.web.filter.CorsFilter@24a6655d, org.springframework.security.web.authentication.logout.LogoutFilter@2c7178ed, com.fixmate.config.JwtAuthenticationFilter@2f16c21f, org.springframework.security.web.savedrequest.RequestCacheAwareFilter@3e4aabde, org.springframework.security.web.servletapi.SecurityContextHolderAwareRequestFilter@70eb0c59, org.springframework.security.web.authentication.AnonymousAuthenticationFilter@229d5d14, org.springframework.security.web.session.SessionManagementFilter@550b19d1, org.springframework.security.web.access.ExceptionTranslationFilter@3540d5e3, org.springframework.security.web.access.intercept.AuthorizationFilter@6cb6a38c]
2026-08-18T13:03:21.907+05:30  INFO 20852 --- [fixmate-backend] [           main] DiscoveryClientOptionalArgsConfiguration : Eureka HTTP Client uses RestTemplate.
2026-08-18T13:03:21.961+05:30  WARN 20852 --- [fixmate-backend] [           main] iguration$LoadBalancerCaffeineWarnLogger : Spring Cloud LoadBalancer is currently working with the default cache. While this cache implementation is useful for development and tests, it's recommended to use Caffeine cache in production.You can switch to using Caffeine cache, by adding it and org.springframework.cache.caffeine.CaffeineCacheManager to the classpath.
2026-08-18T13:03:22.004+05:30  INFO 20852 --- [fixmate-backend] [           main] o.s.c.n.eureka.InstanceInfoFactory       : Setting initial instance status as: STARTING
2026-08-18T13:03:22.155+05:30  INFO 20852 --- [fixmate-backend] [           main] com.netflix.discovery.DiscoveryClient    : Initializing Eureka in region us-east-1
2026-08-18T13:03:22.161+05:30  INFO 20852 --- [fixmate-backend] [           main] c.n.d.s.r.aws.ConfigClusterResolver      : Resolving eureka endpoints via configuration
2026-08-18T13:03:22.206+05:30  INFO 20852 --- [fixmate-backend] [           main] com.netflix.discovery.DiscoveryClient    : Disable delta property : false
2026-08-18T13:03:22.206+05:30  INFO 20852 --- [fixmate-backend] [           main] com.netflix.discovery.DiscoveryClient    : Single vip registry refresh property : null
2026-08-18T13:03:22.207+05:30  INFO 20852 --- [fixmate-backend] [           main] com.netflix.discovery.DiscoveryClient    : Force full registry fetch : false
2026-08-18T13:03:22.207+05:30  INFO 20852 --- [fixmate-backend] [           main] com.netflix.discovery.DiscoveryClient    : Application is null : false
2026-08-18T13:03:22.207+05:30  INFO 20852 --- [fixmate-backend] [           main] com.netflix.discovery.DiscoveryClient    : Registered Applications size is zero : true
2026-08-18T13:03:22.207+05:30  INFO 20852 --- [fixmate-backend] [           main] com.netflix.discovery.DiscoveryClient    : Application version is -1: true
2026-08-18T13:03:22.208+05:30  INFO 20852 --- [fixmate-backend] [           main] com.netflix.discovery.DiscoveryClient    : Getting all instance registry info from the eureka server
2026-08-18T13:03:22.907+05:30  INFO 20852 --- [fixmate-backend] [           main] com.netflix.discovery.DiscoveryClient    : The response status is 200
2026-08-18T13:03:22.909+05:30  INFO 20852 --- [fixmate-backend] [           main] com.netflix.discovery.DiscoveryClient    : Starting heartbeat executor: renew interval is: 30
2026-08-18T13:03:22.913+05:30  INFO 20852 --- [fixmate-backend] [           main] c.n.discovery.InstanceInfoReplicator     : InstanceInfoReplicator onDemand update allowed rate per min is 4
2026-08-18T13:03:22.923+05:30  INFO 20852 --- [fixmate-backend] [           main] com.netflix.discovery.DiscoveryClient    : Discovery Client initialized at timestamp 1787038402919 with initial instances count: 0
2026-08-18T13:03:22.926+05:30  INFO 20852 --- [fixmate-backend] [           main] o.s.c.n.e.s.EurekaServiceRegistry        : Registering application FIXMATE-BACKEND with eureka with status UP
2026-08-18T13:03:22.927+05:30  INFO 20852 --- [fixmate-backend] [           main] com.netflix.discovery.DiscoveryClient    : Saw local status change event StatusChangeEvent [timestamp=1787038402927, current=UP, previous=STARTING]
2026-08-18T13:03:22.932+05:30  INFO 20852 --- [fixmate-backend] [nfoReplicator-0] com.netflix.discovery.DiscoveryClient    : DiscoveryClient_FIXMATE-BACKEND/Elitebook-840G7.mshome.net:fixmate-backend:8081: registering service...
2026-08-18T13:03:22.965+05:30  INFO 20852 --- [fixmate-backend] [           main] o.s.b.w.embedded.tomcat.TomcatWebServer  : Tomcat started on port 8081 (http) with context path ''
2026-08-18T13:03:22.967+05:30  INFO 20852 --- [fixmate-backend] [           main] .s.c.n.e.s.EurekaAutoServiceRegistration : Updating port to 8081
2026-08-18T13:03:22.989+05:30  INFO 20852 --- [fixmate-backend] [           main] com.fixmate.FixmateApplication           : Started FixmateApplication in 13.601 seconds (process running for 14.726)
2026-08-18T13:03:22.998+05:30  INFO 20852 --- [fixmate-backend] [nfoReplicator-0] com.netflix.discovery.DiscoveryClient    : DiscoveryClient_FIXMATE-BACKEND/Elitebook-840G7.mshome.net:fixmate-backend:8081 - registration status: 204
Hibernate: select sc1_0.id,sc1_0.description,sc1_0.icon_url,sc1_0.is_active,sc1_0.name from service_categories sc1_0 where sc1_0.name=?
Hibernate: select sc1_0.id,sc1_0.description,sc1_0.icon_url,sc1_0.is_active,sc1_0.name from service_categories sc1_0 where sc1_0.name=?
Hibernate: select sc1_0.id,sc1_0.description,sc1_0.icon_url,sc1_0.is_active,sc1_0.name from service_categories sc1_0 where sc1_0.name=?
Hibernate: select sc1_0.id,sc1_0.description,sc1_0.icon_url,sc1_0.is_active,sc1_0.name from service_categories sc1_0 where sc1_0.name=?
Hibernate: select sc1_0.id,sc1_0.description,sc1_0.icon_url,sc1_0.is_active,sc1_0.name from service_categories sc1_0 where sc1_0.name=?
Hibernate: select sc1_0.id,sc1_0.description,sc1_0.icon_url,sc1_0.is_active,sc1_0.name from service_categories sc1_0 where sc1_0.name=?
Hibernate: select sc1_0.id,sc1_0.description,sc1_0.icon_url,sc1_0.is_active,sc1_0.name from service_categories sc1_0 where sc1_0.name=?
Hibernate: select sc1_0.id,sc1_0.description,sc1_0.icon_url,sc1_0.is_active,sc1_0.name from service_categories sc1_0 where sc1_0.name=?
Hibernate: select sc1_0.id,sc1_0.description,sc1_0.icon_url,sc1_0.is_active,sc1_0.name from service_categories sc1_0 where sc1_0.name=?
Hibernate: select sc1_0.id,sc1_0.description,sc1_0.icon_url,sc1_0.is_active,sc1_0.name from service_categories sc1_0 where sc1_0.name=?
Hibernate: select sc1_0.id,sc1_0.description,sc1_0.icon_url,sc1_0.is_active,sc1_0.name from service_categories sc1_0 where sc1_0.name=?
Hibernate: select sc1_0.id,sc1_0.description,sc1_0.icon_url,sc1_0.is_active,sc1_0.name from service_categories sc1_0 where sc1_0.name=?
Hibernate: select sc1_0.id,sc1_0.description,sc1_0.icon_url,sc1_0.is_active,sc1_0.name from service_categories sc1_0 where sc1_0.name=?
Hibernate: select sc1_0.id,sc1_0.description,sc1_0.icon_url,sc1_0.is_active,sc1_0.name from service_categories sc1_0 where sc1_0.name=?
Hibernate: select sc1_0.id,sc1_0.description,sc1_0.icon_url,sc1_0.is_active,sc1_0.name from service_categories sc1_0 where sc1_0.name=?
Hibernate: select sc1_0.id,sc1_0.description,sc1_0.icon_url,sc1_0.is_active,sc1_0.name from service_categories sc1_0 where sc1_0.name=?
Hibernate: select sc1_0.id,sc1_0.description,sc1_0.icon_url,sc1_0.is_active,sc1_0.name from service_categories sc1_0 where sc1_0.name=?
Hibernate: select sc1_0.id,sc1_0.description,sc1_0.icon_url,sc1_0.is_active,sc1_0.name from service_categories sc1_0 where sc1_0.name=?
Hibernate: select u1_0.id,u1_0.email,u1_0.first_name,u1_0.last_name,u1_0.password,u1_0.phone,u1_0.role from users u1_0 where u1_0.email=?
2026-08-18T13:03:52.918+05:30  INFO 20852 --- [fixmate-backend] [freshExecutor-0] com.netflix.discovery.DiscoveryClient    : Disable delta property : false
2026-08-18T13:03:52.919+05:30  INFO 20852 --- [fixmate-backend] [freshExecutor-0] com.netflix.discovery.DiscoveryClient    : Single vip registry refresh property : null
2026-08-18T13:03:52.919+05:30  INFO 20852 --- [fixmate-backend] [freshExecutor-0] com.netflix.discovery.DiscoveryClient    : Force full registry fetch : false
2026-08-18T13:03:52.919+05:30  INFO 20852 --- [fixmate-backend] [freshExecutor-0] com.netflix.discovery.DiscoveryClient    : Application is null : false
2026-08-18T13:03:52.920+05:30  INFO 20852 --- [fixmate-backend] [freshExecutor-0] com.netflix.discovery.DiscoveryClient    : Registered Applications size is zero : true
2026-08-18T13:03:52.920+05:30  INFO 20852 --- [fixmate-backend] [freshExecutor-0] com.netflix.discovery.DiscoveryClient    : Application version is -1: false
2026-08-18T13:03:52.920+05:30  INFO 20852 --- [fixmate-backend] [freshExecutor-0] com.netflix.discovery.DiscoveryClient    : Getting all instance registry info from the eureka server
2026-08-18T13:03:52.953+05:30  INFO 20852 --- [fixmate-backend] [freshExecutor-0] com.netflix.discovery.DiscoveryClient    : The response status is 200
2026-08-18T13:03:55.989+05:30  INFO 20852 --- [fixmate-backend] [nio-8081-exec-1] o.a.c.c.C.[Tomcat].[localhost].[/]       : Initializing Spring DispatcherServlet 'dispatcherServlet'
2026-08-18T13:03:55.990+05:30  INFO 20852 --- [fixmate-backend] [nio-8081-exec-1] o.s.web.servlet.DispatcherServlet        : Initializing Servlet 'dispatcherServlet'
2026-08-18T13:03:55.992+05:30  INFO 20852 --- [fixmate-backend] [nio-8081-exec-1] o.s.web.servlet.DispatcherServlet        : Completed initialization in 2 ms
Hibernate: select u1_0.id,u1_0.email,u1_0.first_name,u1_0.last_name,u1_0.password,u1_0.phone,u1_0.role from users u1_0 where u1_0.email=?
Hibernate: select u1_0.id,u1_0.email,u1_0.first_name,u1_0.last_name,u1_0.password,u1_0.phone,u1_0.role from users u1_0 where u1_0.email=?
Hibernate: select u1_0.id,u1_0.email,u1_0.first_name,u1_0.last_name,u1_0.password,u1_0.phone,u1_0.role from users u1_0 where u1_0.email=?
Hibernate: select u1_0.id,u1_0.email,u1_0.first_name,u1_0.last_name,u1_0.password,u1_0.phone,u1_0.role from users u1_0 where u1_0.email=?
Hibernate: select u1_0.id,u1_0.email,u1_0.first_name,u1_0.last_name,u1_0.password,u1_0.phone,u1_0.role from users u1_0 where u1_0.email=?
Hibernate: select u1_0.id,u1_0.email,u1_0.first_name,u1_0.last_name,u1_0.password,u1_0.phone,u1_0.role from users u1_0 where u1_0.email=?
Hibernate: select u1_0.id,u1_0.email,u1_0.first_name,u1_0.last_name,u1_0.password,u1_0.phone,u1_0.role from users u1_0 where u1_0.email=?
Hibernate: select u1_0.id,u1_0.email,u1_0.first_name,u1_0.last_name,u1_0.password,u1_0.phone,u1_0.role from users u1_0 where u1_0.email=?
Hibernate: select u1_0.id,u1_0.email,u1_0.first_name,u1_0.last_name,u1_0.password,u1_0.phone,u1_0.role from users u1_0 where u1_0.email=?
Hibernate: select u1_0.id,u1_0.email,u1_0.first_name,u1_0.last_name,u1_0.password,u1_0.phone,u1_0.role from users u1_0 where u1_0.email=?
Hibernate: select spp1_0.id,spp1_0.current_latitude,spp1_0.current_longitude,spp1_0.experience_years,spp1_0.hourly_rate,spp1_0.is_available,spp1_0.is_online,spp1_0.kyc_document_ref,spp1_0.kyc_status,spp1_0.last_location_update,spp1_0.smart_service_score,spp1_0.total_reviews,spp1_0.user_id from partner_profiles spp1_0 where spp1_0.user_id=?
Hibernate: select b1_0.id,b1_0.address_id,b1_0.category_id,b1_0.customer_id,b1_0.customer_latitude,b1_0.customer_longitude,b1_0.is_emergency,b1_0.notes,b1_0.partner_id,b1_0.partner_latitude,b1_0.partner_longitude,b1_0.scheduled_date,b1_0.status,b1_0.total_amount from bookings b1_0 where b1_0.partner_id=?
Hibernate: select n1_0.id,n1_0.booking_id,n1_0.created_at,n1_0.is_read,n1_0.message,n1_0.title,n1_0.type,n1_0.user_id from notifications n1_0 where n1_0.user_id=? order by n1_0.created_at desc
Hibernate: select count(n1_0.id) from notifications n1_0 where n1_0.user_id=? and not(n1_0.is_read)
Hibernate: select sc1_0.id,sc1_0.description,sc1_0.icon_url,sc1_0.is_active,sc1_0.name from service_categories sc1_0
Hibernate: select u1_0.id,u1_0.email,u1_0.first_name,u1_0.last_name,u1_0.password,u1_0.phone,u1_0.role from users u1_0 where u1_0.email=?
Hibernate: select u1_0.id,u1_0.email,u1_0.first_name,u1_0.last_name,u1_0.password,u1_0.phone,u1_0.role from users u1_0 where u1_0.id=?
Hibernate: select u1_0.id,u1_0.email,u1_0.first_name,u1_0.last_name,u1_0.password,u1_0.phone,u1_0.role from users u1_0 where u1_0.id=?
Hibernate: select sc1_0.id,sc1_0.description,sc1_0.icon_url,sc1_0.is_active,sc1_0.name from service_categories sc1_0 where sc1_0.id=?
Hibernate: select count(n1_0.id) from notifications n1_0 where n1_0.user_id=? and not(n1_0.is_read)
Hibernate: select a1_0.id,a1_0.city,a1_0.country,a1_0.is_default,a1_0.latitude,a1_0.longitude,a1_0.state,a1_0.street,a1_0.user_id,a1_0.zip_code from addresses a1_0 where a1_0.id=?
Hibernate: select u1_0.id,u1_0.email,u1_0.first_name,u1_0.last_name,u1_0.password,u1_0.phone,u1_0.role from users u1_0 where u1_0.email=?
Hibernate: select s1_0.profile_id,s1_0.skill from partner_skills s1_0 where s1_0.profile_id=?
Hibernate: select n1_0.id,n1_0.booking_id,n1_0.created_at,n1_0.is_read,n1_0.message,n1_0.title,n1_0.type,n1_0.user_id from notifications n1_0 where n1_0.user_id=? order by n1_0.created_at desc
Hibernate: select u1_0.id,u1_0.email,u1_0.first_name,u1_0.last_name,u1_0.password,u1_0.phone,u1_0.role from users u1_0 where u1_0.email=?
Hibernate: select u1_0.id,u1_0.email,u1_0.first_name,u1_0.last_name,u1_0.password,u1_0.phone,u1_0.role from users u1_0 where u1_0.email=?
Hibernate: select u1_0.id,u1_0.email,u1_0.first_name,u1_0.last_name,u1_0.password,u1_0.phone,u1_0.role from users u1_0 where u1_0.email=?
Hibernate: select b1_0.id,b1_0.address_id,b1_0.category_id,b1_0.customer_id,b1_0.customer_latitude,b1_0.customer_longitude,b1_0.is_emergency,b1_0.notes,b1_0.partner_id,b1_0.partner_latitude,b1_0.partner_longitude,b1_0.scheduled_date,b1_0.status,b1_0.total_amount from bookings b1_0 where b1_0.partner_id=?
Hibernate: select sc1_0.id,sc1_0.description,sc1_0.icon_url,sc1_0.is_active,sc1_0.name from service_categories sc1_0
Hibernate: select u1_0.id,u1_0.email,u1_0.first_name,u1_0.last_name,u1_0.password,u1_0.phone,u1_0.role from users u1_0 where u1_0.id=?
Hibernate: select spp1_0.id,spp1_0.current_latitude,spp1_0.current_longitude,spp1_0.experience_years,spp1_0.hourly_rate,spp1_0.is_available,spp1_0.is_online,spp1_0.kyc_document_ref,spp1_0.kyc_status,spp1_0.last_location_update,spp1_0.smart_service_score,spp1_0.total_reviews,spp1_0.user_id from partner_profiles spp1_0 where spp1_0.user_id=?
Hibernate: select u1_0.id,u1_0.email,u1_0.first_name,u1_0.last_name,u1_0.password,u1_0.phone,u1_0.role from users u1_0 where u1_0.id=?
Hibernate: select sc1_0.id,sc1_0.description,sc1_0.icon_url,sc1_0.is_active,sc1_0.name from service_categories sc1_0 where sc1_0.id=?
Hibernate: select s1_0.profile_id,s1_0.skill from partner_skills s1_0 where s1_0.profile_id=?
Hibernate: select a1_0.id,a1_0.city,a1_0.country,a1_0.is_default,a1_0.latitude,a1_0.longitude,a1_0.state,a1_0.street,a1_0.user_id,a1_0.zip_code from addresses a1_0 where a1_0.id=?
Hibernate: select u1_0.id,u1_0.email,u1_0.first_name,u1_0.last_name,u1_0.password,u1_0.phone,u1_0.role from users u1_0 where u1_0.email=?
Hibernate: select count(n1_0.id) from notifications n1_0 where n1_0.user_id=? and not(n1_0.is_read)
Hibernate: select u1_0.id,u1_0.email,u1_0.first_name,u1_0.last_name,u1_0.password,u1_0.phone,u1_0.role from users u1_0 where u1_0.email=?
Hibernate: select count(n1_0.id) from notifications n1_0 where n1_0.user_id=? and not(n1_0.is_read)
Hibernate: select u1_0.id,u1_0.email,u1_0.first_name,u1_0.last_name,u1_0.password,u1_0.phone,u1_0.role from users u1_0 where u1_0.email=?
Hibernate: select count(n1_0.id) from notifications n1_0 where n1_0.user_id=? and not(n1_0.is_read)
Hibernate: select u1_0.id,u1_0.email,u1_0.first_name,u1_0.last_name,u1_0.password,u1_0.phone,u1_0.role from users u1_0 where u1_0.email=?
Hibernate: select count(n1_0.id) from notifications n1_0 where n1_0.user_id=? and not(n1_0.is_read)
Hibernate: select u1_0.id,u1_0.email,u1_0.first_name,u1_0.last_name,u1_0.password,u1_0.phone,u1_0.role from users u1_0 where u1_0.email=?
Hibernate: select count(n1_0.id) from notifications n1_0 where n1_0.user_id=? and not(n1_0.is_read)
Hibernate: select u1_0.id,u1_0.email,u1_0.first_name,u1_0.last_name,u1_0.password,u1_0.phone,u1_0.role from users u1_0 where u1_0.email=?
Hibernate: select count(n1_0.id) from notifications n1_0 where n1_0.user_id=? and not(n1_0.is_read)
Hibernate: select u1_0.id,u1_0.email,u1_0.first_name,u1_0.last_name,u1_0.password,u1_0.phone,u1_0.role from users u1_0 where u1_0.email=?
Hibernate: select count(n1_0.id) from notifications n1_0 where n1_0.user_id=? and not(n1_0.is_read)
Hibernate: select u1_0.id,u1_0.email,u1_0.first_name,u1_0.last_name,u1_0.password,u1_0.phone,u1_0.role from users u1_0 where u1_0.email=?
Hibernate: select count(n1_0.id) from notifications n1_0 where n1_0.user_id=? and not(n1_0.is_read)
Hibernate: select u1_0.id,u1_0.email,u1_0.first_name,u1_0.last_name,u1_0.password,u1_0.phone,u1_0.role from users u1_0 where u1_0.email=?
Hibernate: select count(n1_0.id) from notifications n1_0 where n1_0.user_id=? and not(n1_0.is_read)
Hibernate: select u1_0.id,u1_0.email,u1_0.first_name,u1_0.last_name,u1_0.password,u1_0.phone,u1_0.role from users u1_0 where u1_0.email=?
Hibernate: select count(n1_0.id) from notifications n1_0 where n1_0.user_id=? and not(n1_0.is_read)
Hibernate: select u1_0.id,u1_0.email,u1_0.first_name,u1_0.last_name,u1_0.password,u1_0.phone,u1_0.role from users u1_0 where u1_0.email=?
Hibernate: select count(n1_0.id) from notifications n1_0 where n1_0.user_id=? and not(n1_0.is_read)
Hibernate: select u1_0.id,u1_0.email,u1_0.first_name,u1_0.last_name,u1_0.password,u1_0.phone,u1_0.role from users u1_0 where u1_0.email=?
Hibernate: select count(n1_0.id) from notifications n1_0 where n1_0.user_id=? and not(n1_0.is_read)
Hibernate: select u1_0.id,u1_0.email,u1_0.first_name,u1_0.last_name,u1_0.password,u1_0.phone,u1_0.role from users u1_0 where u1_0.email=?
Hibernate: select count(n1_0.id) from notifications n1_0 where n1_0.user_id=? and not(n1_0.is_read)
Hibernate: select u1_0.id,u1_0.email,u1_0.first_name,u1_0.last_name,u1_0.password,u1_0.phone,u1_0.role from users u1_0 where u1_0.email=?
Hibernate: select count(n1_0.id) from notifications n1_0 where n1_0.user_id=? and not(n1_0.is_read)
Hibernate: select u1_0.id,u1_0.email,u1_0.first_name,u1_0.last_name,u1_0.password,u1_0.phone,u1_0.role from users u1_0 where u1_0.email=?
Hibernate: select count(n1_0.id) from notifications n1_0 where n1_0.user_id=? and not(n1_0.is_read)
Hibernate: select u1_0.id,u1_0.email,u1_0.first_name,u1_0.last_name,u1_0.password,u1_0.phone,u1_0.role from users u1_0 where u1_0.email=?
Hibernate: select count(n1_0.id) from notifications n1_0 where n1_0.user_id=? and not(n1_0.is_read)
2026-08-18T13:08:22.214+05:30  INFO 20852 --- [fixmate-backend] [trap-executor-0] c.n.d.s.r.aws.ConfigClusterResolver      : Resolving eureka endpoints via configuration
Hibernate: select u1_0.id,u1_0.email,u1_0.first_name,u1_0.last_name,u1_0.password,u1_0.phone,u1_0.role from users u1_0 where u1_0.email=?
Hibernate: select count(n1_0.id) from notifications n1_0 where n1_0.user_id=? and not(n1_0.is_read)
Hibernate: select u1_0.id,u1_0.email,u1_0.first_name,u1_0.last_name,u1_0.password,u1_0.phone,u1_0.role from users u1_0 where u1_0.email=?
Hibernate: select count(n1_0.id) from notifications n1_0 where n1_0.user_id=? and not(n1_0.is_read)
Hibernate: select u1_0.id,u1_0.email,u1_0.first_name,u1_0.last_name,u1_0.password,u1_0.phone,u1_0.role from users u1_0 where u1_0.email=?
Hibernate: select u1_0.id,u1_0.email,u1_0.first_name,u1_0.last_name,u1_0.password,u1_0.phone,u1_0.role from users u1_0 where u1_0.email=?
Hibernate: select b1_0.id,b1_0.address_id,b1_0.category_id,b1_0.customer_id,b1_0.customer_latitude,b1_0.customer_longitude,b1_0.is_emergency,b1_0.notes,b1_0.partner_id,b1_0.partner_latitude,b1_0.partner_longitude,b1_0.scheduled_date,b1_0.status,b1_0.total_amount from bookings b1_0 where b1_0.partner_id=?
Hibernate: select spp1_0.id,spp1_0.current_latitude,spp1_0.current_longitude,spp1_0.experience_years,spp1_0.hourly_rate,spp1_0.is_available,spp1_0.is_online,spp1_0.kyc_document_ref,spp1_0.kyc_status,spp1_0.last_location_update,spp1_0.smart_service_score,spp1_0.total_reviews,spp1_0.user_id from partner_profiles spp1_0 where spp1_0.user_id=?
Hibernate: select s1_0.profile_id,s1_0.skill from partner_skills s1_0 where s1_0.profile_id=?
Hibernate: select u1_0.id,u1_0.email,u1_0.first_name,u1_0.last_name,u1_0.password,u1_0.phone,u1_0.role from users u1_0 where u1_0.email=?
Hibernate: select u1_0.id,u1_0.email,u1_0.first_name,u1_0.last_name,u1_0.password,u1_0.phone,u1_0.role from users u1_0 where u1_0.id=?
Hibernate: select u1_0.id,u1_0.email,u1_0.first_name,u1_0.last_name,u1_0.password,u1_0.phone,u1_0.role from users u1_0 where u1_0.id=?
Hibernate: select sc1_0.id,sc1_0.description,sc1_0.icon_url,sc1_0.is_active,sc1_0.name from service_categories sc1_0 where sc1_0.id=?
Hibernate: select a1_0.id,a1_0.city,a1_0.country,a1_0.is_default,a1_0.latitude,a1_0.longitude,a1_0.state,a1_0.street,a1_0.user_id,a1_0.zip_code from addresses a1_0 where a1_0.id=?
Hibernate: select sc1_0.id,sc1_0.description,sc1_0.icon_url,sc1_0.is_active,sc1_0.name from service_categories sc1_0
Hibernate: select u1_0.id,u1_0.email,u1_0.first_name,u1_0.last_name,u1_0.password,u1_0.phone,u1_0.role from users u1_0 where u1_0.email=?
Hibernate: select n1_0.id,n1_0.booking_id,n1_0.created_at,n1_0.is_read,n1_0.message,n1_0.title,n1_0.type,n1_0.user_id from notifications n1_0 where n1_0.user_id=? order by n1_0.created_at desc
Hibernate: select u1_0.id,u1_0.email,u1_0.first_name,u1_0.last_name,u1_0.password,u1_0.phone,u1_0.role from users u1_0 where u1_0.email=?
Hibernate: select u1_0.id,u1_0.email,u1_0.first_name,u1_0.last_name,u1_0.password,u1_0.phone,u1_0.role from users u1_0 where u1_0.email=?
Hibernate: select u1_0.id,u1_0.email,u1_0.first_name,u1_0.last_name,u1_0.password,u1_0.phone,u1_0.role from users u1_0 where u1_0.email=?
Hibernate: select u1_0.id,u1_0.email,u1_0.first_name,u1_0.last_name,u1_0.password,u1_0.phone,u1_0.role from users u1_0 where u1_0.email=?
Hibernate: select sc1_0.id,sc1_0.description,sc1_0.icon_url,sc1_0.is_active,sc1_0.name from service_categories sc1_0
Hibernate: select count(n1_0.id) from notifications n1_0 where n1_0.user_id=? and not(n1_0.is_read)
Hibernate: select b1_0.id,b1_0.address_id,b1_0.category_id,b1_0.customer_id,b1_0.customer_latitude,b1_0.customer_longitude,b1_0.is_emergency,b1_0.notes,b1_0.partner_id,b1_0.partner_latitude,b1_0.partner_longitude,b1_0.scheduled_date,b1_0.status,b1_0.total_amount from bookings b1_0 where b1_0.partner_id=?
Hibernate: select spp1_0.id,spp1_0.current_latitude,spp1_0.current_longitude,spp1_0.experience_years,spp1_0.hourly_rate,spp1_0.is_available,spp1_0.is_online,spp1_0.kyc_document_ref,spp1_0.kyc_status,spp1_0.last_location_update,spp1_0.smart_service_score,spp1_0.total_reviews,spp1_0.user_id from partner_profiles spp1_0 where spp1_0.user_id=?
Hibernate: select s1_0.profile_id,s1_0.skill from partner_skills s1_0 where s1_0.profile_id=?
Hibernate: select u1_0.id,u1_0.email,u1_0.first_name,u1_0.last_name,u1_0.password,u1_0.phone,u1_0.role from users u1_0 where u1_0.id=?
Hibernate: select u1_0.id,u1_0.email,u1_0.first_name,u1_0.last_name,u1_0.password,u1_0.phone,u1_0.role from users u1_0 where u1_0.id=?
Hibernate: select sc1_0.id,sc1_0.description,sc1_0.icon_url,sc1_0.is_active,sc1_0.name from service_categories sc1_0 where sc1_0.id=?
Hibernate: select a1_0.id,a1_0.city,a1_0.country,a1_0.is_default,a1_0.latitude,a1_0.longitude,a1_0.state,a1_0.street,a1_0.user_id,a1_0.zip_code from addresses a1_0 where a1_0.id=?
Hibernate: select u1_0.id,u1_0.email,u1_0.first_name,u1_0.last_name,u1_0.password,u1_0.phone,u1_0.role from users u1_0 where u1_0.email=?
Hibernate: select u1_0.id,u1_0.email,u1_0.first_name,u1_0.last_name,u1_0.password,u1_0.phone,u1_0.role from users u1_0 where u1_0.email=?
Hibernate: select n1_0.id,n1_0.booking_id,n1_0.created_at,n1_0.is_read,n1_0.message,n1_0.title,n1_0.type,n1_0.user_id from notifications n1_0 where n1_0.user_id=? order by n1_0.created_at desc
Hibernate: select count(n1_0.id) from notifications n1_0 where n1_0.user_id=? and not(n1_0.is_read)
Hibernate: select u1_0.id,u1_0.email,u1_0.first_name,u1_0.last_name,u1_0.password,u1_0.phone,u1_0.role from users u1_0 where u1_0.email=?
Hibernate: select count(n1_0.id) from notifications n1_0 where n1_0.user_id=? and not(n1_0.is_read)
Hibernate: select u1_0.id,u1_0.email,u1_0.first_name,u1_0.last_name,u1_0.password,u1_0.phone,u1_0.role from users u1_0 where u1_0.email=?
Hibernate: select u1_0.id,u1_0.email,u1_0.first_name,u1_0.last_name,u1_0.password,u1_0.phone,u1_0.role from users u1_0 where u1_0.email=?
Hibernate: select u1_0.id,u1_0.email,u1_0.first_name,u1_0.last_name,u1_0.password,u1_0.phone,u1_0.role from users u1_0 where u1_0.email=?
Hibernate: select u1_0.id,u1_0.email,u1_0.first_name,u1_0.last_name,u1_0.password,u1_0.phone,u1_0.role from users u1_0 where u1_0.email=?
Hibernate: select u1_0.id,u1_0.email,u1_0.first_name,u1_0.last_name,u1_0.password,u1_0.phone,u1_0.role from users u1_0 where u1_0.email=?
Hibernate: select u1_0.id,u1_0.email,u1_0.first_name,u1_0.last_name,u1_0.password,u1_0.phone,u1_0.role from users u1_0 where u1_0.email=?
Hibernate: select u1_0.id,u1_0.email,u1_0.first_name,u1_0.last_name,u1_0.password,u1_0.phone,u1_0.role from users u1_0 where u1_0.email=?
Hibernate: select n1_0.id,n1_0.booking_id,n1_0.created_at,n1_0.is_read,n1_0.message,n1_0.title,n1_0.type,n1_0.user_id from notifications n1_0 where n1_0.user_id=? order by n1_0.created_at desc
Hibernate: select sc1_0.id,sc1_0.description,sc1_0.icon_url,sc1_0.is_active,sc1_0.name from service_categories sc1_0
Hibernate: select spp1_0.id,spp1_0.current_latitude,spp1_0.current_longitude,spp1_0.experience_years,spp1_0.hourly_rate,spp1_0.is_available,spp1_0.is_online,spp1_0.kyc_document_ref,spp1_0.kyc_status,spp1_0.last_location_update,spp1_0.smart_service_score,spp1_0.total_reviews,spp1_0.user_id from partner_profiles spp1_0 where spp1_0.user_id=?
Hibernate: select b1_0.id,b1_0.address_id,b1_0.category_id,b1_0.customer_id,b1_0.customer_latitude,b1_0.customer_longitude,b1_0.is_emergency,b1_0.notes,b1_0.partner_id,b1_0.partner_latitude,b1_0.partner_longitude,b1_0.scheduled_date,b1_0.status,b1_0.total_amount from bookings b1_0 where b1_0.partner_id=?
Hibernate: select s1_0.profile_id,s1_0.skill from partner_skills s1_0 where s1_0.profile_id=?
Hibernate: select count(n1_0.id) from notifications n1_0 where n1_0.user_id=? and not(n1_0.is_read)
Hibernate: select u1_0.id,u1_0.email,u1_0.first_name,u1_0.last_name,u1_0.password,u1_0.phone,u1_0.role from users u1_0 where u1_0.email=?
Hibernate: select u1_0.id,u1_0.email,u1_0.first_name,u1_0.last_name,u1_0.password,u1_0.phone,u1_0.role from users u1_0 where u1_0.email=?
Hibernate: select u1_0.id,u1_0.email,u1_0.first_name,u1_0.last_name,u1_0.password,u1_0.phone,u1_0.role from users u1_0 where u1_0.email=?
Hibernate: select u1_0.id,u1_0.email,u1_0.first_name,u1_0.last_name,u1_0.password,u1_0.phone,u1_0.role from users u1_0 where u1_0.email=?
Hibernate: select u1_0.id,u1_0.email,u1_0.first_name,u1_0.last_name,u1_0.password,u1_0.phone,u1_0.role from users u1_0 where u1_0.email=?
Hibernate: select b1_0.id,b1_0.address_id,b1_0.category_id,b1_0.customer_id,b1_0.customer_latitude,b1_0.customer_longitude,b1_0.is_emergency,b1_0.notes,b1_0.partner_id,b1_0.partner_latitude,b1_0.partner_longitude,b1_0.scheduled_date,b1_0.status,b1_0.total_amount from bookings b1_0 where b1_0.partner_id=?
Hibernate: select count(n1_0.id) from notifications n1_0 where n1_0.user_id=? and not(n1_0.is_read)
Hibernate: select spp1_0.id,spp1_0.current_latitude,spp1_0.current_longitude,spp1_0.experience_years,spp1_0.hourly_rate,spp1_0.is_available,spp1_0.is_online,spp1_0.kyc_document_ref,spp1_0.kyc_status,spp1_0.last_location_update,spp1_0.smart_service_score,spp1_0.total_reviews,spp1_0.user_id from partner_profiles spp1_0 where spp1_0.user_id=?
Hibernate: select sc1_0.id,sc1_0.description,sc1_0.icon_url,sc1_0.is_active,sc1_0.name from service_categories sc1_0
Hibernate: select s1_0.profile_id,s1_0.skill from partner_skills s1_0 where s1_0.profile_id=?
Hibernate: select n1_0.id,n1_0.booking_id,n1_0.created_at,n1_0.is_read,n1_0.message,n1_0.title,n1_0.type,n1_0.user_id from notifications n1_0 where n1_0.user_id=? order by n1_0.created_at desc
2026-08-18T13:16:13.065+05:30  WARN 20852 --- [fixmate-backend] [l-1 housekeeper] com.zaxxer.hikari.pool.HikariPool        : HikariPool-1 - Thread starvation or clock leap detected (housekeeper delta=7m56s756ms223µs700ns).
Hibernate: select u1_0.id,u1_0.email,u1_0.first_name,u1_0.last_name,u1_0.password,u1_0.phone,u1_0.role from users u1_0 where u1_0.email=?
Hibernate: select count(n1_0.id) from notifications n1_0 where n1_0.user_id=? and not(n1_0.is_read)
Hibernate: select u1_0.id,u1_0.email,u1_0.first_name,u1_0.last_name,u1_0.password,u1_0.phone,u1_0.role from users u1_0 where u1_0.email=?
Hibernate: select count(n1_0.id) from notifications n1_0 where n1_0.user_id=? and not(n1_0.is_read)
Hibernate: select u1_0.id,u1_0.email,u1_0.first_name,u1_0.last_name,u1_0.password,u1_0.phone,u1_0.role from users u1_0 where u1_0.email=?
Hibernate: select u1_0.id,u1_0.email,u1_0.first_name,u1_0.last_name,u1_0.password,u1_0.phone,u1_0.role from users u1_0 where u1_0.email=?
Hibernate: select count(n1_0.id) from notifications n1_0 where n1_0.user_id=? and not(n1_0.is_read)
Hibernate: select n1_0.id,n1_0.booking_id,n1_0.created_at,n1_0.is_read,n1_0.message,n1_0.title,n1_0.type,n1_0.user_id from notifications n1_0 where n1_0.user_id=? order by n1_0.created_at desc
Hibernate: select u1_0.id,u1_0.email,u1_0.first_name,u1_0.last_name,u1_0.password,u1_0.phone,u1_0.role from users u1_0 where u1_0.email=?
Hibernate: select count(n1_0.id) from notifications n1_0 where n1_0.user_id=? and not(n1_0.is_read)
Hibernate: select u1_0.id,u1_0.email,u1_0.first_name,u1_0.last_name,u1_0.password,u1_0.phone,u1_0.role from users u1_0 where u1_0.email=?
Hibernate: select count(n1_0.id) from notifications n1_0 where n1_0.user_id=? and not(n1_0.is_read)
Hibernate: select u1_0.id,u1_0.email,u1_0.first_name,u1_0.last_name,u1_0.password,u1_0.phone,u1_0.role from users u1_0 where u1_0.email=?
Hibernate: select u1_0.id,u1_0.email,u1_0.first_name,u1_0.last_name,u1_0.password,u1_0.phone,u1_0.role from users u1_0 where u1_0.email=?
Hibernate: select count(n1_0.id) from notifications n1_0 where n1_0.user_id=? and not(n1_0.is_read)
Hibernate: select n1_0.id,n1_0.booking_id,n1_0.created_at,n1_0.is_read,n1_0.message,n1_0.title,n1_0.type,n1_0.user_id from notifications n1_0 where n1_0.user_id=? order by n1_0.created_at desc
Hibernate: select u1_0.id,u1_0.email,u1_0.first_name,u1_0.last_name,u1_0.password,u1_0.phone,u1_0.role from users u1_0 where u1_0.email=?
Hibernate: select count(n1_0.id) from notifications n1_0 where n1_0.user_id=? and not(n1_0.is_read)
Hibernate: select u1_0.id,u1_0.email,u1_0.first_name,u1_0.last_name,u1_0.password,u1_0.phone,u1_0.role from users u1_0 where u1_0.email=?
Hibernate: select count(n1_0.id) from notifications n1_0 where n1_0.user_id=? and not(n1_0.is_read)
Hibernate: select u1_0.id,u1_0.email,u1_0.first_name,u1_0.last_name,u1_0.password,u1_0.phone,u1_0.role from users u1_0 where u1_0.email=?
Hibernate: select count(n1_0.id) from notifications n1_0 where n1_0.user_id=? and not(n1_0.is_read)
Hibernate: select u1_0.id,u1_0.email,u1_0.first_name,u1_0.last_name,u1_0.password,u1_0.phone,u1_0.role from users u1_0 where u1_0.email=?
Hibernate: select count(n1_0.id) from notifications n1_0 where n1_0.user_id=? and not(n1_0.is_read)
Hibernate: select u1_0.id,u1_0.email,u1_0.first_name,u1_0.last_name,u1_0.password,u1_0.phone,u1_0.role from users u1_0 where u1_0.email=?
Hibernate: select count(n1_0.id) from notifications n1_0 where n1_0.user_id=? and not(n1_0.is_read)
Hibernate: select u1_0.id,u1_0.email,u1_0.first_name,u1_0.last_name,u1_0.password,u1_0.phone,u1_0.role from users u1_0 where u1_0.email=?
Hibernate: select u1_0.id,u1_0.email,u1_0.first_name,u1_0.last_name,u1_0.password,u1_0.phone,u1_0.role from users u1_0 where u1_0.email=?
Hibernate: select u1_0.id,u1_0.email,u1_0.first_name,u1_0.last_name,u1_0.password,u1_0.phone,u1_0.role from users u1_0 where u1_0.email=?
Hibernate: select count(n1_0.id) from notifications n1_0 where n1_0.user_id=? and not(n1_0.is_read)
Hibernate: select u1_0.id,u1_0.email,u1_0.first_name,u1_0.last_name,u1_0.password,u1_0.phone,u1_0.role from users u1_0 where u1_0.email=?
Hibernate: select u1_0.id,u1_0.email,u1_0.first_name,u1_0.last_name,u1_0.password,u1_0.phone,u1_0.role from users u1_0 where u1_0.email=?
Hibernate: select u1_0.id,u1_0.email,u1_0.first_name,u1_0.last_name,u1_0.password,u1_0.phone,u1_0.role from users u1_0 where u1_0.email=?
Hibernate: select u1_0.id,u1_0.email,u1_0.first_name,u1_0.last_name,u1_0.password,u1_0.phone,u1_0.role from users u1_0 where u1_0.email=?
Hibernate: select u1_0.id,u1_0.email,u1_0.first_name,u1_0.last_name,u1_0.password,u1_0.phone,u1_0.role from users u1_0 where u1_0.email=?
Hibernate: select u1_0.id,u1_0.email,u1_0.first_name,u1_0.last_name,u1_0.password,u1_0.phone,u1_0.role from users u1_0 where u1_0.email=?
Hibernate: select u1_0.id,u1_0.email,u1_0.first_name,u1_0.last_name,u1_0.password,u1_0.phone,u1_0.role from users u1_0 where u1_0.email=?
Hibernate: select b1_0.id,b1_0.address_id,b1_0.category_id,b1_0.customer_id,b1_0.customer_latitude,b1_0.customer_longitude,b1_0.is_emergency,b1_0.notes,b1_0.partner_id,b1_0.partner_latitude,b1_0.partner_longitude,b1_0.scheduled_date,b1_0.status,b1_0.total_amount from bookings b1_0 where b1_0.partner_id=?
Hibernate: select count(n1_0.id) from notifications n1_0 where n1_0.user_id=? and not(n1_0.is_read)
Hibernate: select n1_0.id,n1_0.booking_id,n1_0.created_at,n1_0.is_read,n1_0.message,n1_0.title,n1_0.type,n1_0.user_id from notifications n1_0 where n1_0.user_id=? order by n1_0.created_at desc
Hibernate: select u1_0.id,u1_0.email,u1_0.first_name,u1_0.last_name,u1_0.password,u1_0.phone,u1_0.role from users u1_0 where u1_0.id=?
Hibernate: select spp1_0.id,spp1_0.current_latitude,spp1_0.current_longitude,spp1_0.experience_years,spp1_0.hourly_rate,spp1_0.is_available,spp1_0.is_online,spp1_0.kyc_document_ref,spp1_0.kyc_status,spp1_0.last_location_update,spp1_0.smart_service_score,spp1_0.total_reviews,spp1_0.user_id from partner_profiles spp1_0 where spp1_0.user_id=?
Hibernate: select sc1_0.id,sc1_0.description,sc1_0.icon_url,sc1_0.is_active,sc1_0.name from service_categories sc1_0
Hibernate: select s1_0.profile_id,s1_0.skill from partner_skills s1_0 where s1_0.profile_id=?
Hibernate: select u1_0.id,u1_0.email,u1_0.first_name,u1_0.last_name,u1_0.password,u1_0.phone,u1_0.role from users u1_0 where u1_0.id=?
Hibernate: select sc1_0.id,sc1_0.description,sc1_0.icon_url,sc1_0.is_active,sc1_0.name from service_categories sc1_0 where sc1_0.id=?
Hibernate: select a1_0.id,a1_0.city,a1_0.country,a1_0.is_default,a1_0.latitude,a1_0.longitude,a1_0.state,a1_0.street,a1_0.user_id,a1_0.zip_code from addresses a1_0 where a1_0.id=?
Hibernate: select u1_0.id,u1_0.email,u1_0.first_name,u1_0.last_name,u1_0.password,u1_0.phone,u1_0.role from users u1_0 where u1_0.email=?
Hibernate: select u1_0.id,u1_0.email,u1_0.first_name,u1_0.last_name,u1_0.password,u1_0.phone,u1_0.role from users u1_0 where u1_0.email=?
Hibernate: select u1_0.id,u1_0.email,u1_0.first_name,u1_0.last_name,u1_0.password,u1_0.phone,u1_0.role from users u1_0 where u1_0.email=?
Hibernate: select u1_0.id,u1_0.email,u1_0.first_name,u1_0.last_name,u1_0.password,u1_0.phone,u1_0.role from users u1_0 where u1_0.email=?
Hibernate: select n1_0.id,n1_0.booking_id,n1_0.created_at,n1_0.is_read,n1_0.message,n1_0.title,n1_0.type,n1_0.user_id from notifications n1_0 where n1_0.user_id=? order by n1_0.created_at desc
Hibernate: select count(n1_0.id) from notifications n1_0 where n1_0.user_id=? and not(n1_0.is_read)
Hibernate: select sc1_0.id,sc1_0.description,sc1_0.icon_url,sc1_0.is_active,sc1_0.name from service_categories sc1_0
Hibernate: select u1_0.id,u1_0.email,u1_0.first_name,u1_0.last_name,u1_0.password,u1_0.phone,u1_0.role from users u1_0 where u1_0.email=?
Hibernate: select spp1_0.id,spp1_0.current_latitude,spp1_0.current_longitude,spp1_0.experience_years,spp1_0.hourly_rate,spp1_0.is_available,spp1_0.is_online,spp1_0.kyc_document_ref,spp1_0.kyc_status,spp1_0.last_location_update,spp1_0.smart_service_score,spp1_0.total_reviews,spp1_0.user_id from partner_profiles spp1_0 where spp1_0.user_id=?
Hibernate: select s1_0.profile_id,s1_0.skill from partner_skills s1_0 where s1_0.profile_id=?
Hibernate: select b1_0.id,b1_0.address_id,b1_0.category_id,b1_0.customer_id,b1_0.customer_latitude,b1_0.customer_longitude,b1_0.is_emergency,b1_0.notes,b1_0.partner_id,b1_0.partner_latitude,b1_0.partner_longitude,b1_0.scheduled_date,b1_0.status,b1_0.total_amount from bookings b1_0 where b1_0.partner_id=?
Hibernate: select u1_0.id,u1_0.email,u1_0.first_name,u1_0.last_name,u1_0.password,u1_0.phone,u1_0.role from users u1_0 where u1_0.id=?
Hibernate: select u1_0.id,u1_0.email,u1_0.first_name,u1_0.last_name,u1_0.password,u1_0.phone,u1_0.role from users u1_0 where u1_0.id=?
Hibernate: select sc1_0.id,sc1_0.description,sc1_0.icon_url,sc1_0.is_active,sc1_0.name from service_categories sc1_0 where sc1_0.id=?
Hibernate: select a1_0.id,a1_0.city,a1_0.country,a1_0.is_default,a1_0.latitude,a1_0.longitude,a1_0.state,a1_0.street,a1_0.user_id,a1_0.zip_code from addresses a1_0 where a1_0.id=?
Hibernate: select u1_0.id,u1_0.email,u1_0.first_name,u1_0.last_name,u1_0.password,u1_0.phone,u1_0.role from users u1_0 where u1_0.email=?
Hibernate: select count(n1_0.id) from notifications n1_0 where n1_0.user_id=? and not(n1_0.is_read)
Hibernate: select u1_0.id,u1_0.email,u1_0.first_name,u1_0.last_name,u1_0.password,u1_0.phone,u1_0.role from users u1_0 where u1_0.email=?
Hibernate: select count(n1_0.id) from notifications n1_0 where n1_0.user_id=? and not(n1_0.is_read)
Hibernate: select u1_0.id,u1_0.email,u1_0.first_name,u1_0.last_name,u1_0.password,u1_0.phone,u1_0.role from users u1_0 where u1_0.email=?
Hibernate: select count(n1_0.id) from notifications n1_0 where n1_0.user_id=? and not(n1_0.is_read)
Hibernate: select u1_0.id,u1_0.email,u1_0.first_name,u1_0.last_name,u1_0.password,u1_0.phone,u1_0.role from users u1_0 where u1_0.email=?
Hibernate: select u1_0.id,u1_0.email,u1_0.first_name,u1_0.last_name,u1_0.password,u1_0.phone,u1_0.role from users u1_0 where u1_0.email=?
Hibernate: select n1_0.id,n1_0.booking_id,n1_0.created_at,n1_0.is_read,n1_0.message,n1_0.title,n1_0.type,n1_0.user_id from notifications n1_0 where n1_0.user_id=? order by n1_0.created_at desc
Hibernate: select count(n1_0.id) from notifications n1_0 where n1_0.user_id=? and not(n1_0.is_read)
Hibernate: select u1_0.id,u1_0.email,u1_0.first_name,u1_0.last_name,u1_0.password,u1_0.phone,u1_0.role from users u1_0 where u1_0.email=?
Hibernate: select count(n1_0.id) from notifications n1_0 where n1_0.user_id=? and not(n1_0.is_read)
Hibernate: select u1_0.id,u1_0.email,u1_0.first_name,u1_0.last_name,u1_0.password,u1_0.phone,u1_0.role from users u1_0 where u1_0.email=?
Hibernate: select u1_0.id,u1_0.email,u1_0.first_name,u1_0.last_name,u1_0.password,u1_0.phone,u1_0.role from users u1_0 where u1_0.email=?
Hibernate: select count(n1_0.id) from notifications n1_0 where n1_0.user_id=? and not(n1_0.is_read)
Hibernate: select n1_0.id,n1_0.booking_id,n1_0.created_at,n1_0.is_read,n1_0.message,n1_0.title,n1_0.type,n1_0.user_id from notifications n1_0 where n1_0.user_id=? order by n1_0.created_at desc
Hibernate: select u1_0.id,u1_0.email,u1_0.first_name,u1_0.last_name,u1_0.password,u1_0.phone,u1_0.role from users u1_0 where u1_0.email=?
Hibernate: select u1_0.id,u1_0.email,u1_0.first_name,u1_0.last_name,u1_0.password,u1_0.phone,u1_0.role from users u1_0 where u1_0.email=?
Hibernate: select count(n1_0.id) from notifications n1_0 where n1_0.user_id=? and not(n1_0.is_read)
Hibernate: select n1_0.id,n1_0.booking_id,n1_0.created_at,n1_0.is_read,n1_0.message,n1_0.title,n1_0.type,n1_0.user_id from notifications n1_0 where n1_0.user_id=? order by n1_0.created_at desc
Hibernate: select u1_0.id,u1_0.email,u1_0.first_name,u1_0.last_name,u1_0.password,u1_0.phone,u1_0.role from users u1_0 where u1_0.email=?
Hibernate: select count(n1_0.id) from notifications n1_0 where n1_0.user_id=? and not(n1_0.is_read)
Hibernate: select u1_0.id,u1_0.email,u1_0.first_name,u1_0.last_name,u1_0.password,u1_0.phone,u1_0.role from users u1_0 where u1_0.email=?
Hibernate: select count(n1_0.id) from notifications n1_0 where n1_0.user_id=? and not(n1_0.is_read)
Hibernate: select u1_0.id,u1_0.email,u1_0.first_name,u1_0.last_name,u1_0.password,u1_0.phone,u1_0.role from users u1_0 where u1_0.email=?
Hibernate: select count(n1_0.id) from notifications n1_0 where n1_0.user_id=? and not(n1_0.is_read)
Hibernate: select u1_0.id,u1_0.email,u1_0.first_name,u1_0.last_name,u1_0.password,u1_0.phone,u1_0.role from users u1_0 where u1_0.email=?
Hibernate: select count(n1_0.id) from notifications n1_0 where n1_0.user_id=? and not(n1_0.is_read)
Hibernate: select u1_0.id,u1_0.email,u1_0.first_name,u1_0.last_name,u1_0.password,u1_0.phone,u1_0.role from users u1_0 where u1_0.email=?
Hibernate: select n1_0.id,n1_0.booking_id,n1_0.created_at,n1_0.is_read,n1_0.message,n1_0.title,n1_0.type,n1_0.user_id from notifications n1_0 where n1_0.user_id=? order by n1_0.created_at desc
Hibernate: select u1_0.id,u1_0.email,u1_0.first_name,u1_0.last_name,u1_0.password,u1_0.phone,u1_0.role from users u1_0 where u1_0.email=?
Hibernate: select count(n1_0.id) from notifications n1_0 where n1_0.user_id=? and not(n1_0.is_read)
Hibernate: select u1_0.id,u1_0.email,u1_0.first_name,u1_0.last_name,u1_0.password,u1_0.phone,u1_0.role from users u1_0 where u1_0.email=?
Hibernate: update notifications set is_read=1 where user_id=? and is_read=0
Hibernate: select u1_0.id,u1_0.email,u1_0.first_name,u1_0.last_name,u1_0.password,u1_0.phone,u1_0.role from users u1_0 where u1_0.email=?
Hibernate: select count(n1_0.id) from notifications n1_0 where n1_0.user_id=? and not(n1_0.is_read)
Hibernate: select u1_0.id,u1_0.email,u1_0.first_name,u1_0.last_name,u1_0.password,u1_0.phone,u1_0.role from users u1_0 where u1_0.email=?
Hibernate: select count(n1_0.id) from notifications n1_0 where n1_0.user_id=? and not(n1_0.is_read)
Hibernate: select u1_0.id,u1_0.email,u1_0.first_name,u1_0.last_name,u1_0.password,u1_0.phone,u1_0.role from users u1_0 where u1_0.email=?
Hibernate: select count(n1_0.id) from notifications n1_0 where n1_0.user_id=? and not(n1_0.is_read)
Hibernate: select u1_0.id,u1_0.email,u1_0.first_name,u1_0.last_name,u1_0.password,u1_0.phone,u1_0.role from users u1_0 where u1_0.email=?
Hibernate: select count(n1_0.id) from notifications n1_0 where n1_0.user_id=? and not(n1_0.is_read)
Hibernate: select u1_0.id,u1_0.email,u1_0.first_name,u1_0.last_name,u1_0.password,u1_0.phone,u1_0.role from users u1_0 where u1_0.email=?
Hibernate: select count(n1_0.id) from notifications n1_0 where n1_0.user_id=? and not(n1_0.is_read)
Hibernate: select u1_0.id,u1_0.email,u1_0.first_name,u1_0.last_name,u1_0.password,u1_0.phone,u1_0.role from users u1_0 where u1_0.email=?
Hibernate: select count(n1_0.id) from notifications n1_0 where n1_0.user_id=? and not(n1_0.is_read)
Hibernate: select u1_0.id,u1_0.email,u1_0.first_name,u1_0.last_name,u1_0.password,u1_0.phone,u1_0.role from users u1_0 where u1_0.email=?
Hibernate: select u1_0.id,u1_0.email,u1_0.first_name,u1_0.last_name,u1_0.password,u1_0.phone,u1_0.role from users u1_0 where u1_0.email=?
Hibernate: select u1_0.id,u1_0.email,u1_0.first_name,u1_0.last_name,u1_0.password,u1_0.phone,u1_0.role from users u1_0 where u1_0.email=?
Hibernate: select u1_0.id,u1_0.email,u1_0.first_name,u1_0.last_name,u1_0.password,u1_0.phone,u1_0.role from users u1_0 where u1_0.email=?
Hibernate: select b1_0.id,b1_0.address_id,b1_0.category_id,b1_0.customer_id,b1_0.customer_latitude,b1_0.customer_longitude,b1_0.is_emergency,b1_0.notes,b1_0.partner_id,b1_0.partner_latitude,b1_0.partner_longitude,b1_0.scheduled_date,b1_0.status,b1_0.total_amount from bookings b1_0 where b1_0.customer_id=?
Hibernate: select u1_0.id,u1_0.email,u1_0.first_name,u1_0.last_name,u1_0.password,u1_0.phone,u1_0.role from users u1_0 where u1_0.id=?
Hibernate: select u1_0.id,u1_0.email,u1_0.first_name,u1_0.last_name,u1_0.password,u1_0.phone,u1_0.role from users u1_0 where u1_0.id=?
Hibernate: select sc1_0.id,sc1_0.description,sc1_0.icon_url,sc1_0.is_active,sc1_0.name from service_categories sc1_0 where sc1_0.id=?
Hibernate: select a1_0.id,a1_0.city,a1_0.country,a1_0.is_default,a1_0.latitude,a1_0.longitude,a1_0.state,a1_0.street,a1_0.user_id,a1_0.zip_code from addresses a1_0 where a1_0.id=?
Hibernate: select u1_0.id,u1_0.email,u1_0.first_name,u1_0.last_name,u1_0.password,u1_0.phone,u1_0.role from users u1_0 where u1_0.id=?
Hibernate: select u1_0.id,u1_0.email,u1_0.first_name,u1_0.last_name,u1_0.password,u1_0.phone,u1_0.role from users u1_0 where u1_0.email=?
Hibernate: select b1_0.id,b1_0.address_id,b1_0.category_id,b1_0.customer_id,b1_0.customer_latitude,b1_0.customer_longitude,b1_0.is_emergency,b1_0.notes,b1_0.partner_id,b1_0.partner_latitude,b1_0.partner_longitude,b1_0.scheduled_date,b1_0.status,b1_0.total_amount from bookings b1_0 where b1_0.customer_id=?
Hibernate: select u1_0.id,u1_0.email,u1_0.first_name,u1_0.last_name,u1_0.password,u1_0.phone,u1_0.role from users u1_0 where u1_0.id=?
Hibernate: select u1_0.id,u1_0.email,u1_0.first_name,u1_0.last_name,u1_0.password,u1_0.phone,u1_0.role from users u1_0 where u1_0.id=?
Hibernate: select sc1_0.id,sc1_0.description,sc1_0.icon_url,sc1_0.is_active,sc1_0.name from service_categories sc1_0 where sc1_0.id=?
Hibernate: select a1_0.id,a1_0.city,a1_0.country,a1_0.is_default,a1_0.latitude,a1_0.longitude,a1_0.state,a1_0.street,a1_0.user_id,a1_0.zip_code from addresses a1_0 where a1_0.id=?
Hibernate: select u1_0.id,u1_0.email,u1_0.first_name,u1_0.last_name,u1_0.password,u1_0.phone,u1_0.role from users u1_0 where u1_0.id=?
Hibernate: select u1_0.id,u1_0.email,u1_0.first_name,u1_0.last_name,u1_0.password,u1_0.phone,u1_0.role from users u1_0 where u1_0.email=?
Hibernate: select count(n1_0.id) from notifications n1_0 where n1_0.user_id=? and not(n1_0.is_read)
Hibernate: select u1_0.id,u1_0.email,u1_0.first_name,u1_0.last_name,u1_0.password,u1_0.phone,u1_0.role from users u1_0 where u1_0.email=?
Hibernate: select count(n1_0.id) from notifications n1_0 where n1_0.user_id=? and not(n1_0.is_read)
Hibernate: select u1_0.id,u1_0.email,u1_0.first_name,u1_0.last_name,u1_0.password,u1_0.phone,u1_0.role from users u1_0 where u1_0.email=?
Hibernate: select count(n1_0.id) from notifications n1_0 where n1_0.user_id=? and not(n1_0.is_read)
Hibernate: select u1_0.id,u1_0.email,u1_0.first_name,u1_0.last_name,u1_0.password,u1_0.phone,u1_0.role from users u1_0 where u1_0.email=?
Hibernate: select count(n1_0.id) from notifications n1_0 where n1_0.user_id=? and not(n1_0.is_read)
Hibernate: select u1_0.id,u1_0.email,u1_0.first_name,u1_0.last_name,u1_0.password,u1_0.phone,u1_0.role from users u1_0 where u1_0.email=?
Hibernate: select count(n1_0.id) from notifications n1_0 where n1_0.user_id=? and not(n1_0.is_read)
Hibernate: select u1_0.id,u1_0.email,u1_0.first_name,u1_0.last_name,u1_0.password,u1_0.phone,u1_0.role from users u1_0 where u1_0.email=?
Hibernate: select count(n1_0.id) from notifications n1_0 where n1_0.user_id=? and not(n1_0.is_read)
Hibernate: select u1_0.id,u1_0.email,u1_0.first_name,u1_0.last_name,u1_0.password,u1_0.phone,u1_0.role from users u1_0 where u1_0.email=?
Hibernate: select count(n1_0.id) from notifications n1_0 where n1_0.user_id=? and not(n1_0.is_read)
Hibernate: select u1_0.id,u1_0.email,u1_0.first_name,u1_0.last_name,u1_0.password,u1_0.phone,u1_0.role from users u1_0 where u1_0.email=?
Hibernate: select count(n1_0.id) from notifications n1_0 where n1_0.user_id=? and not(n1_0.is_read)
Hibernate: select u1_0.id,u1_0.email,u1_0.first_name,u1_0.last_name,u1_0.password,u1_0.phone,u1_0.role from users u1_0 where u1_0.email=?
Hibernate: select count(n1_0.id) from notifications n1_0 where n1_0.user_id=? and not(n1_0.is_read)
Hibernate: select u1_0.id,u1_0.email,u1_0.first_name,u1_0.last_name,u1_0.password,u1_0.phone,u1_0.role from users u1_0 where u1_0.email=?
Hibernate: select count(n1_0.id) from notifications n1_0 where n1_0.user_id=? and not(n1_0.is_read)
Hibernate: select u1_0.id,u1_0.email,u1_0.first_name,u1_0.last_name,u1_0.password,u1_0.phone,u1_0.role from users u1_0 where u1_0.email=?
Hibernate: select count(n1_0.id) from notifications n1_0 where n1_0.user_id=? and not(n1_0.is_read)
Hibernate: select u1_0.id,u1_0.email,u1_0.first_name,u1_0.last_name,u1_0.password,u1_0.phone,u1_0.role from users u1_0 where u1_0.email=?
Hibernate: select count(n1_0.id) from notifications n1_0 where n1_0.user_id=? and not(n1_0.is_read)
Hibernate: select u1_0.id,u1_0.email,u1_0.first_name,u1_0.last_name,u1_0.password,u1_0.phone,u1_0.role from users u1_0 where u1_0.email=?
Hibernate: select count(n1_0.id) from notifications n1_0 where n1_0.user_id=? and not(n1_0.is_read)
Hibernate: select u1_0.id,u1_0.email,u1_0.first_name,u1_0.last_name,u1_0.password,u1_0.phone,u1_0.role from users u1_0 where u1_0.email=?
Hibernate: select count(n1_0.id) from notifications n1_0 where n1_0.user_id=? and not(n1_0.is_read)
Hibernate: select u1_0.id,u1_0.email,u1_0.first_name,u1_0.last_name,u1_0.password,u1_0.phone,u1_0.role from users u1_0 where u1_0.email=?
Hibernate: select count(n1_0.id) from notifications n1_0 where n1_0.user_id=? and not(n1_0.is_read)
Hibernate: select u1_0.id,u1_0.email,u1_0.first_name,u1_0.last_name,u1_0.password,u1_0.phone,u1_0.role from users u1_0 where u1_0.email=?
Hibernate: select count(n1_0.id) from notifications n1_0 where n1_0.user_id=? and not(n1_0.is_read)
Hibernate: select u1_0.id,u1_0.email,u1_0.first_name,u1_0.last_name,u1_0.password,u1_0.phone,u1_0.role from users u1_0 where u1_0.email=?
Hibernate: select u1_0.id,u1_0.email,u1_0.first_name,u1_0.last_name,u1_0.password,u1_0.phone,u1_0.role from users u1_0 where u1_0.email=?
Hibernate: select count(n1_0.id) from notifications n1_0 where n1_0.user_id=? and not(n1_0.is_read)
Hibernate: select count(n1_0.id) from notifications n1_0 where n1_0.user_id=? and not(n1_0.is_read)
Hibernate: select u1_0.id,u1_0.email,u1_0.first_name,u1_0.last_name,u1_0.password,u1_0.phone,u1_0.role from users u1_0 where u1_0.email=?
Hibernate: select u1_0.id,u1_0.email,u1_0.first_name,u1_0.last_name,u1_0.password,u1_0.phone,u1_0.role from users u1_0 where u1_0.email=?
Hibernate: select count(n1_0.id) from notifications n1_0 where n1_0.user_id=? and not(n1_0.is_read)
Hibernate: select count(n1_0.id) from notifications n1_0 where n1_0.user_id=? and not(n1_0.is_read)
Hibernate: select u1_0.id,u1_0.email,u1_0.first_name,u1_0.last_name,u1_0.password,u1_0.phone,u1_0.role from users u1_0 where u1_0.email=?
Hibernate: select u1_0.id,u1_0.email,u1_0.first_name,u1_0.last_name,u1_0.password,u1_0.phone,u1_0.role from users u1_0 where u1_0.email=?
Hibernate: select count(n1_0.id) from notifications n1_0 where n1_0.user_id=? and not(n1_0.is_read)
Hibernate: select count(n1_0.id) from notifications n1_0 where n1_0.user_id=? and not(n1_0.is_read)
Hibernate: select u1_0.id,u1_0.email,u1_0.first_name,u1_0.last_name,u1_0.password,u1_0.phone,u1_0.role from users u1_0 where u1_0.email=?
Hibernate: select u1_0.id,u1_0.email,u1_0.first_name,u1_0.last_name,u1_0.password,u1_0.phone,u1_0.role from users u1_0 where u1_0.email=?
Hibernate: select count(n1_0.id) from notifications n1_0 where n1_0.user_id=? and not(n1_0.is_read)
Hibernate: select count(n1_0.id) from notifications n1_0 where n1_0.user_id=? and not(n1_0.is_read)
Hibernate: select u1_0.id,u1_0.email,u1_0.first_name,u1_0.last_name,u1_0.password,u1_0.phone,u1_0.role from users u1_0 where u1_0.email=?
Hibernate: select u1_0.id,u1_0.email,u1_0.first_name,u1_0.last_name,u1_0.password,u1_0.phone,u1_0.role from users u1_0 where u1_0.email=?
Hibernate: select count(n1_0.id) from notifications n1_0 where n1_0.user_id=? and not(n1_0.is_read)
Hibernate: select count(n1_0.id) from notifications n1_0 where n1_0.user_id=? and not(n1_0.is_read)
Hibernate: select u1_0.id,u1_0.email,u1_0.first_name,u1_0.last_name,u1_0.password,u1_0.phone,u1_0.role from users u1_0 where u1_0.email=?
Hibernate: select count(n1_0.id) from notifications n1_0 where n1_0.user_id=? and not(n1_0.is_read)
Hibernate: select u1_0.id,u1_0.email,u1_0.first_name,u1_0.last_name,u1_0.password,u1_0.phone,u1_0.role from users u1_0 where u1_0.email=?
Hibernate: select count(n1_0.id) from notifications n1_0 where n1_0.user_id=? and not(n1_0.is_read)
Hibernate: select u1_0.id,u1_0.email,u1_0.first_name,u1_0.last_name,u1_0.password,u1_0.phone,u1_0.role from users u1_0 where u1_0.email=?
Hibernate: select count(n1_0.id) from notifications n1_0 where n1_0.user_id=? and not(n1_0.is_read)
Hibernate: select u1_0.id,u1_0.email,u1_0.first_name,u1_0.last_name,u1_0.password,u1_0.phone,u1_0.role from users u1_0 where u1_0.email=?
Hibernate: select count(n1_0.id) from notifications n1_0 where n1_0.user_id=? and not(n1_0.is_read)
Hibernate: select u1_0.id,u1_0.email,u1_0.first_name,u1_0.last_name,u1_0.password,u1_0.phone,u1_0.role from users u1_0 where u1_0.email=?
Hibernate: select u1_0.id,u1_0.email,u1_0.first_name,u1_0.last_name,u1_0.password,u1_0.phone,u1_0.role from users u1_0 where u1_0.email=?
Hibernate: select count(n1_0.id) from notifications n1_0 where n1_0.user_id=? and not(n1_0.is_read)
Hibernate: select count(n1_0.id) from notifications n1_0 where n1_0.user_id=? and not(n1_0.is_read)
2026-08-18T13:20:48.979+05:30  INFO 20852 --- [fixmate-backend] [trap-executor-0] c.n.d.s.r.aws.ConfigClusterResolver      : Resolving eureka endpoints via configuration
Hibernate: select u1_0.id,u1_0.email,u1_0.first_name,u1_0.last_name,u1_0.password,u1_0.phone,u1_0.role from users u1_0 where u1_0.email=?
Hibernate: select u1_0.id,u1_0.email,u1_0.first_name,u1_0.last_name,u1_0.password,u1_0.phone,u1_0.role from users u1_0 where u1_0.email=?
Hibernate: select count(n1_0.id) from notifications n1_0 where n1_0.user_id=? and not(n1_0.is_read)
Hibernate: select count(n1_0.id) from notifications n1_0 where n1_0.user_id=? and not(n1_0.is_read)
Hibernate: select u1_0.id,u1_0.email,u1_0.first_name,u1_0.last_name,u1_0.password,u1_0.phone,u1_0.role from users u1_0 where u1_0.email=?
Hibernate: select count(n1_0.id) from notifications n1_0 where n1_0.user_id=? and not(n1_0.is_read)
Hibernate: select u1_0.id,u1_0.email,u1_0.first_name,u1_0.last_name,u1_0.password,u1_0.phone,u1_0.role from users u1_0 where u1_0.email=?
Hibernate: select u1_0.id,u1_0.email,u1_0.first_name,u1_0.last_name,u1_0.password,u1_0.phone,u1_0.role from users u1_0 where u1_0.email=?
Hibernate: select count(n1_0.id) from notifications n1_0 where n1_0.user_id=? and not(n1_0.is_read)
Hibernate: select count(n1_0.id) from notifications n1_0 where n1_0.user_id=? and not(n1_0.is_read)
Hibernate: select u1_0.id,u1_0.email,u1_0.first_name,u1_0.last_name,u1_0.password,u1_0.phone,u1_0.role from users u1_0 where u1_0.email=?
Hibernate: select count(n1_0.id) from notifications n1_0 where n1_0.user_id=? and not(n1_0.is_read)
Hibernate: select u1_0.id,u1_0.email,u1_0.first_name,u1_0.last_name,u1_0.password,u1_0.phone,u1_0.role from users u1_0 where u1_0.email=?
Hibernate: select u1_0.id,u1_0.email,u1_0.first_name,u1_0.last_name,u1_0.password,u1_0.phone,u1_0.role from users u1_0 where u1_0.email=?
Hibernate: select count(n1_0.id) from notifications n1_0 where n1_0.user_id=? and not(n1_0.is_read)
Hibernate: select count(n1_0.id) from notifications n1_0 where n1_0.user_id=? and not(n1_0.is_read)
Hibernate: select u1_0.id,u1_0.email,u1_0.first_name,u1_0.last_name,u1_0.password,u1_0.phone,u1_0.role from users u1_0 where u1_0.email=?
Hibernate: select count(n1_0.id) from notifications n1_0 where n1_0.user_id=? and not(n1_0.is_read)
Hibernate: select u1_0.id,u1_0.email,u1_0.first_name,u1_0.last_name,u1_0.password,u1_0.phone,u1_0.role from users u1_0 where u1_0.email=?
Hibernate: select count(n1_0.id) from notifications n1_0 where n1_0.user_id=? and not(n1_0.is_read)
Hibernate: select u1_0.id,u1_0.email,u1_0.first_name,u1_0.last_name,u1_0.password,u1_0.phone,u1_0.role from users u1_0 where u1_0.email=?
Hibernate: select count(n1_0.id) from notifications n1_0 where n1_0.user_id=? and not(n1_0.is_read)
Hibernate: select u1_0.id,u1_0.email,u1_0.first_name,u1_0.last_name,u1_0.password,u1_0.phone,u1_0.role from users u1_0 where u1_0.email=?
Hibernate: select count(n1_0.id) from notifications n1_0 where n1_0.user_id=? and not(n1_0.is_read)
Hibernate: select u1_0.id,u1_0.email,u1_0.first_name,u1_0.last_name,u1_0.password,u1_0.phone,u1_0.role from users u1_0 where u1_0.email=?
Hibernate: select count(n1_0.id) from notifications n1_0 where n1_0.user_id=? and not(n1_0.is_read)
Hibernate: select u1_0.id,u1_0.email,u1_0.first_name,u1_0.last_name,u1_0.password,u1_0.phone,u1_0.role from users u1_0 where u1_0.email=?
Hibernate: select count(n1_0.id) from notifications n1_0 where n1_0.user_id=? and not(n1_0.is_read)
Hibernate: select u1_0.id,u1_0.email,u1_0.first_name,u1_0.last_name,u1_0.password,u1_0.phone,u1_0.role from users u1_0 where u1_0.email=?
Hibernate: select count(n1_0.id) from notifications n1_0 where n1_0.user_id=? and not(n1_0.is_read)
Hibernate: select u1_0.id,u1_0.email,u1_0.first_name,u1_0.last_name,u1_0.password,u1_0.phone,u1_0.role from users u1_0 where u1_0.email=?
Hibernate: select count(n1_0.id) from notifications n1_0 where n1_0.user_id=? and not(n1_0.is_read)
Hibernate: select u1_0.id,u1_0.email,u1_0.first_name,u1_0.last_name,u1_0.password,u1_0.phone,u1_0.role from users u1_0 where u1_0.email=?
Hibernate: select count(n1_0.id) from notifications n1_0 where n1_0.user_id=? and not(n1_0.is_read)
Hibernate: select u1_0.id,u1_0.email,u1_0.first_name,u1_0.last_name,u1_0.password,u1_0.phone,u1_0.role from users u1_0 where u1_0.email=?
Hibernate: select count(n1_0.id) from notifications n1_0 where n1_0.user_id=? and not(n1_0.is_read)
Hibernate: select u1_0.id,u1_0.email,u1_0.first_name,u1_0.last_name,u1_0.password,u1_0.phone,u1_0.role from users u1_0 where u1_0.email=?
Hibernate: select count(n1_0.id) from notifications n1_0 where n1_0.user_id=? and not(n1_0.is_read)
Hibernate: select u1_0.id,u1_0.email,u1_0.first_name,u1_0.last_name,u1_0.password,u1_0.phone,u1_0.role from users u1_0 where u1_0.email=?
Hibernate: select count(n1_0.id) from notifications n1_0 where n1_0.user_id=? and not(n1_0.is_read)
Hibernate: select u1_0.id,u1_0.email,u1_0.first_name,u1_0.last_name,u1_0.password,u1_0.phone,u1_0.role from users u1_0 where u1_0.email=?
Hibernate: select count(n1_0.id) from notifications n1_0 where n1_0.user_id=? and not(n1_0.is_read)
Hibernate: select u1_0.id,u1_0.email,u1_0.first_name,u1_0.last_name,u1_0.password,u1_0.phone,u1_0.role from users u1_0 where u1_0.email=?
Hibernate: select count(n1_0.id) from notifications n1_0 where n1_0.user_id=? and not(n1_0.is_read)
Hibernate: select u1_0.id,u1_0.email,u1_0.first_name,u1_0.last_name,u1_0.password,u1_0.phone,u1_0.role from users u1_0 where u1_0.email=?
Hibernate: select count(n1_0.id) from notifications n1_0 where n1_0.user_id=? and not(n1_0.is_read)
Hibernate: select u1_0.id,u1_0.email,u1_0.first_name,u1_0.last_name,u1_0.password,u1_0.phone,u1_0.role from users u1_0 where u1_0.email=?
Hibernate: select count(n1_0.id) from notifications n1_0 where n1_0.user_id=? and not(n1_0.is_read)
Hibernate: select u1_0.id,u1_0.email,u1_0.first_name,u1_0.last_name,u1_0.password,u1_0.phone,u1_0.role from users u1_0 where u1_0.email=?
Hibernate: select count(n1_0.id) from notifications n1_0 where n1_0.user_id=? and not(n1_0.is_read)
Hibernate: select u1_0.id,u1_0.email,u1_0.first_name,u1_0.last_name,u1_0.password,u1_0.phone,u1_0.role from users u1_0 where u1_0.email=?
Hibernate: select count(n1_0.id) from notifications n1_0 where n1_0.user_id=? and not(n1_0.is_read)
Hibernate: select u1_0.id,u1_0.email,u1_0.first_name,u1_0.last_name,u1_0.password,u1_0.phone,u1_0.role from users u1_0 where u1_0.email=?
Hibernate: select count(n1_0.id) from notifications n1_0 where n1_0.user_id=? and not(n1_0.is_read)
2026-08-18T13:25:48.992+05:30  INFO 20852 --- [fixmate-backend] [trap-executor-0] c.n.d.s.r.aws.ConfigClusterResolver      : Resolving eureka endpoints via configuration
Hibernate: select u1_0.id,u1_0.email,u1_0.first_name,u1_0.last_name,u1_0.password,u1_0.phone,u1_0.role from users u1_0 where u1_0.email=?
Hibernate: select count(n1_0.id) from notifications n1_0 where n1_0.user_id=? and not(n1_0.is_read)
Hibernate: select u1_0.id,u1_0.email,u1_0.first_name,u1_0.last_name,u1_0.password,u1_0.phone,u1_0.role from users u1_0 where u1_0.email=?
Hibernate: select count(n1_0.id) from notifications n1_0 where n1_0.user_id=? and not(n1_0.is_read)
Hibernate: select u1_0.id,u1_0.email,u1_0.first_name,u1_0.last_name,u1_0.password,u1_0.phone,u1_0.role from users u1_0 where u1_0.email=?
Hibernate: select count(n1_0.id) from notifications n1_0 where n1_0.user_id=? and not(n1_0.is_read)
Hibernate: select u1_0.id,u1_0.email,u1_0.first_name,u1_0.last_name,u1_0.password,u1_0.phone,u1_0.role from users u1_0 where u1_0.email=?
Hibernate: select count(n1_0.id) from notifications n1_0 where n1_0.user_id=? and not(n1_0.is_read)
Hibernate: select u1_0.id,u1_0.email,u1_0.first_name,u1_0.last_name,u1_0.password,u1_0.phone,u1_0.role from users u1_0 where u1_0.email=?
Hibernate: select count(n1_0.id) from notifications n1_0 where n1_0.user_id=? and not(n1_0.is_read)
Hibernate: select u1_0.id,u1_0.email,u1_0.first_name,u1_0.last_name,u1_0.password,u1_0.phone,u1_0.role from users u1_0 where u1_0.email=?
Hibernate: select count(n1_0.id) from notifications n1_0 where n1_0.user_id=? and not(n1_0.is_read)
Hibernate: select u1_0.id,u1_0.email,u1_0.first_name,u1_0.last_name,u1_0.password,u1_0.phone,u1_0.role from users u1_0 where u1_0.email=?
Hibernate: select count(n1_0.id) from notifications n1_0 where n1_0.user_id=? and not(n1_0.is_read)
Hibernate: select u1_0.id,u1_0.email,u1_0.first_name,u1_0.last_name,u1_0.password,u1_0.phone,u1_0.role from users u1_0 where u1_0.email=?
Hibernate: select count(n1_0.id) from notifications n1_0 where n1_0.user_id=? and not(n1_0.is_read)
Hibernate: select u1_0.id,u1_0.email,u1_0.first_name,u1_0.last_name,u1_0.password,u1_0.phone,u1_0.role from users u1_0 where u1_0.email=?
Hibernate: select count(n1_0.id) from notifications n1_0 where n1_0.user_id=? and not(n1_0.is_read)
Hibernate: select u1_0.id,u1_0.email,u1_0.first_name,u1_0.last_name,u1_0.password,u1_0.phone,u1_0.role from users u1_0 where u1_0.email=?
Hibernate: select count(n1_0.id) from notifications n1_0 where n1_0.user_id=? and not(n1_0.is_read)
Hibernate: select u1_0.id,u1_0.email,u1_0.first_name,u1_0.last_name,u1_0.password,u1_0.phone,u1_0.role from users u1_0 where u1_0.email=?
Hibernate: select count(n1_0.id) from notifications n1_0 where n1_0.user_id=? and not(n1_0.is_read)
Hibernate: select u1_0.id,u1_0.email,u1_0.first_name,u1_0.last_name,u1_0.password,u1_0.phone,u1_0.role from users u1_0 where u1_0.email=?
Hibernate: select count(n1_0.id) from notifications n1_0 where n1_0.user_id=? and not(n1_0.is_read)
Hibernate: select u1_0.id,u1_0.email,u1_0.first_name,u1_0.last_name,u1_0.password,u1_0.phone,u1_0.role from users u1_0 where u1_0.email=?
Hibernate: select count(n1_0.id) from notifications n1_0 where n1_0.user_id=? and not(n1_0.is_read)
Hibernate: select u1_0.id,u1_0.email,u1_0.first_name,u1_0.last_name,u1_0.password,u1_0.phone,u1_0.role from users u1_0 where u1_0.email=?
Hibernate: select count(n1_0.id) from notifications n1_0 where n1_0.user_id=? and not(n1_0.is_read)
Hibernate: select u1_0.id,u1_0.email,u1_0.first_name,u1_0.last_name,u1_0.password,u1_0.phone,u1_0.role from users u1_0 where u1_0.email=?
Hibernate: select count(n1_0.id) from notifications n1_0 where n1_0.user_id=? and not(n1_0.is_read)
Hibernate: select u1_0.id,u1_0.email,u1_0.first_name,u1_0.last_name,u1_0.password,u1_0.phone,u1_0.role from users u1_0 where u1_0.email=?
Hibernate: select count(n1_0.id) from notifications n1_0 where n1_0.user_id=? and not(n1_0.is_read)
Hibernate: select u1_0.id,u1_0.email,u1_0.first_name,u1_0.last_name,u1_0.password,u1_0.phone,u1_0.role from users u1_0 where u1_0.email=?
Hibernate: select count(n1_0.id) from notifications n1_0 where n1_0.user_id=? and not(n1_0.is_read)
Hibernate: select u1_0.id,u1_0.email,u1_0.first_name,u1_0.last_name,u1_0.password,u1_0.phone,u1_0.role from users u1_0 where u1_0.email=?
Hibernate: select count(n1_0.id) from notifications n1_0 where n1_0.user_id=? and not(n1_0.is_read)
Hibernate: select u1_0.id,u1_0.email,u1_0.first_name,u1_0.last_name,u1_0.password,u1_0.phone,u1_0.role from users u1_0 where u1_0.email=?
Hibernate: select count(n1_0.id) from notifications n1_0 where n1_0.user_id=? and not(n1_0.is_read)
Hibernate: select u1_0.id,u1_0.email,u1_0.first_name,u1_0.last_name,u1_0.password,u1_0.phone,u1_0.role from users u1_0 where u1_0.email=?
Hibernate: select count(n1_0.id) from notifications n1_0 where n1_0.user_id=? and not(n1_0.is_read)
Hibernate: select u1_0.id,u1_0.email,u1_0.first_name,u1_0.last_name,u1_0.password,u1_0.phone,u1_0.role from users u1_0 where u1_0.email=?
Hibernate: select count(n1_0.id) from notifications n1_0 where n1_0.user_id=? and not(n1_0.is_read)
Hibernate: select u1_0.id,u1_0.email,u1_0.first_name,u1_0.last_name,u1_0.password,u1_0.phone,u1_0.role from users u1_0 where u1_0.email=?
Hibernate: select count(n1_0.id) from notifications n1_0 where n1_0.user_id=? and not(n1_0.is_read)
Hibernate: select u1_0.id,u1_0.email,u1_0.first_name,u1_0.last_name,u1_0.password,u1_0.phone,u1_0.role from users u1_0 where u1_0.email=?
Hibernate: select count(n1_0.id) from notifications n1_0 where n1_0.user_id=? and not(n1_0.is_read)
Hibernate: select u1_0.id,u1_0.email,u1_0.first_name,u1_0.last_name,u1_0.password,u1_0.phone,u1_0.role from users u1_0 where u1_0.email=?
Hibernate: select count(n1_0.id) from notifications n1_0 where n1_0.user_id=? and not(n1_0.is_read)
Hibernate: select u1_0.id,u1_0.email,u1_0.first_name,u1_0.last_name,u1_0.password,u1_0.phone,u1_0.role from users u1_0 where u1_0.email=?
Hibernate: select count(n1_0.id) from notifications n1_0 where n1_0.user_id=? and not(n1_0.is_read)
Hibernate: select u1_0.id,u1_0.email,u1_0.first_name,u1_0.last_name,u1_0.password,u1_0.phone,u1_0.role from users u1_0 where u1_0.email=?
Hibernate: select count(n1_0.id) from notifications n1_0 where n1_0.user_id=? and not(n1_0.is_read)
Hibernate: select u1_0.id,u1_0.email,u1_0.first_name,u1_0.last_name,u1_0.password,u1_0.phone,u1_0.role from users u1_0 where u1_0.email=?
Hibernate: select count(n1_0.id) from notifications n1_0 where n1_0.user_id=? and not(n1_0.is_read)
Hibernate: select u1_0.id,u1_0.email,u1_0.first_name,u1_0.last_name,u1_0.password,u1_0.phone,u1_0.role from users u1_0 where u1_0.email=?
Hibernate: select count(n1_0.id) from notifications n1_0 where n1_0.user_id=? and not(n1_0.is_read)
Hibernate: select u1_0.id,u1_0.email,u1_0.first_name,u1_0.last_name,u1_0.password,u1_0.phone,u1_0.role from users u1_0 where u1_0.email=?
Hibernate: select count(n1_0.id) from notifications n1_0 where n1_0.user_id=? and not(n1_0.is_read)
Hibernate: select u1_0.id,u1_0.email,u1_0.first_name,u1_0.last_name,u1_0.password,u1_0.phone,u1_0.role from users u1_0 where u1_0.email=?
Hibernate: select count(n1_0.id) from notifications n1_0 where n1_0.user_id=? and not(n1_0.is_read)
Hibernate: select u1_0.id,u1_0.email,u1_0.first_name,u1_0.last_name,u1_0.password,u1_0.phone,u1_0.role from users u1_0 where u1_0.email=?
Hibernate: select count(n1_0.id) from notifications n1_0 where n1_0.user_id=? and not(n1_0.is_read)
Hibernate: select u1_0.id,u1_0.email,u1_0.first_name,u1_0.last_name,u1_0.password,u1_0.phone,u1_0.role from users u1_0 where u1_0.email=?
Hibernate: select count(n1_0.id) from notifications n1_0 where n1_0.user_id=? and not(n1_0.is_read)
Hibernate: select u1_0.id,u1_0.email,u1_0.first_name,u1_0.last_name,u1_0.password,u1_0.phone,u1_0.role from users u1_0 where u1_0.email=?
Hibernate: select count(n1_0.id) from notifications n1_0 where n1_0.user_id=? and not(n1_0.is_read)
Hibernate: select u1_0.id,u1_0.email,u1_0.first_name,u1_0.last_name,u1_0.password,u1_0.phone,u1_0.role from users u1_0 where u1_0.email=?
Hibernate: select count(n1_0.id) from notifications n1_0 where n1_0.user_id=? and not(n1_0.is_read)
Hibernate: select u1_0.id,u1_0.email,u1_0.first_name,u1_0.last_name,u1_0.password,u1_0.phone,u1_0.role from users u1_0 where u1_0.email=?
Hibernate: select count(n1_0.id) from notifications n1_0 where n1_0.user_id=? and not(n1_0.is_read)
Hibernate: select u1_0.id,u1_0.email,u1_0.first_name,u1_0.last_name,u1_0.password,u1_0.phone,u1_0.role from users u1_0 where u1_0.email=?
Hibernate: select count(n1_0.id) from notifications n1_0 where n1_0.user_id=? and not(n1_0.is_read)
Hibernate: select u1_0.id,u1_0.email,u1_0.first_name,u1_0.last_name,u1_0.password,u1_0.phone,u1_0.role from users u1_0 where u1_0.email=?
Hibernate: select count(n1_0.id) from notifications n1_0 where n1_0.user_id=? and not(n1_0.is_read)
Hibernate: select u1_0.id,u1_0.email,u1_0.first_name,u1_0.last_name,u1_0.password,u1_0.phone,u1_0.role from users u1_0 where u1_0.email=?
Hibernate: select count(n1_0.id) from notifications n1_0 where n1_0.user_id=? and not(n1_0.is_read)
Hibernate: select u1_0.id,u1_0.email,u1_0.first_name,u1_0.last_name,u1_0.password,u1_0.phone,u1_0.role from users u1_0 where u1_0.email=?
Hibernate: select count(n1_0.id) from notifications n1_0 where n1_0.user_id=? and not(n1_0.is_read)
Hibernate: select u1_0.id,u1_0.email,u1_0.first_name,u1_0.last_name,u1_0.password,u1_0.phone,u1_0.role from users u1_0 where u1_0.email=?
Hibernate: select count(n1_0.id) from notifications n1_0 where n1_0.user_id=? and not(n1_0.is_read)
Hibernate: select u1_0.id,u1_0.email,u1_0.first_name,u1_0.last_name,u1_0.password,u1_0.phone,u1_0.role from users u1_0 where u1_0.email=?
Hibernate: select count(n1_0.id) from notifications n1_0 where n1_0.user_id=? and not(n1_0.is_read)
Hibernate: select u1_0.id,u1_0.email,u1_0.first_name,u1_0.last_name,u1_0.password,u1_0.phone,u1_0.role from users u1_0 where u1_0.email=?
Hibernate: select count(n1_0.id) from notifications n1_0 where n1_0.user_id=? and not(n1_0.is_read)
Hibernate: select u1_0.id,u1_0.email,u1_0.first_name,u1_0.last_name,u1_0.password,u1_0.phone,u1_0.role from users u1_0 where u1_0.email=?
Hibernate: select count(n1_0.id) from notifications n1_0 where n1_0.user_id=? and not(n1_0.is_read)
Hibernate: select u1_0.id,u1_0.email,u1_0.first_name,u1_0.last_name,u1_0.password,u1_0.phone,u1_0.role from users u1_0 where u1_0.email=?
Hibernate: select count(n1_0.id) from notifications n1_0 where n1_0.user_id=? and not(n1_0.is_read)
Hibernate: select u1_0.id,u1_0.email,u1_0.first_name,u1_0.last_name,u1_0.password,u1_0.phone,u1_0.role from users u1_0 where u1_0.email=?
Hibernate: select count(n1_0.id) from notifications n1_0 where n1_0.user_id=? and not(n1_0.is_read)
Hibernate: select u1_0.id,u1_0.email,u1_0.first_name,u1_0.last_name,u1_0.password,u1_0.phone,u1_0.role from users u1_0 where u1_0.email=?
Hibernate: select count(n1_0.id) from notifications n1_0 where n1_0.user_id=? and not(n1_0.is_read)
Hibernate: select u1_0.id,u1_0.email,u1_0.first_name,u1_0.last_name,u1_0.password,u1_0.phone,u1_0.role from users u1_0 where u1_0.email=?
Hibernate: select count(n1_0.id) from notifications n1_0 where n1_0.user_id=? and not(n1_0.is_read)
Hibernate: select u1_0.id,u1_0.email,u1_0.first_name,u1_0.last_name,u1_0.password,u1_0.phone,u1_0.role from users u1_0 where u1_0.email=?
Hibernate: select count(n1_0.id) from notifications n1_0 where n1_0.user_id=? and not(n1_0.is_read)
2026-08-18T13:30:49.002+05:30  INFO 20852 --- [fixmate-backend] [trap-executor-0] c.n.d.s.r.aws.ConfigClusterResolver      : Resolving eureka endpoints via configuration
Hibernate: select u1_0.id,u1_0.email,u1_0.first_name,u1_0.last_name,u1_0.password,u1_0.phone,u1_0.role from users u1_0 where u1_0.email=?
Hibernate: select count(n1_0.id) from notifications n1_0 where n1_0.user_id=? and not(n1_0.is_read)
Hibernate: select u1_0.id,u1_0.email,u1_0.first_name,u1_0.last_name,u1_0.password,u1_0.phone,u1_0.role from users u1_0 where u1_0.email=?
Hibernate: select count(n1_0.id) from notifications n1_0 where n1_0.user_id=? and not(n1_0.is_read)
Hibernate: select u1_0.id,u1_0.email,u1_0.first_name,u1_0.last_name,u1_0.password,u1_0.phone,u1_0.role from users u1_0 where u1_0.email=?
Hibernate: select count(n1_0.id) from notifications n1_0 where n1_0.user_id=? and not(n1_0.is_read)
Hibernate: select u1_0.id,u1_0.email,u1_0.first_name,u1_0.last_name,u1_0.password,u1_0.phone,u1_0.role from users u1_0 where u1_0.email=?
Hibernate: select count(n1_0.id) from notifications n1_0 where n1_0.user_id=? and not(n1_0.is_read)
Hibernate: select u1_0.id,u1_0.email,u1_0.first_name,u1_0.last_name,u1_0.password,u1_0.phone,u1_0.role from users u1_0 where u1_0.email=?
Hibernate: select count(n1_0.id) from notifications n1_0 where n1_0.user_id=? and not(n1_0.is_read)
Hibernate: select u1_0.id,u1_0.email,u1_0.first_name,u1_0.last_name,u1_0.password,u1_0.phone,u1_0.role from users u1_0 where u1_0.email=?
Hibernate: select count(n1_0.id) from notifications n1_0 where n1_0.user_id=? and not(n1_0.is_read)
Hibernate: select u1_0.id,u1_0.email,u1_0.first_name,u1_0.last_name,u1_0.password,u1_0.phone,u1_0.role from users u1_0 where u1_0.email=?
Hibernate: select count(n1_0.id) from notifications n1_0 where n1_0.user_id=? and not(n1_0.is_read)
Hibernate: select u1_0.id,u1_0.email,u1_0.first_name,u1_0.last_name,u1_0.password,u1_0.phone,u1_0.role from users u1_0 where u1_0.email=?
Hibernate: select count(n1_0.id) from notifications n1_0 where n1_0.user_id=? and not(n1_0.is_read)
Hibernate: select u1_0.id,u1_0.email,u1_0.first_name,u1_0.last_name,u1_0.password,u1_0.phone,u1_0.role from users u1_0 where u1_0.email=?
Hibernate: select count(n1_0.id) from notifications n1_0 where n1_0.user_id=? and not(n1_0.is_read)
Hibernate: select u1_0.id,u1_0.email,u1_0.first_name,u1_0.last_name,u1_0.password,u1_0.phone,u1_0.role from users u1_0 where u1_0.email=?
Hibernate: select count(n1_0.id) from notifications n1_0 where n1_0.user_id=? and not(n1_0.is_read)
Hibernate: select u1_0.id,u1_0.email,u1_0.first_name,u1_0.last_name,u1_0.password,u1_0.phone,u1_0.role from users u1_0 where u1_0.email=?
Hibernate: select count(n1_0.id) from notifications n1_0 where n1_0.user_id=? and not(n1_0.is_read)
Hibernate: select u1_0.id,u1_0.email,u1_0.first_name,u1_0.last_name,u1_0.password,u1_0.phone,u1_0.role from users u1_0 where u1_0.email=?
Hibernate: select count(n1_0.id) from notifications n1_0 where n1_0.user_id=? and not(n1_0.is_read)
Hibernate: select u1_0.id,u1_0.email,u1_0.first_name,u1_0.last_name,u1_0.password,u1_0.phone,u1_0.role from users u1_0 where u1_0.email=?
Hibernate: select u1_0.id,u1_0.email,u1_0.first_name,u1_0.last_name,u1_0.password,u1_0.phone,u1_0.role from users u1_0 where u1_0.email=?
Hibernate: select u1_0.id,u1_0.email,u1_0.first_name,u1_0.last_name,u1_0.password,u1_0.phone,u1_0.role from users u1_0 where u1_0.email=?
Hibernate: select u1_0.id,u1_0.email,u1_0.first_name,u1_0.last_name,u1_0.password,u1_0.phone,u1_0.role from users u1_0 where u1_0.email=?
Hibernate: select u1_0.id,u1_0.email,u1_0.first_name,u1_0.last_name,u1_0.password,u1_0.phone,u1_0.role from users u1_0 where u1_0.email=?
Hibernate: select sc1_0.id,sc1_0.description,sc1_0.icon_url,sc1_0.is_active,sc1_0.name from service_categories sc1_0
Hibernate: select count(n1_0.id) from notifications n1_0 where n1_0.user_id=? and not(n1_0.is_read)
Hibernate: select n1_0.id,n1_0.booking_id,n1_0.created_at,n1_0.is_read,n1_0.message,n1_0.title,n1_0.type,n1_0.user_id from notifications n1_0 where n1_0.user_id=? order by n1_0.created_at desc
Hibernate: select spp1_0.id,spp1_0.current_latitude,spp1_0.current_longitude,spp1_0.experience_years,spp1_0.hourly_rate,spp1_0.is_available,spp1_0.is_online,spp1_0.kyc_document_ref,spp1_0.kyc_status,spp1_0.last_location_update,spp1_0.smart_service_score,spp1_0.total_reviews,spp1_0.user_id from partner_profiles spp1_0 where spp1_0.user_id=?
Hibernate: select b1_0.id,b1_0.address_id,b1_0.category_id,b1_0.customer_id,b1_0.customer_latitude,b1_0.customer_longitude,b1_0.is_emergency,b1_0.notes,b1_0.partner_id,b1_0.partner_latitude,b1_0.partner_longitude,b1_0.scheduled_date,b1_0.status,b1_0.total_amount from bookings b1_0 where b1_0.partner_id=?
Hibernate: select s1_0.profile_id,s1_0.skill from partner_skills s1_0 where s1_0.profile_id=?
Hibernate: select u1_0.id,u1_0.email,u1_0.first_name,u1_0.last_name,u1_0.password,u1_0.phone,u1_0.role from users u1_0 where u1_0.id=?
Hibernate: select u1_0.id,u1_0.email,u1_0.first_name,u1_0.last_name,u1_0.password,u1_0.phone,u1_0.role from users u1_0 where u1_0.id=?
Hibernate: select sc1_0.id,sc1_0.description,sc1_0.icon_url,sc1_0.is_active,sc1_0.name from service_categories sc1_0 where sc1_0.id=?
Hibernate: select a1_0.id,a1_0.city,a1_0.country,a1_0.is_default,a1_0.latitude,a1_0.longitude,a1_0.state,a1_0.street,a1_0.user_id,a1_0.zip_code from addresses a1_0 where a1_0.id=?
Hibernate: select u1_0.id,u1_0.email,u1_0.first_name,u1_0.last_name,u1_0.password,u1_0.phone,u1_0.role from users u1_0 where u1_0.email=?
Hibernate: select u1_0.id,u1_0.email,u1_0.first_name,u1_0.last_name,u1_0.password,u1_0.phone,u1_0.role from users u1_0 where u1_0.email=?
Hibernate: select u1_0.id,u1_0.email,u1_0.first_name,u1_0.last_name,u1_0.password,u1_0.phone,u1_0.role from users u1_0 where u1_0.email=?
Hibernate: select u1_0.id,u1_0.email,u1_0.first_name,u1_0.last_name,u1_0.password,u1_0.phone,u1_0.role from users u1_0 where u1_0.email=?
Hibernate: select count(n1_0.id) from notifications n1_0 where n1_0.user_id=? and not(n1_0.is_read)
Hibernate: select spp1_0.id,spp1_0.current_latitude,spp1_0.current_longitude,spp1_0.experience_years,spp1_0.hourly_rate,spp1_0.is_available,spp1_0.is_online,spp1_0.kyc_document_ref,spp1_0.kyc_status,spp1_0.last_location_update,spp1_0.smart_service_score,spp1_0.total_reviews,spp1_0.user_id from partner_profiles spp1_0 where spp1_0.user_id=?
Hibernate: select sc1_0.id,sc1_0.description,sc1_0.icon_url,sc1_0.is_active,sc1_0.name from service_categories sc1_0
Hibernate: select s1_0.profile_id,s1_0.skill from partner_skills s1_0 where s1_0.profile_id=?
Hibernate: select n1_0.id,n1_0.booking_id,n1_0.created_at,n1_0.is_read,n1_0.message,n1_0.title,n1_0.type,n1_0.user_id from notifications n1_0 where n1_0.user_id=? order by n1_0.created_at desc
Hibernate: select u1_0.id,u1_0.email,u1_0.first_name,u1_0.last_name,u1_0.password,u1_0.phone,u1_0.role from users u1_0 where u1_0.email=?
Hibernate: select b1_0.id,b1_0.address_id,b1_0.category_id,b1_0.customer_id,b1_0.customer_latitude,b1_0.customer_longitude,b1_0.is_emergency,b1_0.notes,b1_0.partner_id,b1_0.partner_latitude,b1_0.partner_longitude,b1_0.scheduled_date,b1_0.status,b1_0.total_amount from bookings b1_0 where b1_0.partner_id=?
Hibernate: select u1_0.id,u1_0.email,u1_0.first_name,u1_0.last_name,u1_0.password,u1_0.phone,u1_0.role from users u1_0 where u1_0.id=?
Hibernate: select u1_0.id,u1_0.email,u1_0.first_name,u1_0.last_name,u1_0.password,u1_0.phone,u1_0.role from users u1_0 where u1_0.id=?
Hibernate: select sc1_0.id,sc1_0.description,sc1_0.icon_url,sc1_0.is_active,sc1_0.name from service_categories sc1_0 where sc1_0.id=?
Hibernate: select a1_0.id,a1_0.city,a1_0.country,a1_0.is_default,a1_0.latitude,a1_0.longitude,a1_0.state,a1_0.street,a1_0.user_id,a1_0.zip_code from addresses a1_0 where a1_0.id=?
Hibernate: select u1_0.id,u1_0.email,u1_0.first_name,u1_0.last_name,u1_0.password,u1_0.phone,u1_0.role from users u1_0 where u1_0.email=?
Hibernate: select b1_0.id,b1_0.address_id,b1_0.category_id,b1_0.customer_id,b1_0.customer_latitude,b1_0.customer_longitude,b1_0.is_emergency,b1_0.notes,b1_0.partner_id,b1_0.partner_latitude,b1_0.partner_longitude,b1_0.scheduled_date,b1_0.status,b1_0.total_amount from bookings b1_0 where b1_0.partner_id=?
Hibernate: select u1_0.id,u1_0.email,u1_0.first_name,u1_0.last_name,u1_0.password,u1_0.phone,u1_0.role from users u1_0 where u1_0.id=?
Hibernate: select u1_0.id,u1_0.email,u1_0.first_name,u1_0.last_name,u1_0.password,u1_0.phone,u1_0.role from users u1_0 where u1_0.id=?
Hibernate: select sc1_0.id,sc1_0.description,sc1_0.icon_url,sc1_0.is_active,sc1_0.name from service_categories sc1_0 where sc1_0.id=?
Hibernate: select u1_0.id,u1_0.email,u1_0.first_name,u1_0.last_name,u1_0.password,u1_0.phone,u1_0.role from users u1_0 where u1_0.email=?
Hibernate: select a1_0.id,a1_0.city,a1_0.country,a1_0.is_default,a1_0.latitude,a1_0.longitude,a1_0.state,a1_0.street,a1_0.user_id,a1_0.zip_code from addresses a1_0 where a1_0.id=?
Hibernate: select u1_0.id,u1_0.email,u1_0.first_name,u1_0.last_name,u1_0.password,u1_0.phone,u1_0.role from users u1_0 where u1_0.email=?
Hibernate: select u1_0.id,u1_0.email,u1_0.first_name,u1_0.last_name,u1_0.password,u1_0.phone,u1_0.role from users u1_0 where u1_0.email=?
Hibernate: select u1_0.id,u1_0.email,u1_0.first_name,u1_0.last_name,u1_0.password,u1_0.phone,u1_0.role from users u1_0 where u1_0.email=?
Hibernate: select count(n1_0.id) from notifications n1_0 where n1_0.user_id=? and not(n1_0.is_read)
Hibernate: select spp1_0.id,spp1_0.current_latitude,spp1_0.current_longitude,spp1_0.experience_years,spp1_0.hourly_rate,spp1_0.is_available,spp1_0.is_online,spp1_0.kyc_document_ref,spp1_0.kyc_status,spp1_0.last_location_update,spp1_0.smart_service_score,spp1_0.total_reviews,spp1_0.user_id from partner_profiles spp1_0 where spp1_0.user_id=?
Hibernate: select s1_0.profile_id,s1_0.skill from partner_skills s1_0 where s1_0.profile_id=?
Hibernate: select n1_0.id,n1_0.booking_id,n1_0.created_at,n1_0.is_read,n1_0.message,n1_0.title,n1_0.type,n1_0.user_id from notifications n1_0 where n1_0.user_id=? order by n1_0.created_at desc
Hibernate: select sc1_0.id,sc1_0.description,sc1_0.icon_url,sc1_0.is_active,sc1_0.name from service_categories sc1_0
Hibernate: select u1_0.id,u1_0.email,u1_0.first_name,u1_0.last_name,u1_0.password,u1_0.phone,u1_0.role from users u1_0 where u1_0.email=?
Hibernate: select count(n1_0.id) from notifications n1_0 where n1_0.user_id=? and not(n1_0.is_read)
Hibernate: select u1_0.id,u1_0.email,u1_0.first_name,u1_0.last_name,u1_0.password,u1_0.phone,u1_0.role from users u1_0 where u1_0.email=?
Hibernate: select count(n1_0.id) from notifications n1_0 where n1_0.user_id=? and not(n1_0.is_read)
2026-08-18T13:35:20.036+05:30  WARN 20852 --- [fixmate-backend] [l-1 housekeeper] com.zaxxer.hikari.pool.HikariPool        : HikariPool-1 - Thread starvation or clock leap detected (housekeeper delta=3m36s659ms934µs200ns).
Hibernate: select u1_0.id,u1_0.email,u1_0.first_name,u1_0.last_name,u1_0.password,u1_0.phone,u1_0.role from users u1_0 where u1_0.email=?
Hibernate: select count(n1_0.id) from notifications n1_0 where n1_0.user_id=? and not(n1_0.is_read)
Hibernate: select u1_0.id,u1_0.email,u1_0.first_name,u1_0.last_name,u1_0.password,u1_0.phone,u1_0.role from users u1_0 where u1_0.email=?
Hibernate: select count(n1_0.id) from notifications n1_0 where n1_0.user_id=? and not(n1_0.is_read)
Hibernate: select u1_0.id,u1_0.email,u1_0.first_name,u1_0.last_name,u1_0.password,u1_0.phone,u1_0.role from users u1_0 where u1_0.email=?
Hibernate: select count(n1_0.id) from notifications n1_0 where n1_0.user_id=? and not(n1_0.is_read)
Hibernate: select u1_0.id,u1_0.email,u1_0.first_name,u1_0.last_name,u1_0.password,u1_0.phone,u1_0.role from users u1_0 where u1_0.email=?
Hibernate: select count(n1_0.id) from notifications n1_0 where n1_0.user_id=? and not(n1_0.is_read)
Hibernate: select u1_0.id,u1_0.email,u1_0.first_name,u1_0.last_name,u1_0.password,u1_0.phone,u1_0.role from users u1_0 where u1_0.email=?
Hibernate: select count(n1_0.id) from notifications n1_0 where n1_0.user_id=? and not(n1_0.is_read)
Hibernate: select u1_0.id,u1_0.email,u1_0.first_name,u1_0.last_name,u1_0.password,u1_0.phone,u1_0.role from users u1_0 where u1_0.email=?
Hibernate: select count(n1_0.id) from notifications n1_0 where n1_0.user_id=? and not(n1_0.is_read)
Hibernate: select u1_0.id,u1_0.email,u1_0.first_name,u1_0.last_name,u1_0.password,u1_0.phone,u1_0.role from users u1_0 where u1_0.email=?
Hibernate: select count(n1_0.id) from notifications n1_0 where n1_0.user_id=? and not(n1_0.is_read)
Hibernate: select u1_0.id,u1_0.email,u1_0.first_name,u1_0.last_name,u1_0.password,u1_0.phone,u1_0.role from users u1_0 where u1_0.email=?
Hibernate: select count(n1_0.id) from notifications n1_0 where n1_0.user_id=? and not(n1_0.is_read)
Hibernate: select u1_0.id,u1_0.email,u1_0.first_name,u1_0.last_name,u1_0.password,u1_0.phone,u1_0.role from users u1_0 where u1_0.email=?
Hibernate: select count(n1_0.id) from notifications n1_0 where n1_0.user_id=? and not(n1_0.is_read)
Hibernate: select u1_0.id,u1_0.email,u1_0.first_name,u1_0.last_name,u1_0.password,u1_0.phone,u1_0.role from users u1_0 where u1_0.email=?
Hibernate: select count(n1_0.id) from notifications n1_0 where n1_0.user_id=? and not(n1_0.is_read)
Hibernate: select u1_0.id,u1_0.email,u1_0.first_name,u1_0.last_name,u1_0.password,u1_0.phone,u1_0.role from users u1_0 where u1_0.email=?
Hibernate: select b1_0.id,b1_0.address_id,b1_0.category_id,b1_0.customer_id,b1_0.customer_latitude,b1_0.customer_longitude,b1_0.is_emergency,b1_0.notes,b1_0.partner_id,b1_0.partner_latitude,b1_0.partner_longitude,b1_0.scheduled_date,b1_0.status,b1_0.total_amount from bookings b1_0 where b1_0.customer_id=?
Hibernate: select u1_0.id,u1_0.email,u1_0.first_name,u1_0.last_name,u1_0.password,u1_0.phone,u1_0.role from users u1_0 where u1_0.id=?
Hibernate: select u1_0.id,u1_0.email,u1_0.first_name,u1_0.last_name,u1_0.password,u1_0.phone,u1_0.role from users u1_0 where u1_0.id=?
Hibernate: select sc1_0.id,sc1_0.description,sc1_0.icon_url,sc1_0.is_active,sc1_0.name from service_categories sc1_0 where sc1_0.id=?
Hibernate: select a1_0.id,a1_0.city,a1_0.country,a1_0.is_default,a1_0.latitude,a1_0.longitude,a1_0.state,a1_0.street,a1_0.user_id,a1_0.zip_code from addresses a1_0 where a1_0.id=?
Hibernate: select u1_0.id,u1_0.email,u1_0.first_name,u1_0.last_name,u1_0.password,u1_0.phone,u1_0.role from users u1_0 where u1_0.id=?
Hibernate: select u1_0.id,u1_0.email,u1_0.first_name,u1_0.last_name,u1_0.password,u1_0.phone,u1_0.role from users u1_0 where u1_0.email=?
Hibernate: select b1_0.id,b1_0.address_id,b1_0.category_id,b1_0.customer_id,b1_0.customer_latitude,b1_0.customer_longitude,b1_0.is_emergency,b1_0.notes,b1_0.partner_id,b1_0.partner_latitude,b1_0.partner_longitude,b1_0.scheduled_date,b1_0.status,b1_0.total_amount from bookings b1_0 where b1_0.customer_id=?
Hibernate: select u1_0.id,u1_0.email,u1_0.first_name,u1_0.last_name,u1_0.password,u1_0.phone,u1_0.role from users u1_0 where u1_0.id=?
Hibernate: select u1_0.id,u1_0.email,u1_0.first_name,u1_0.last_name,u1_0.password,u1_0.phone,u1_0.role from users u1_0 where u1_0.id=?
Hibernate: select sc1_0.id,sc1_0.description,sc1_0.icon_url,sc1_0.is_active,sc1_0.name from service_categories sc1_0 where sc1_0.id=?
Hibernate: select a1_0.id,a1_0.city,a1_0.country,a1_0.is_default,a1_0.latitude,a1_0.longitude,a1_0.state,a1_0.street,a1_0.user_id,a1_0.zip_code from addresses a1_0 where a1_0.id=?
Hibernate: select u1_0.id,u1_0.email,u1_0.first_name,u1_0.last_name,u1_0.password,u1_0.phone,u1_0.role from users u1_0 where u1_0.id=?
Hibernate: select u1_0.id,u1_0.email,u1_0.first_name,u1_0.last_name,u1_0.password,u1_0.phone,u1_0.role from users u1_0 where u1_0.email=?
Hibernate: select count(n1_0.id) from notifications n1_0 where n1_0.user_id=? and not(n1_0.is_read)
Hibernate: select u1_0.id,u1_0.email,u1_0.first_name,u1_0.last_name,u1_0.password,u1_0.phone,u1_0.role from users u1_0 where u1_0.email=?
Hibernate: select u1_0.id,u1_0.email,u1_0.first_name,u1_0.last_name,u1_0.password,u1_0.phone,u1_0.role from users u1_0 where u1_0.email=?
Hibernate: select u1_0.id,u1_0.email,u1_0.first_name,u1_0.last_name,u1_0.password,u1_0.phone,u1_0.role from users u1_0 where u1_0.email=?
Hibernate: select b1_0.id,b1_0.address_id,b1_0.category_id,b1_0.customer_id,b1_0.customer_latitude,b1_0.customer_longitude,b1_0.is_emergency,b1_0.notes,b1_0.partner_id,b1_0.partner_latitude,b1_0.partner_longitude,b1_0.scheduled_date,b1_0.status,b1_0.total_amount from bookings b1_0 where b1_0.customer_id=?
Hibernate: select u1_0.id,u1_0.email,u1_0.first_name,u1_0.last_name,u1_0.password,u1_0.phone,u1_0.role from users u1_0 where u1_0.id=?
Hibernate: select u1_0.id,u1_0.email,u1_0.first_name,u1_0.last_name,u1_0.password,u1_0.phone,u1_0.role from users u1_0 where u1_0.id=?
Hibernate: select sc1_0.id,sc1_0.description,sc1_0.icon_url,sc1_0.is_active,sc1_0.name from service_categories sc1_0 where sc1_0.id=?
Hibernate: select a1_0.id,a1_0.city,a1_0.country,a1_0.is_default,a1_0.latitude,a1_0.longitude,a1_0.state,a1_0.street,a1_0.user_id,a1_0.zip_code from addresses a1_0 where a1_0.id=?
Hibernate: select u1_0.id,u1_0.email,u1_0.first_name,u1_0.last_name,u1_0.password,u1_0.phone,u1_0.role from users u1_0 where u1_0.id=?
Hibernate: select sc1_0.id,sc1_0.description,sc1_0.icon_url,sc1_0.is_active,sc1_0.name from service_categories sc1_0 where sc1_0.id=?
Hibernate: select u1_0.id,u1_0.email,u1_0.first_name,u1_0.last_name,u1_0.password,u1_0.phone,u1_0.role from users u1_0 where u1_0.email=?
Hibernate: select b1_0.id,b1_0.address_id,b1_0.category_id,b1_0.customer_id,b1_0.customer_latitude,b1_0.customer_longitude,b1_0.is_emergency,b1_0.notes,b1_0.partner_id,b1_0.partner_latitude,b1_0.partner_longitude,b1_0.scheduled_date,b1_0.status,b1_0.total_amount from bookings b1_0 where b1_0.customer_id=?
Hibernate: select u1_0.id,u1_0.email,u1_0.first_name,u1_0.last_name,u1_0.password,u1_0.phone,u1_0.role from users u1_0 where u1_0.id=?
Hibernate: select u1_0.id,u1_0.email,u1_0.first_name,u1_0.last_name,u1_0.password,u1_0.phone,u1_0.role from users u1_0 where u1_0.id=?
Hibernate: select sc1_0.id,sc1_0.description,sc1_0.icon_url,sc1_0.is_active,sc1_0.name from service_categories sc1_0 where sc1_0.id=?
Hibernate: select a1_0.id,a1_0.city,a1_0.country,a1_0.is_default,a1_0.latitude,a1_0.longitude,a1_0.state,a1_0.street,a1_0.user_id,a1_0.zip_code from addresses a1_0 where a1_0.id=?
Hibernate: select u1_0.id,u1_0.email,u1_0.first_name,u1_0.last_name,u1_0.password,u1_0.phone,u1_0.role from users u1_0 where u1_0.id=?
Hibernate: select sc1_0.id,sc1_0.description,sc1_0.icon_url,sc1_0.is_active,sc1_0.name from service_categories sc1_0 where sc1_0.id=?
Hibernate: select u1_0.id,u1_0.email,u1_0.first_name,u1_0.last_name,u1_0.password,u1_0.phone,u1_0.role from users u1_0 where u1_0.email=?
Hibernate: select u1_0.id,u1_0.email,u1_0.first_name,u1_0.last_name,u1_0.password,u1_0.phone,u1_0.role from users u1_0 where u1_0.email=?
Hibernate: select sc1_0.id,sc1_0.description,sc1_0.icon_url,sc1_0.is_active,sc1_0.name from service_categories sc1_0
Hibernate: select b1_0.id,b1_0.address_id,b1_0.category_id,b1_0.customer_id,b1_0.customer_latitude,b1_0.customer_longitude,b1_0.is_emergency,b1_0.notes,b1_0.partner_id,b1_0.partner_latitude,b1_0.partner_longitude,b1_0.scheduled_date,b1_0.status,b1_0.total_amount from bookings b1_0 where b1_0.customer_id=?
Hibernate: select u1_0.id,u1_0.email,u1_0.first_name,u1_0.last_name,u1_0.password,u1_0.phone,u1_0.role from users u1_0 where u1_0.id=?
Hibernate: select u1_0.id,u1_0.email,u1_0.first_name,u1_0.last_name,u1_0.password,u1_0.phone,u1_0.role from users u1_0 where u1_0.id=?
Hibernate: select sc1_0.id,sc1_0.description,sc1_0.icon_url,sc1_0.is_active,sc1_0.name from service_categories sc1_0 where sc1_0.id=?
Hibernate: select a1_0.id,a1_0.city,a1_0.country,a1_0.is_default,a1_0.latitude,a1_0.longitude,a1_0.state,a1_0.street,a1_0.user_id,a1_0.zip_code from addresses a1_0 where a1_0.id=?
Hibernate: select u1_0.id,u1_0.email,u1_0.first_name,u1_0.last_name,u1_0.password,u1_0.phone,u1_0.role from users u1_0 where u1_0.email=?
Hibernate: select u1_0.id,u1_0.email,u1_0.first_name,u1_0.last_name,u1_0.password,u1_0.phone,u1_0.role from users u1_0 where u1_0.id=?
Hibernate: select sc1_0.id,sc1_0.description,sc1_0.icon_url,sc1_0.is_active,sc1_0.name from service_categories sc1_0 where sc1_0.id=?
Hibernate: select sc1_0.id,sc1_0.description,sc1_0.icon_url,sc1_0.is_active,sc1_0.name from service_categories sc1_0
Hibernate: select u1_0.id,u1_0.email,u1_0.first_name,u1_0.last_name,u1_0.password,u1_0.phone,u1_0.role from users u1_0 where u1_0.email=?
Hibernate: select b1_0.id,b1_0.address_id,b1_0.category_id,b1_0.customer_id,b1_0.customer_latitude,b1_0.customer_longitude,b1_0.is_emergency,b1_0.notes,b1_0.partner_id,b1_0.partner_latitude,b1_0.partner_longitude,b1_0.scheduled_date,b1_0.status,b1_0.total_amount from bookings b1_0 where b1_0.customer_id=?
Hibernate: select u1_0.id,u1_0.email,u1_0.first_name,u1_0.last_name,u1_0.password,u1_0.phone,u1_0.role from users u1_0 where u1_0.id=?
Hibernate: select u1_0.id,u1_0.email,u1_0.first_name,u1_0.last_name,u1_0.password,u1_0.phone,u1_0.role from users u1_0 where u1_0.id=?
Hibernate: select sc1_0.id,sc1_0.description,sc1_0.icon_url,sc1_0.is_active,sc1_0.name from service_categories sc1_0 where sc1_0.id=?
Hibernate: select a1_0.id,a1_0.city,a1_0.country,a1_0.is_default,a1_0.latitude,a1_0.longitude,a1_0.state,a1_0.street,a1_0.user_id,a1_0.zip_code from addresses a1_0 where a1_0.id=?
Hibernate: select u1_0.id,u1_0.email,u1_0.first_name,u1_0.last_name,u1_0.password,u1_0.phone,u1_0.role from users u1_0 where u1_0.id=?
Hibernate: select sc1_0.id,sc1_0.description,sc1_0.icon_url,sc1_0.is_active,sc1_0.name from service_categories sc1_0 where sc1_0.id=?
Hibernate: select u1_0.id,u1_0.email,u1_0.first_name,u1_0.last_name,u1_0.password,u1_0.phone,u1_0.role from users u1_0 where u1_0.email=?
Hibernate: select u1_0.id,u1_0.email,u1_0.first_name,u1_0.last_name,u1_0.password,u1_0.phone,u1_0.role from users u1_0 where u1_0.email=?
Hibernate: select sc1_0.id,sc1_0.description,sc1_0.icon_url,sc1_0.is_active,sc1_0.name from service_categories sc1_0
Hibernate: select a1_0.id,a1_0.city,a1_0.country,a1_0.is_default,a1_0.latitude,a1_0.longitude,a1_0.state,a1_0.street,a1_0.user_id,a1_0.zip_code from addresses a1_0 where a1_0.user_id=?
2026-08-18T13:38:55.676+05:30  INFO 20852 --- [fixmate-backend] [trap-executor-0] c.n.d.s.r.aws.ConfigClusterResolver      : Resolving eureka endpoints via configuration
Hibernate: select u1_0.id,u1_0.email,u1_0.first_name,u1_0.last_name,u1_0.password,u1_0.phone,u1_0.role from users u1_0 where u1_0.email=?
Hibernate: select sc1_0.id,sc1_0.description,sc1_0.icon_url,sc1_0.is_active,sc1_0.name from service_categories sc1_0 where sc1_0.id=?
Hibernate: select distinct spp1_0.id,spp1_0.current_latitude,spp1_0.current_longitude,spp1_0.experience_years,spp1_0.hourly_rate,spp1_0.is_available,spp1_0.is_online,spp1_0.kyc_document_ref,spp1_0.kyc_status,spp1_0.last_location_update,spp1_0.smart_service_score,spp1_0.total_reviews,spp1_0.user_id from partner_profiles spp1_0 join partner_skills s1_0 on spp1_0.id=s1_0.profile_id where lower(trim(BOTH from s1_0.skill))=lower(trim(BOTH from ?)) and spp1_0.kyc_status='APPROVED' and spp1_0.is_online=1 and spp1_0.is_available=1 and spp1_0.current_latitude is not null and spp1_0.current_longitude is not null and spp1_0.last_location_update is not null and spp1_0.last_location_update>=?
Hibernate: select u1_0.id,u1_0.email,u1_0.first_name,u1_0.last_name,u1_0.password,u1_0.phone,u1_0.role from users u1_0 where u1_0.email=?
Hibernate: select u1_0.id,u1_0.email,u1_0.first_name,u1_0.last_name,u1_0.password,u1_0.phone,u1_0.role from users u1_0 where u1_0.email=?
Hibernate: select u1_0.id,u1_0.email,u1_0.first_name,u1_0.last_name,u1_0.password,u1_0.phone,u1_0.role from users u1_0 where u1_0.email=?
Hibernate: select u1_0.id,u1_0.email,u1_0.first_name,u1_0.last_name,u1_0.password,u1_0.phone,u1_0.role from users u1_0 where u1_0.email=?
Hibernate: select u1_0.id,u1_0.email,u1_0.first_name,u1_0.last_name,u1_0.password,u1_0.phone,u1_0.role from users u1_0 where u1_0.email=?
Hibernate: select spp1_0.id,spp1_0.current_latitude,spp1_0.current_longitude,spp1_0.experience_years,spp1_0.hourly_rate,spp1_0.is_available,spp1_0.is_online,spp1_0.kyc_document_ref,spp1_0.kyc_status,spp1_0.last_location_update,spp1_0.smart_service_score,spp1_0.total_reviews,spp1_0.user_id from partner_profiles spp1_0 where spp1_0.user_id=?
Hibernate: update partner_profiles set current_latitude=?,current_longitude=?,experience_years=?,hourly_rate=?,is_available=?,is_online=?,kyc_document_ref=?,kyc_status=?,last_location_update=?,smart_service_score=?,total_reviews=?,user_id=? where id=?
Hibernate: select s1_0.profile_id,s1_0.skill from partner_skills s1_0 where s1_0.profile_id=?
Hibernate: select u1_0.id,u1_0.email,u1_0.first_name,u1_0.last_name,u1_0.password,u1_0.phone,u1_0.role from users u1_0 where u1_0.email=?
Hibernate: select spp1_0.id,spp1_0.current_latitude,spp1_0.current_longitude,spp1_0.experience_years,spp1_0.hourly_rate,spp1_0.is_available,spp1_0.is_online,spp1_0.kyc_document_ref,spp1_0.kyc_status,spp1_0.last_location_update,spp1_0.smart_service_score,spp1_0.total_reviews,spp1_0.user_id from partner_profiles spp1_0 where spp1_0.user_id=?
Hibernate: update partner_profiles set current_latitude=?,current_longitude=?,experience_years=?,hourly_rate=?,is_available=?,is_online=?,kyc_document_ref=?,kyc_status=?,last_location_update=?,smart_service_score=?,total_reviews=?,user_id=? where id=?
Hibernate: select s1_0.profile_id,s1_0.skill from partner_skills s1_0 where s1_0.profile_id=?
Hibernate: select u1_0.id,u1_0.email,u1_0.first_name,u1_0.last_name,u1_0.password,u1_0.phone,u1_0.role from users u1_0 where u1_0.email=?
Hibernate: select sc1_0.id,sc1_0.description,sc1_0.icon_url,sc1_0.is_active,sc1_0.name from service_categories sc1_0 where sc1_0.id=?
Hibernate: select distinct spp1_0.id,spp1_0.current_latitude,spp1_0.current_longitude,spp1_0.experience_years,spp1_0.hourly_rate,spp1_0.is_available,spp1_0.is_online,spp1_0.kyc_document_ref,spp1_0.kyc_status,spp1_0.last_location_update,spp1_0.smart_service_score,spp1_0.total_reviews,spp1_0.user_id from partner_profiles spp1_0 join partner_skills s1_0 on spp1_0.id=s1_0.profile_id where lower(trim(BOTH from s1_0.skill))=lower(trim(BOTH from ?)) and spp1_0.kyc_status='APPROVED' and spp1_0.is_online=1 and spp1_0.is_available=1 and spp1_0.current_latitude is not null and spp1_0.current_longitude is not null and spp1_0.last_location_update is not null and spp1_0.last_location_update>=?
Hibernate: select u1_0.id,u1_0.email,u1_0.first_name,u1_0.last_name,u1_0.password,u1_0.phone,u1_0.role from users u1_0 where u1_0.id=?
Hibernate: select u1_0.id,u1_0.email,u1_0.first_name,u1_0.last_name,u1_0.password,u1_0.phone,u1_0.role from users u1_0 where u1_0.id=?
Hibernate: select s1_0.profile_id,s1_0.skill from partner_skills s1_0 where s1_0.profile_id=?
Hibernate: select s1_0.profile_id,s1_0.skill from partner_skills s1_0 where s1_0.profile_id=?
Hibernate: select u1_0.id,u1_0.email,u1_0.first_name,u1_0.last_name,u1_0.password,u1_0.phone,u1_0.role from users u1_0 where u1_0.email=?
Hibernate: select sc1_0.id,sc1_0.description,sc1_0.icon_url,sc1_0.is_active,sc1_0.name from service_categories sc1_0 where sc1_0.id=?
Hibernate: select distinct spp1_0.id,spp1_0.current_latitude,spp1_0.current_longitude,spp1_0.experience_years,spp1_0.hourly_rate,spp1_0.is_available,spp1_0.is_online,spp1_0.kyc_document_ref,spp1_0.kyc_status,spp1_0.last_location_update,spp1_0.smart_service_score,spp1_0.total_reviews,spp1_0.user_id from partner_profiles spp1_0 join partner_skills s1_0 on spp1_0.id=s1_0.profile_id where lower(trim(BOTH from s1_0.skill))=lower(trim(BOTH from ?)) and spp1_0.kyc_status='APPROVED' and spp1_0.is_online=1 and spp1_0.is_available=1 and spp1_0.current_latitude is not null and spp1_0.current_longitude is not null and spp1_0.last_location_update is not null and spp1_0.last_location_update>=?
Hibernate: select u1_0.id,u1_0.email,u1_0.first_name,u1_0.last_name,u1_0.password,u1_0.phone,u1_0.role from users u1_0 where u1_0.id=?
Hibernate: select u1_0.id,u1_0.email,u1_0.first_name,u1_0.last_name,u1_0.password,u1_0.phone,u1_0.role from users u1_0 where u1_0.id=?
Hibernate: select s1_0.profile_id,s1_0.skill from partner_skills s1_0 where s1_0.profile_id=?
Hibernate: select s1_0.profile_id,s1_0.skill from partner_skills s1_0 where s1_0.profile_id=?
Hibernate: select u1_0.id,u1_0.email,u1_0.first_name,u1_0.last_name,u1_0.password,u1_0.phone,u1_0.role from users u1_0 where u1_0.email=?
Hibernate: select u1_0.id,u1_0.email,u1_0.first_name,u1_0.last_name,u1_0.password,u1_0.phone,u1_0.role from users u1_0 where u1_0.id=?
Hibernate: select spp1_0.id,spp1_0.current_latitude,spp1_0.current_longitude,spp1_0.experience_years,spp1_0.hourly_rate,spp1_0.is_available,spp1_0.is_online,spp1_0.kyc_document_ref,spp1_0.kyc_status,spp1_0.last_location_update,spp1_0.smart_service_score,spp1_0.total_reviews,spp1_0.user_id from partner_profiles spp1_0 where spp1_0.user_id=?
Hibernate: select r1_0.id,r1_0.booking_id,r1_0.comment,r1_0.customer_id,r1_0.partner_id,r1_0.rating from reviews r1_0 where r1_0.partner_id=?
Hibernate: select u1_0.id,u1_0.email,u1_0.first_name,u1_0.last_name,u1_0.password,u1_0.phone,u1_0.role from users u1_0 where u1_0.id=?
Hibernate: select s1_0.profile_id,s1_0.skill from partner_skills s1_0 where s1_0.profile_id=?
Hibernate: select u1_0.id,u1_0.email,u1_0.first_name,u1_0.last_name,u1_0.password,u1_0.phone,u1_0.role from users u1_0 where u1_0.email=?
Hibernate: select u1_0.id,u1_0.email,u1_0.first_name,u1_0.last_name,u1_0.password,u1_0.phone,u1_0.role from users u1_0 where u1_0.id=?
Hibernate: select sc1_0.id,sc1_0.description,sc1_0.icon_url,sc1_0.is_active,sc1_0.name from service_categories sc1_0 where sc1_0.id=?
Hibernate: select a1_0.id,a1_0.city,a1_0.country,a1_0.is_default,a1_0.latitude,a1_0.longitude,a1_0.state,a1_0.street,a1_0.user_id,a1_0.zip_code from addresses a1_0 where a1_0.id=?
Hibernate: select u1_0.id,u1_0.email,u1_0.first_name,u1_0.last_name,u1_0.password,u1_0.phone,u1_0.role from users u1_0 where u1_0.email=?
Hibernate: select u1_0.id,u1_0.email,u1_0.first_name,u1_0.last_name,u1_0.password,u1_0.phone,u1_0.role from users u1_0 where u1_0.email=?
Hibernate: select b1_0.id,b1_0.address_id,b1_0.category_id,b1_0.customer_id,b1_0.customer_latitude,b1_0.customer_longitude,b1_0.is_emergency,b1_0.notes,b1_0.partner_id,b1_0.partner_latitude,b1_0.partner_longitude,b1_0.scheduled_date,b1_0.status,b1_0.total_amount from bookings b1_0 where b1_0.customer_id=?
Hibernate: select u1_0.id,u1_0.email,u1_0.first_name,u1_0.last_name,u1_0.password,u1_0.phone,u1_0.role from users u1_0 where u1_0.id=?
Hibernate: select u1_0.id,u1_0.email,u1_0.first_name,u1_0.last_name,u1_0.password,u1_0.phone,u1_0.role from users u1_0 where u1_0.id=?
Hibernate: select sc1_0.id,sc1_0.description,sc1_0.icon_url,sc1_0.is_active,sc1_0.name from service_categories sc1_0
Hibernate: select sc1_0.id,sc1_0.description,sc1_0.icon_url,sc1_0.is_active,sc1_0.name from service_categories sc1_0 where sc1_0.id=?
Hibernate: select a1_0.id,a1_0.city,a1_0.country,a1_0.is_default,a1_0.latitude,a1_0.longitude,a1_0.state,a1_0.street,a1_0.user_id,a1_0.zip_code from addresses a1_0 where a1_0.id=?
Hibernate: select u1_0.id,u1_0.email,u1_0.first_name,u1_0.last_name,u1_0.password,u1_0.phone,u1_0.role from users u1_0 where u1_0.id=?
Hibernate: select u1_0.id,u1_0.email,u1_0.first_name,u1_0.last_name,u1_0.password,u1_0.phone,u1_0.role from users u1_0 where u1_0.email=?
Hibernate: select u1_0.id,u1_0.email,u1_0.first_name,u1_0.last_name,u1_0.password,u1_0.phone,u1_0.role from users u1_0 where u1_0.email=?
Hibernate: select sc1_0.id,sc1_0.description,sc1_0.icon_url,sc1_0.is_active,sc1_0.name from service_categories sc1_0
Hibernate: select b1_0.id,b1_0.address_id,b1_0.category_id,b1_0.customer_id,b1_0.customer_latitude,b1_0.customer_longitude,b1_0.is_emergency,b1_0.notes,b1_0.partner_id,b1_0.partner_latitude,b1_0.partner_longitude,b1_0.scheduled_date,b1_0.status,b1_0.total_amount from bookings b1_0 where b1_0.customer_id=?
Hibernate: select u1_0.id,u1_0.email,u1_0.first_name,u1_0.last_name,u1_0.password,u1_0.phone,u1_0.role from users u1_0 where u1_0.id=?
Hibernate: select u1_0.id,u1_0.email,u1_0.first_name,u1_0.last_name,u1_0.password,u1_0.phone,u1_0.role from users u1_0 where u1_0.id=?
Hibernate: select sc1_0.id,sc1_0.description,sc1_0.icon_url,sc1_0.is_active,sc1_0.name from service_categories sc1_0 where sc1_0.id=?
Hibernate: select a1_0.id,a1_0.city,a1_0.country,a1_0.is_default,a1_0.latitude,a1_0.longitude,a1_0.state,a1_0.street,a1_0.user_id,a1_0.zip_code from addresses a1_0 where a1_0.id=?
Hibernate: select u1_0.id,u1_0.email,u1_0.first_name,u1_0.last_name,u1_0.password,u1_0.phone,u1_0.role from users u1_0 where u1_0.id=?
Hibernate: select u1_0.id,u1_0.email,u1_0.first_name,u1_0.last_name,u1_0.password,u1_0.phone,u1_0.role from users u1_0 where u1_0.email=?
Hibernate: select u1_0.id,u1_0.email,u1_0.first_name,u1_0.last_name,u1_0.password,u1_0.phone,u1_0.role from users u1_0 where u1_0.email=?
Hibernate: select b1_0.id,b1_0.address_id,b1_0.category_id,b1_0.customer_id,b1_0.customer_latitude,b1_0.customer_longitude,b1_0.is_emergency,b1_0.notes,b1_0.partner_id,b1_0.partner_latitude,b1_0.partner_longitude,b1_0.scheduled_date,b1_0.status,b1_0.total_amount from bookings b1_0 where b1_0.customer_id=?
Hibernate: select u1_0.id,u1_0.email,u1_0.first_name,u1_0.last_name,u1_0.password,u1_0.phone,u1_0.role from users u1_0 where u1_0.id=?
Hibernate: select sc1_0.id,sc1_0.description,sc1_0.icon_url,sc1_0.is_active,sc1_0.name from service_categories sc1_0
Hibernate: select u1_0.id,u1_0.email,u1_0.first_name,u1_0.last_name,u1_0.password,u1_0.phone,u1_0.role from users u1_0 where u1_0.id=?
Hibernate: select sc1_0.id,sc1_0.description,sc1_0.icon_url,sc1_0.is_active,sc1_0.name from service_categories sc1_0 where sc1_0.id=?
Hibernate: select a1_0.id,a1_0.city,a1_0.country,a1_0.is_default,a1_0.latitude,a1_0.longitude,a1_0.state,a1_0.street,a1_0.user_id,a1_0.zip_code from addresses a1_0 where a1_0.id=?
Hibernate: select u1_0.id,u1_0.email,u1_0.first_name,u1_0.last_name,u1_0.password,u1_0.phone,u1_0.role from users u1_0 where u1_0.id=?
Hibernate: select sc1_0.id,sc1_0.description,sc1_0.icon_url,sc1_0.is_active,sc1_0.name from service_categories sc1_0 where sc1_0.id=?
Hibernate: select u1_0.id,u1_0.email,u1_0.first_name,u1_0.last_name,u1_0.password,u1_0.phone,u1_0.role from users u1_0 where u1_0.email=?
Hibernate: select u1_0.id,u1_0.email,u1_0.first_name,u1_0.last_name,u1_0.password,u1_0.phone,u1_0.role from users u1_0 where u1_0.email=?
Hibernate: select sc1_0.id,sc1_0.description,sc1_0.icon_url,sc1_0.is_active,sc1_0.name from service_categories sc1_0
Hibernate: select b1_0.id,b1_0.address_id,b1_0.category_id,b1_0.customer_id,b1_0.customer_latitude,b1_0.customer_longitude,b1_0.is_emergency,b1_0.notes,b1_0.partner_id,b1_0.partner_latitude,b1_0.partner_longitude,b1_0.scheduled_date,b1_0.status,b1_0.total_amount from bookings b1_0 where b1_0.customer_id=?
Hibernate: select u1_0.id,u1_0.email,u1_0.first_name,u1_0.last_name,u1_0.password,u1_0.phone,u1_0.role from users u1_0 where u1_0.id=?
Hibernate: select u1_0.id,u1_0.email,u1_0.first_name,u1_0.last_name,u1_0.password,u1_0.phone,u1_0.role from users u1_0 where u1_0.id=?
Hibernate: select sc1_0.id,sc1_0.description,sc1_0.icon_url,sc1_0.is_active,sc1_0.name from service_categories sc1_0 where sc1_0.id=?
Hibernate: select a1_0.id,a1_0.city,a1_0.country,a1_0.is_default,a1_0.latitude,a1_0.longitude,a1_0.state,a1_0.street,a1_0.user_id,a1_0.zip_code from addresses a1_0 where a1_0.id=?
Hibernate: select u1_0.id,u1_0.email,u1_0.first_name,u1_0.last_name,u1_0.password,u1_0.phone,u1_0.role from users u1_0 where u1_0.id=?
Hibernate: select sc1_0.id,sc1_0.description,sc1_0.icon_url,sc1_0.is_active,sc1_0.name from service_categories sc1_0 where sc1_0.id=?
Hibernate: select u1_0.id,u1_0.email,u1_0.first_name,u1_0.last_name,u1_0.password,u1_0.phone,u1_0.role from users u1_0 where u1_0.email=?
Hibernate: select u1_0.id,u1_0.email,u1_0.first_name,u1_0.last_name,u1_0.password,u1_0.phone,u1_0.role from users u1_0 where u1_0.email=?
Hibernate: select b1_0.id,b1_0.address_id,b1_0.category_id,b1_0.customer_id,b1_0.customer_latitude,b1_0.customer_longitude,b1_0.is_emergency,b1_0.notes,b1_0.partner_id,b1_0.partner_latitude,b1_0.partner_longitude,b1_0.scheduled_date,b1_0.status,b1_0.total_amount from bookings b1_0 where b1_0.customer_id=?
Hibernate: select sc1_0.id,sc1_0.description,sc1_0.icon_url,sc1_0.is_active,sc1_0.name from service_categories sc1_0
Hibernate: select u1_0.id,u1_0.email,u1_0.first_name,u1_0.last_name,u1_0.password,u1_0.phone,u1_0.role from users u1_0 where u1_0.id=?
Hibernate: select u1_0.id,u1_0.email,u1_0.first_name,u1_0.last_name,u1_0.password,u1_0.phone,u1_0.role from users u1_0 where u1_0.id=?
Hibernate: select sc1_0.id,sc1_0.description,sc1_0.icon_url,sc1_0.is_active,sc1_0.name from service_categories sc1_0 where sc1_0.id=?
Hibernate: select a1_0.id,a1_0.city,a1_0.country,a1_0.is_default,a1_0.latitude,a1_0.longitude,a1_0.state,a1_0.street,a1_0.user_id,a1_0.zip_code from addresses a1_0 where a1_0.id=?
Hibernate: select u1_0.id,u1_0.email,u1_0.first_name,u1_0.last_name,u1_0.password,u1_0.phone,u1_0.role from users u1_0 where u1_0.id=?
Hibernate: select u1_0.id,u1_0.email,u1_0.first_name,u1_0.last_name,u1_0.password,u1_0.phone,u1_0.role from users u1_0 where u1_0.email=?
Hibernate: select sc1_0.id,sc1_0.description,sc1_0.icon_url,sc1_0.is_active,sc1_0.name from service_categories sc1_0
Hibernate: select u1_0.id,u1_0.email,u1_0.first_name,u1_0.last_name,u1_0.password,u1_0.phone,u1_0.role from users u1_0 where u1_0.email=?
Hibernate: select b1_0.id,b1_0.address_id,b1_0.category_id,b1_0.customer_id,b1_0.customer_latitude,b1_0.customer_longitude,b1_0.is_emergency,b1_0.notes,b1_0.partner_id,b1_0.partner_latitude,b1_0.partner_longitude,b1_0.scheduled_date,b1_0.status,b1_0.total_amount from bookings b1_0 where b1_0.customer_id=?
Hibernate: select u1_0.id,u1_0.email,u1_0.first_name,u1_0.last_name,u1_0.password,u1_0.phone,u1_0.role from users u1_0 where u1_0.id=?
Hibernate: select u1_0.id,u1_0.email,u1_0.first_name,u1_0.last_name,u1_0.password,u1_0.phone,u1_0.role from users u1_0 where u1_0.id=?
Hibernate: select sc1_0.id,sc1_0.description,sc1_0.icon_url,sc1_0.is_active,sc1_0.name from service_categories sc1_0 where sc1_0.id=?
Hibernate: select a1_0.id,a1_0.city,a1_0.country,a1_0.is_default,a1_0.latitude,a1_0.longitude,a1_0.state,a1_0.street,a1_0.user_id,a1_0.zip_code from addresses a1_0 where a1_0.id=?
Hibernate: select u1_0.id,u1_0.email,u1_0.first_name,u1_0.last_name,u1_0.password,u1_0.phone,u1_0.role from users u1_0 where u1_0.id=?
2026-08-18T13:58:41.649+05:30  WARN 20852 --- [fixmate-backend] [l-1 housekeeper] com.zaxxer.hikari.pool.HikariPool        : HikariPool-1 - Thread starvation or clock leap detected (housekeeper delta=18m21s519ms684µs100ns).
Hibernate: select u1_0.id,u1_0.email,u1_0.first_name,u1_0.last_name,u1_0.password,u1_0.phone,u1_0.role from users u1_0 where u1_0.email=?
Hibernate: select u1_0.id,u1_0.email,u1_0.first_name,u1_0.last_name,u1_0.password,u1_0.phone,u1_0.role from users u1_0 where u1_0.email=?
Hibernate: select a1_0.id,a1_0.city,a1_0.country,a1_0.is_default,a1_0.latitude,a1_0.longitude,a1_0.state,a1_0.street,a1_0.user_id,a1_0.zip_code from addresses a1_0 where a1_0.user_id=?
Hibernate: select sc1_0.id,sc1_0.description,sc1_0.icon_url,sc1_0.is_active,sc1_0.name from service_categories sc1_0
Hibernate: select u1_0.id,u1_0.email,u1_0.first_name,u1_0.last_name,u1_0.password,u1_0.phone,u1_0.role from users u1_0 where u1_0.email=?
Hibernate: select sc1_0.id,sc1_0.description,sc1_0.icon_url,sc1_0.is_active,sc1_0.name from service_categories sc1_0 where sc1_0.id=?
Hibernate: select distinct spp1_0.id,spp1_0.current_latitude,spp1_0.current_longitude,spp1_0.experience_years,spp1_0.hourly_rate,spp1_0.is_available,spp1_0.is_online,spp1_0.kyc_document_ref,spp1_0.kyc_status,spp1_0.last_location_update,spp1_0.smart_service_score,spp1_0.total_reviews,spp1_0.user_id from partner_profiles spp1_0 join partner_skills s1_0 on spp1_0.id=s1_0.profile_id where lower(trim(BOTH from s1_0.skill))=lower(trim(BOTH from ?)) and spp1_0.kyc_status='APPROVED' and spp1_0.is_online=1 and spp1_0.is_available=1 and spp1_0.current_latitude is not null and spp1_0.current_longitude is not null and spp1_0.last_location_update is not null and spp1_0.last_location_update>=?
Hibernate: select u1_0.id,u1_0.email,u1_0.first_name,u1_0.last_name,u1_0.password,u1_0.phone,u1_0.role from users u1_0 where u1_0.email=?
Hibernate: select u1_0.id,u1_0.email,u1_0.first_name,u1_0.last_name,u1_0.password,u1_0.phone,u1_0.role from users u1_0 where u1_0.email=?
Hibernate: select u1_0.id,u1_0.email,u1_0.first_name,u1_0.last_name,u1_0.password,u1_0.phone,u1_0.role from users u1_0 where u1_0.email=?
Hibernate: select spp1_0.id,spp1_0.current_latitude,spp1_0.current_longitude,spp1_0.experience_years,spp1_0.hourly_rate,spp1_0.is_available,spp1_0.is_online,spp1_0.kyc_document_ref,spp1_0.kyc_status,spp1_0.last_location_update,spp1_0.smart_service_score,spp1_0.total_reviews,spp1_0.user_id from partner_profiles spp1_0 where spp1_0.user_id=?
Hibernate: update partner_profiles set current_latitude=?,current_longitude=?,experience_years=?,hourly_rate=?,is_available=?,is_online=?,kyc_document_ref=?,kyc_status=?,last_location_update=?,smart_service_score=?,total_reviews=?,user_id=? where id=?
Hibernate: select s1_0.profile_id,s1_0.skill from partner_skills s1_0 where s1_0.profile_id=?
Hibernate: select u1_0.id,u1_0.email,u1_0.first_name,u1_0.last_name,u1_0.password,u1_0.phone,u1_0.role from users u1_0 where u1_0.email=?
Hibernate: select u1_0.id,u1_0.email,u1_0.first_name,u1_0.last_name,u1_0.password,u1_0.phone,u1_0.role from users u1_0 where u1_0.email=?
Hibernate: select u1_0.id,u1_0.email,u1_0.first_name,u1_0.last_name,u1_0.password,u1_0.phone,u1_0.role from users u1_0 where u1_0.email=?
Hibernate: select spp1_0.id,spp1_0.current_latitude,spp1_0.current_longitude,spp1_0.experience_years,spp1_0.hourly_rate,spp1_0.is_available,spp1_0.is_online,spp1_0.kyc_document_ref,spp1_0.kyc_status,spp1_0.last_location_update,spp1_0.smart_service_score,spp1_0.total_reviews,spp1_0.user_id from partner_profiles spp1_0 where spp1_0.user_id=?
Hibernate: update partner_profiles set current_latitude=?,current_longitude=?,experience_years=?,hourly_rate=?,is_available=?,is_online=?,kyc_document_ref=?,kyc_status=?,last_location_update=?,smart_service_score=?,total_reviews=?,user_id=? where id=?
Hibernate: select s1_0.profile_id,s1_0.skill from partner_skills s1_0 where s1_0.profile_id=?
Hibernate: select u1_0.id,u1_0.email,u1_0.first_name,u1_0.last_name,u1_0.password,u1_0.phone,u1_0.role from users u1_0 where u1_0.email=?
Hibernate: select sc1_0.id,sc1_0.description,sc1_0.icon_url,sc1_0.is_active,sc1_0.name from service_categories sc1_0 where sc1_0.id=?
Hibernate: select distinct spp1_0.id,spp1_0.current_latitude,spp1_0.current_longitude,spp1_0.experience_years,spp1_0.hourly_rate,spp1_0.is_available,spp1_0.is_online,spp1_0.kyc_document_ref,spp1_0.kyc_status,spp1_0.last_location_update,spp1_0.smart_service_score,spp1_0.total_reviews,spp1_0.user_id from partner_profiles spp1_0 join partner_skills s1_0 on spp1_0.id=s1_0.profile_id where lower(trim(BOTH from s1_0.skill))=lower(trim(BOTH from ?)) and spp1_0.kyc_status='APPROVED' and spp1_0.is_online=1 and spp1_0.is_available=1 and spp1_0.current_latitude is not null and spp1_0.current_longitude is not null and spp1_0.last_location_update is not null and spp1_0.last_location_update>=?
Hibernate: select u1_0.id,u1_0.email,u1_0.first_name,u1_0.last_name,u1_0.password,u1_0.phone,u1_0.role from users u1_0 where u1_0.id=?
Hibernate: select u1_0.id,u1_0.email,u1_0.first_name,u1_0.last_name,u1_0.password,u1_0.phone,u1_0.role from users u1_0 where u1_0.id=?
Hibernate: select s1_0.profile_id,s1_0.skill from partner_skills s1_0 where s1_0.profile_id=?
Hibernate: select s1_0.profile_id,s1_0.skill from partner_skills s1_0 where s1_0.profile_id=?
Hibernate: select u1_0.id,u1_0.email,u1_0.first_name,u1_0.last_name,u1_0.password,u1_0.phone,u1_0.role from users u1_0 where u1_0.email=?
Hibernate: select sc1_0.id,sc1_0.description,sc1_0.icon_url,sc1_0.is_active,sc1_0.name from service_categories sc1_0 where sc1_0.id=?
Hibernate: select distinct spp1_0.id,spp1_0.current_latitude,spp1_0.current_longitude,spp1_0.experience_years,spp1_0.hourly_rate,spp1_0.is_available,spp1_0.is_online,spp1_0.kyc_document_ref,spp1_0.kyc_status,spp1_0.last_location_update,spp1_0.smart_service_score,spp1_0.total_reviews,spp1_0.user_id from partner_profiles spp1_0 join partner_skills s1_0 on spp1_0.id=s1_0.profile_id where lower(trim(BOTH from s1_0.skill))=lower(trim(BOTH from ?)) and spp1_0.kyc_status='APPROVED' and spp1_0.is_online=1 and spp1_0.is_available=1 and spp1_0.current_latitude is not null and spp1_0.current_longitude is not null and spp1_0.last_location_update is not null and spp1_0.last_location_update>=?
Hibernate: select u1_0.id,u1_0.email,u1_0.first_name,u1_0.last_name,u1_0.password,u1_0.phone,u1_0.role from users u1_0 where u1_0.id=?
Hibernate: select u1_0.id,u1_0.email,u1_0.first_name,u1_0.last_name,u1_0.password,u1_0.phone,u1_0.role from users u1_0 where u1_0.id=?
Hibernate: select s1_0.profile_id,s1_0.skill from partner_skills s1_0 where s1_0.profile_id=?
Hibernate: select s1_0.profile_id,s1_0.skill from partner_skills s1_0 where s1_0.profile_id=?
Hibernate: select u1_0.id,u1_0.email,u1_0.first_name,u1_0.last_name,u1_0.password,u1_0.phone,u1_0.role from users u1_0 where u1_0.email=?
Hibernate: select u1_0.id,u1_0.email,u1_0.first_name,u1_0.last_name,u1_0.password,u1_0.phone,u1_0.role from users u1_0 where u1_0.id=?
Hibernate: select sc1_0.id,sc1_0.description,sc1_0.icon_url,sc1_0.is_active,sc1_0.name from service_categories sc1_0 where sc1_0.id=?
Hibernate: select a1_0.id,a1_0.city,a1_0.country,a1_0.is_default,a1_0.latitude,a1_0.longitude,a1_0.state,a1_0.street,a1_0.user_id,a1_0.zip_code from addresses a1_0 where a1_0.id=?
Hibernate: select spp1_0.id,spp1_0.current_latitude,spp1_0.current_longitude,spp1_0.experience_years,spp1_0.hourly_rate,spp1_0.is_available,spp1_0.is_online,spp1_0.kyc_document_ref,spp1_0.kyc_status,spp1_0.last_location_update,spp1_0.smart_service_score,spp1_0.total_reviews,spp1_0.user_id from partner_profiles spp1_0 where spp1_0.user_id=?
Hibernate: select s1_0.profile_id,s1_0.skill from partner_skills s1_0 where s1_0.profile_id=?
Hibernate: insert into bookings (address_id,category_id,customer_id,customer_latitude,customer_longitude,is_emergency,notes,partner_id,partner_latitude,partner_longitude,scheduled_date,status,total_amount) values (?,?,?,?,?,?,?,?,?,?,?,?,?)
Hibernate: insert into notifications (booking_id,created_at,is_read,message,title,type,user_id) values (?,?,?,?,?,?,?)
Hibernate: select u1_0.id,u1_0.email,u1_0.first_name,u1_0.last_name,u1_0.password,u1_0.phone,u1_0.role from users u1_0 where u1_0.email=?
Hibernate: select b1_0.id,b1_0.address_id,b1_0.category_id,b1_0.customer_id,b1_0.customer_latitude,b1_0.customer_longitude,b1_0.is_emergency,b1_0.notes,b1_0.partner_id,b1_0.partner_latitude,b1_0.partner_longitude,b1_0.scheduled_date,b1_0.status,b1_0.total_amount from bookings b1_0 where b1_0.customer_id=?
Hibernate: select u1_0.id,u1_0.email,u1_0.first_name,u1_0.last_name,u1_0.password,u1_0.phone,u1_0.role from users u1_0 where u1_0.id=?
Hibernate: select u1_0.id,u1_0.email,u1_0.first_name,u1_0.last_name,u1_0.password,u1_0.phone,u1_0.role from users u1_0 where u1_0.id=?
Hibernate: select sc1_0.id,sc1_0.description,sc1_0.icon_url,sc1_0.is_active,sc1_0.name from service_categories sc1_0 where sc1_0.id=?
Hibernate: select a1_0.id,a1_0.city,a1_0.country,a1_0.is_default,a1_0.latitude,a1_0.longitude,a1_0.state,a1_0.street,a1_0.user_id,a1_0.zip_code from addresses a1_0 where a1_0.id=?
Hibernate: select u1_0.id,u1_0.email,u1_0.first_name,u1_0.last_name,u1_0.password,u1_0.phone,u1_0.role from users u1_0 where u1_0.id=?
Hibernate: select sc1_0.id,sc1_0.description,sc1_0.icon_url,sc1_0.is_active,sc1_0.name from service_categories sc1_0 where sc1_0.id=?
Failed to send email to partnerA@gmail.com: Authentication failed
2026-08-18T14:01:47.203+05:30  INFO 20852 --- [fixmate-backend] [trap-executor-0] c.n.d.s.r.aws.ConfigClusterResolver      : Resolving eureka endpoints via configuration
Hibernate: select u1_0.id,u1_0.email,u1_0.first_name,u1_0.last_name,u1_0.password,u1_0.phone,u1_0.role from users u1_0 where u1_0.email=?
Hibernate: select u1_0.id,u1_0.email,u1_0.first_name,u1_0.last_name,u1_0.password,u1_0.phone,u1_0.role from users u1_0 where u1_0.email=?
Hibernate: select u1_0.id,u1_0.email,u1_0.first_name,u1_0.last_name,u1_0.password,u1_0.phone,u1_0.role from users u1_0 where u1_0.email=?
Hibernate: select count(n1_0.id) from notifications n1_0 where n1_0.user_id=? and not(n1_0.is_read)
Hibernate: select u1_0.id,u1_0.email,u1_0.first_name,u1_0.last_name,u1_0.password,u1_0.phone,u1_0.role from users u1_0 where u1_0.email=?
Hibernate: select n1_0.id,n1_0.booking_id,n1_0.created_at,n1_0.is_read,n1_0.message,n1_0.title,n1_0.type,n1_0.user_id from notifications n1_0 where n1_0.user_id=? order by n1_0.created_at desc
Hibernate: select u1_0.id,u1_0.email,u1_0.first_name,u1_0.last_name,u1_0.password,u1_0.phone,u1_0.role from users u1_0 where u1_0.email=?
Hibernate: select u1_0.id,u1_0.email,u1_0.first_name,u1_0.last_name,u1_0.password,u1_0.phone,u1_0.role from users u1_0 where u1_0.email=?
Hibernate: select u1_0.id,u1_0.email,u1_0.first_name,u1_0.last_name,u1_0.password,u1_0.phone,u1_0.role from users u1_0 where u1_0.email=?
Hibernate: select u1_0.id,u1_0.email,u1_0.first_name,u1_0.last_name,u1_0.password,u1_0.phone,u1_0.role from users u1_0 where u1_0.email=?
Hibernate: select u1_0.id,u1_0.email,u1_0.first_name,u1_0.last_name,u1_0.password,u1_0.phone,u1_0.role from users u1_0 where u1_0.email=?
Hibernate: select u1_0.id,u1_0.email,u1_0.first_name,u1_0.last_name,u1_0.password,u1_0.phone,u1_0.role from users u1_0 where u1_0.email=?
Hibernate: select u1_0.id,u1_0.email,u1_0.first_name,u1_0.last_name,u1_0.password,u1_0.phone,u1_0.role from users u1_0 where u1_0.email=?
Hibernate: select b1_0.id,b1_0.address_id,b1_0.category_id,b1_0.customer_id,b1_0.customer_latitude,b1_0.customer_longitude,b1_0.is_emergency,b1_0.notes,b1_0.partner_id,b1_0.partner_latitude,b1_0.partner_longitude,b1_0.scheduled_date,b1_0.status,b1_0.total_amount from bookings b1_0 where b1_0.partner_id=?
Hibernate: select spp1_0.id,spp1_0.current_latitude,spp1_0.current_longitude,spp1_0.experience_years,spp1_0.hourly_rate,spp1_0.is_available,spp1_0.is_online,spp1_0.kyc_document_ref,spp1_0.kyc_status,spp1_0.last_location_update,spp1_0.smart_service_score,spp1_0.total_reviews,spp1_0.user_id from partner_profiles spp1_0 where spp1_0.user_id=?
Hibernate: select count(n1_0.id) from notifications n1_0 where n1_0.user_id=? and not(n1_0.is_read)
Hibernate: select n1_0.id,n1_0.booking_id,n1_0.created_at,n1_0.is_read,n1_0.message,n1_0.title,n1_0.type,n1_0.user_id from notifications n1_0 where n1_0.user_id=? order by n1_0.created_at desc
Hibernate: select s1_0.profile_id,s1_0.skill from partner_skills s1_0 where s1_0.profile_id=?
Hibernate: select u1_0.id,u1_0.email,u1_0.first_name,u1_0.last_name,u1_0.password,u1_0.phone,u1_0.role from users u1_0 where u1_0.id=?
Hibernate: select sc1_0.id,sc1_0.description,sc1_0.icon_url,sc1_0.is_active,sc1_0.name from service_categories sc1_0
Hibernate: select u1_0.id,u1_0.email,u1_0.first_name,u1_0.last_name,u1_0.password,u1_0.phone,u1_0.role from users u1_0 where u1_0.id=?
Hibernate: select sc1_0.id,sc1_0.description,sc1_0.icon_url,sc1_0.is_active,sc1_0.name from service_categories sc1_0 where sc1_0.id=?
Hibernate: select a1_0.id,a1_0.city,a1_0.country,a1_0.is_default,a1_0.latitude,a1_0.longitude,a1_0.state,a1_0.street,a1_0.user_id,a1_0.zip_code from addresses a1_0 where a1_0.id=?
Hibernate: select u1_0.id,u1_0.email,u1_0.first_name,u1_0.last_name,u1_0.password,u1_0.phone,u1_0.role from users u1_0 where u1_0.email=?
Hibernate: select u1_0.id,u1_0.email,u1_0.first_name,u1_0.last_name,u1_0.password,u1_0.phone,u1_0.role from users u1_0 where u1_0.email=?
Hibernate: select u1_0.id,u1_0.email,u1_0.first_name,u1_0.last_name,u1_0.password,u1_0.phone,u1_0.role from users u1_0 where u1_0.email=?
Hibernate: select u1_0.id,u1_0.email,u1_0.first_name,u1_0.last_name,u1_0.password,u1_0.phone,u1_0.role from users u1_0 where u1_0.email=?
Hibernate: select u1_0.id,u1_0.email,u1_0.first_name,u1_0.last_name,u1_0.password,u1_0.phone,u1_0.role from users u1_0 where u1_0.email=?
Hibernate: select spp1_0.id,spp1_0.current_latitude,spp1_0.current_longitude,spp1_0.experience_years,spp1_0.hourly_rate,spp1_0.is_available,spp1_0.is_online,spp1_0.kyc_document_ref,spp1_0.kyc_status,spp1_0.last_location_update,spp1_0.smart_service_score,spp1_0.total_reviews,spp1_0.user_id from partner_profiles spp1_0 where spp1_0.user_id=?
Hibernate: select count(n1_0.id) from notifications n1_0 where n1_0.user_id=? and not(n1_0.is_read)
Hibernate: select s1_0.profile_id,s1_0.skill from partner_skills s1_0 where s1_0.profile_id=?
Hibernate: select n1_0.id,n1_0.booking_id,n1_0.created_at,n1_0.is_read,n1_0.message,n1_0.title,n1_0.type,n1_0.user_id from notifications n1_0 where n1_0.user_id=? order by n1_0.created_at desc
Hibernate: select b1_0.id,b1_0.address_id,b1_0.category_id,b1_0.customer_id,b1_0.customer_latitude,b1_0.customer_longitude,b1_0.is_emergency,b1_0.notes,b1_0.partner_id,b1_0.partner_latitude,b1_0.partner_longitude,b1_0.scheduled_date,b1_0.status,b1_0.total_amount from bookings b1_0 where b1_0.partner_id=?
Hibernate: select sc1_0.id,sc1_0.description,sc1_0.icon_url,sc1_0.is_active,sc1_0.name from service_categories sc1_0
Hibernate: select u1_0.id,u1_0.email,u1_0.first_name,u1_0.last_name,u1_0.password,u1_0.phone,u1_0.role from users u1_0 where u1_0.id=?
Hibernate: select u1_0.id,u1_0.email,u1_0.first_name,u1_0.last_name,u1_0.password,u1_0.phone,u1_0.role from users u1_0 where u1_0.id=?
Hibernate: select sc1_0.id,sc1_0.description,sc1_0.icon_url,sc1_0.is_active,sc1_0.name from service_categories sc1_0 where sc1_0.id=?
Hibernate: select a1_0.id,a1_0.city,a1_0.country,a1_0.is_default,a1_0.latitude,a1_0.longitude,a1_0.state,a1_0.street,a1_0.user_id,a1_0.zip_code from addresses a1_0 where a1_0.id=?
Hibernate: select u1_0.id,u1_0.email,u1_0.first_name,u1_0.last_name,u1_0.password,u1_0.phone,u1_0.role from users u1_0 where u1_0.email=?
Hibernate: select count(n1_0.id) from notifications n1_0 where n1_0.user_id=? and not(n1_0.is_read)
Hibernate: select u1_0.id,u1_0.email,u1_0.first_name,u1_0.last_name,u1_0.password,u1_0.phone,u1_0.role from users u1_0 where u1_0.email=?
Hibernate: select u1_0.id,u1_0.email,u1_0.first_name,u1_0.last_name,u1_0.password,u1_0.phone,u1_0.role from users u1_0 where u1_0.email=?
Hibernate: select count(n1_0.id) from notifications n1_0 where n1_0.user_id=? and not(n1_0.is_read)
Hibernate: select n1_0.id,n1_0.booking_id,n1_0.created_at,n1_0.is_read,n1_0.message,n1_0.title,n1_0.type,n1_0.user_id from notifications n1_0 where n1_0.user_id=? order by n1_0.created_at desc
Hibernate: select u1_0.id,u1_0.email,u1_0.first_name,u1_0.last_name,u1_0.password,u1_0.phone,u1_0.role from users u1_0 where u1_0.email=?
Hibernate: select count(n1_0.id) from notifications n1_0 where n1_0.user_id=? and not(n1_0.is_read)
Hibernate: select u1_0.id,u1_0.email,u1_0.first_name,u1_0.last_name,u1_0.password,u1_0.phone,u1_0.role from users u1_0 where u1_0.email=?
Hibernate: select count(n1_0.id) from notifications n1_0 where n1_0.user_id=? and not(n1_0.is_read)
Hibernate: select u1_0.id,u1_0.email,u1_0.first_name,u1_0.last_name,u1_0.password,u1_0.phone,u1_0.role from users u1_0 where u1_0.email=?
Hibernate: select u1_0.id,u1_0.email,u1_0.first_name,u1_0.last_name,u1_0.password,u1_0.phone,u1_0.role from users u1_0 where u1_0.email=?
Hibernate: select u1_0.id,u1_0.email,u1_0.first_name,u1_0.last_name,u1_0.password,u1_0.phone,u1_0.role from users u1_0 where u1_0.email=?
Hibernate: select count(u1_0.id) from users u1_0 where u1_0.role=?
Hibernate: select count(u1_0.id) from users u1_0 where u1_0.role=?
Hibernate: select count(spp1_0.id) from partner_profiles spp1_0 where spp1_0.kyc_status=?
Hibernate: select count(*) from bookings b1_0
Hibernate: select count(b1_0.id) from bookings b1_0 where b1_0.status=?
Hibernate: select count(b1_0.id) from bookings b1_0 where b1_0.is_emergency
Hibernate: select sum(b1_0.total_amount) from bookings b1_0 where b1_0.status=?
Hibernate: select u1_0.id,u1_0.email,u1_0.first_name,u1_0.last_name,u1_0.password,u1_0.phone,u1_0.role from users u1_0 where u1_0.email=?
Hibernate: select count(u1_0.id) from users u1_0 where u1_0.role=?
Hibernate: select count(u1_0.id) from users u1_0 where u1_0.role=?
Hibernate: select count(spp1_0.id) from partner_profiles spp1_0 where spp1_0.kyc_status=?
Hibernate: select count(*) from bookings b1_0
Hibernate: select count(b1_0.id) from bookings b1_0 where b1_0.status=?
Hibernate: select count(b1_0.id) from bookings b1_0 where b1_0.is_emergency
Hibernate: select sum(b1_0.total_amount) from bookings b1_0 where b1_0.status=?
Hibernate: select u1_0.id,u1_0.email,u1_0.first_name,u1_0.last_name,u1_0.password,u1_0.phone,u1_0.role from users u1_0 where u1_0.email=?
Hibernate: select u1_0.id,u1_0.email,u1_0.first_name,u1_0.last_name,u1_0.password,u1_0.phone,u1_0.role from users u1_0 where u1_0.email=?
Hibernate: select u1_0.id,u1_0.email,u1_0.first_name,u1_0.last_name,u1_0.password,u1_0.phone,u1_0.role from users u1_0 where u1_0.email=?
Hibernate: select u1_0.id,u1_0.email,u1_0.first_name,u1_0.last_name,u1_0.password,u1_0.phone,u1_0.role from users u1_0 where u1_0.email=?
Hibernate: select u1_0.id,u1_0.email,u1_0.first_name,u1_0.last_name,u1_0.password,u1_0.phone,u1_0.role from users u1_0 where u1_0.email=?
Hibernate: select b1_0.id,b1_0.address_id,b1_0.category_id,b1_0.customer_id,b1_0.customer_latitude,b1_0.customer_longitude,b1_0.is_emergency,b1_0.notes,b1_0.partner_id,b1_0.partner_latitude,b1_0.partner_longitude,b1_0.scheduled_date,b1_0.status,b1_0.total_amount from bookings b1_0 where b1_0.customer_id=?
Hibernate: select u1_0.id,u1_0.email,u1_0.first_name,u1_0.last_name,u1_0.password,u1_0.phone,u1_0.role from users u1_0 where u1_0.id=?
Hibernate: select u1_0.id,u1_0.email,u1_0.first_name,u1_0.last_name,u1_0.password,u1_0.phone,u1_0.role from users u1_0 where u1_0.id=?
Hibernate: select sc1_0.id,sc1_0.description,sc1_0.icon_url,sc1_0.is_active,sc1_0.name from service_categories sc1_0
Hibernate: select sc1_0.id,sc1_0.description,sc1_0.icon_url,sc1_0.is_active,sc1_0.name from service_categories sc1_0 where sc1_0.id=?
Hibernate: select a1_0.id,a1_0.city,a1_0.country,a1_0.is_default,a1_0.latitude,a1_0.longitude,a1_0.state,a1_0.street,a1_0.user_id,a1_0.zip_code from addresses a1_0 where a1_0.id=?
Hibernate: select u1_0.id,u1_0.email,u1_0.first_name,u1_0.last_name,u1_0.password,u1_0.phone,u1_0.role from users u1_0 where u1_0.id=?
Hibernate: select u1_0.id,u1_0.email,u1_0.first_name,u1_0.last_name,u1_0.password,u1_0.phone,u1_0.role from users u1_0 where u1_0.email=?
Hibernate: select u1_0.id,u1_0.email,u1_0.first_name,u1_0.last_name,u1_0.password,u1_0.phone,u1_0.role from users u1_0 where u1_0.email=?
Hibernate: select b1_0.id,b1_0.address_id,b1_0.category_id,b1_0.customer_id,b1_0.customer_latitude,b1_0.customer_longitude,b1_0.is_emergency,b1_0.notes,b1_0.partner_id,b1_0.partner_latitude,b1_0.partner_longitude,b1_0.scheduled_date,b1_0.status,b1_0.total_amount from bookings b1_0 where b1_0.customer_id=?
Hibernate: select sc1_0.id,sc1_0.description,sc1_0.icon_url,sc1_0.is_active,sc1_0.name from service_categories sc1_0
Hibernate: select u1_0.id,u1_0.email,u1_0.first_name,u1_0.last_name,u1_0.password,u1_0.phone,u1_0.role from users u1_0 where u1_0.id=?
Hibernate: select u1_0.id,u1_0.email,u1_0.first_name,u1_0.last_name,u1_0.password,u1_0.phone,u1_0.role from users u1_0 where u1_0.id=?
Hibernate: select sc1_0.id,sc1_0.description,sc1_0.icon_url,sc1_0.is_active,sc1_0.name from service_categories sc1_0 where sc1_0.id=?
Hibernate: select a1_0.id,a1_0.city,a1_0.country,a1_0.is_default,a1_0.latitude,a1_0.longitude,a1_0.state,a1_0.street,a1_0.user_id,a1_0.zip_code from addresses a1_0 where a1_0.id=?
Hibernate: select u1_0.id,u1_0.email,u1_0.first_name,u1_0.last_name,u1_0.password,u1_0.phone,u1_0.role from users u1_0 where u1_0.id=?
Hibernate: select u1_0.id,u1_0.email,u1_0.first_name,u1_0.last_name,u1_0.password,u1_0.phone,u1_0.role from users u1_0 where u1_0.email=?
Hibernate: select u1_0.id,u1_0.email,u1_0.first_name,u1_0.last_name,u1_0.password,u1_0.phone,u1_0.role from users u1_0 where u1_0.email=?
Hibernate: select u1_0.id,u1_0.email,u1_0.first_name,u1_0.last_name,u1_0.password,u1_0.phone,u1_0.role from users u1_0 where u1_0.email=?
Hibernate: select u1_0.id,u1_0.email,u1_0.first_name,u1_0.last_name,u1_0.password,u1_0.phone,u1_0.role from users u1_0 where u1_0.email=?
Hibernate: select u1_0.id,u1_0.email,u1_0.first_name,u1_0.last_name,u1_0.password,u1_0.phone,u1_0.role from users u1_0 where u1_0.email=?
Hibernate: select u1_0.id,u1_0.email,u1_0.first_name,u1_0.last_name,u1_0.password,u1_0.phone,u1_0.role from users u1_0 where u1_0.email=?
Hibernate: select u1_0.id,u1_0.email,u1_0.first_name,u1_0.last_name,u1_0.password,u1_0.phone,u1_0.role from users u1_0 where u1_0.email=?
Hibernate: select u1_0.id,u1_0.email,u1_0.first_name,u1_0.last_name,u1_0.password,u1_0.phone,u1_0.role from users u1_0 where u1_0.email=?
Hibernate: select spp1_0.id,spp1_0.current_latitude,spp1_0.current_longitude,spp1_0.experience_years,spp1_0.hourly_rate,spp1_0.is_available,spp1_0.is_online,spp1_0.kyc_document_ref,spp1_0.kyc_status,spp1_0.last_location_update,spp1_0.smart_service_score,spp1_0.total_reviews,spp1_0.user_id from partner_profiles spp1_0 where spp1_0.user_id=?
Hibernate: select b1_0.id,b1_0.address_id,b1_0.category_id,b1_0.customer_id,b1_0.customer_latitude,b1_0.customer_longitude,b1_0.is_emergency,b1_0.notes,b1_0.partner_id,b1_0.partner_latitude,b1_0.partner_longitude,b1_0.scheduled_date,b1_0.status,b1_0.total_amount from bookings b1_0 where b1_0.partner_id=?
Hibernate: select sc1_0.id,sc1_0.description,sc1_0.icon_url,sc1_0.is_active,sc1_0.name from service_categories sc1_0
Hibernate: select s1_0.profile_id,s1_0.skill from partner_skills s1_0 where s1_0.profile_id=?
Hibernate: select n1_0.id,n1_0.booking_id,n1_0.created_at,n1_0.is_read,n1_0.message,n1_0.title,n1_0.type,n1_0.user_id from notifications n1_0 where n1_0.user_id=? order by n1_0.created_at desc
Hibernate: select count(n1_0.id) from notifications n1_0 where n1_0.user_id=? and not(n1_0.is_read)
Hibernate: select u1_0.id,u1_0.email,u1_0.first_name,u1_0.last_name,u1_0.password,u1_0.phone,u1_0.role from users u1_0 where u1_0.email=?
Hibernate: select u1_0.id,u1_0.email,u1_0.first_name,u1_0.last_name,u1_0.password,u1_0.phone,u1_0.role from users u1_0 where u1_0.email=?
Hibernate: select u1_0.id,u1_0.email,u1_0.first_name,u1_0.last_name,u1_0.password,u1_0.phone,u1_0.role from users u1_0 where u1_0.email=?
Hibernate: select u1_0.id,u1_0.email,u1_0.first_name,u1_0.last_name,u1_0.password,u1_0.phone,u1_0.role from users u1_0 where u1_0.email=?
Hibernate: select u1_0.id,u1_0.email,u1_0.first_name,u1_0.last_name,u1_0.password,u1_0.phone,u1_0.role from users u1_0 where u1_0.email=?
Hibernate: select b1_0.id,b1_0.address_id,b1_0.category_id,b1_0.customer_id,b1_0.customer_latitude,b1_0.customer_longitude,b1_0.is_emergency,b1_0.notes,b1_0.partner_id,b1_0.partner_latitude,b1_0.partner_longitude,b1_0.scheduled_date,b1_0.status,b1_0.total_amount from bookings b1_0 where b1_0.partner_id=?
Hibernate: select spp1_0.id,spp1_0.current_latitude,spp1_0.current_longitude,spp1_0.experience_years,spp1_0.hourly_rate,spp1_0.is_available,spp1_0.is_online,spp1_0.kyc_document_ref,spp1_0.kyc_status,spp1_0.last_location_update,spp1_0.smart_service_score,spp1_0.total_reviews,spp1_0.user_id from partner_profiles spp1_0 where spp1_0.user_id=?
Hibernate: select sc1_0.id,sc1_0.description,sc1_0.icon_url,sc1_0.is_active,sc1_0.name from service_categories sc1_0
Hibernate: select s1_0.profile_id,s1_0.skill from partner_skills s1_0 where s1_0.profile_id=?
Hibernate: select count(n1_0.id) from notifications n1_0 where n1_0.user_id=? and not(n1_0.is_read)
Hibernate: select n1_0.id,n1_0.booking_id,n1_0.created_at,n1_0.is_read,n1_0.message,n1_0.title,n1_0.type,n1_0.user_id from notifications n1_0 where n1_0.user_id=? order by n1_0.created_at desc
Hibernate: select u1_0.id,u1_0.email,u1_0.first_name,u1_0.last_name,u1_0.password,u1_0.phone,u1_0.role from users u1_0 where u1_0.email=?
Hibernate: select count(n1_0.id) from notifications n1_0 where n1_0.user_id=? and not(n1_0.is_read)
Hibernate: select u1_0.id,u1_0.email,u1_0.first_name,u1_0.last_name,u1_0.password,u1_0.phone,u1_0.role from users u1_0 where u1_0.email=?
Hibernate: select spp1_0.id,spp1_0.current_latitude,spp1_0.current_longitude,spp1_0.experience_years,spp1_0.hourly_rate,spp1_0.is_available,spp1_0.is_online,spp1_0.kyc_document_ref,spp1_0.kyc_status,spp1_0.last_location_update,spp1_0.smart_service_score,spp1_0.total_reviews,spp1_0.user_id from partner_profiles spp1_0 where spp1_0.user_id=?
Hibernate: update partner_profiles set current_latitude=?,current_longitude=?,experience_years=?,hourly_rate=?,is_available=?,is_online=?,kyc_document_ref=?,kyc_status=?,last_location_update=?,smart_service_score=?,total_reviews=?,user_id=? where id=?
Hibernate: select s1_0.profile_id,s1_0.skill from partner_skills s1_0 where s1_0.profile_id=?
2026-08-18T14:06:47.215+05:30  INFO 20852 --- [fixmate-backend] [trap-executor-0] c.n.d.s.r.aws.ConfigClusterResolver      : Resolving eureka endpoints via configuration
Hibernate: select u1_0.id,u1_0.email,u1_0.first_name,u1_0.last_name,u1_0.password,u1_0.phone,u1_0.role from users u1_0 where u1_0.email=?
Hibernate: select count(n1_0.id) from notifications n1_0 where n1_0.user_id=? and not(n1_0.is_read)
Hibernate: select u1_0.id,u1_0.email,u1_0.first_name,u1_0.last_name,u1_0.password,u1_0.phone,u1_0.role from users u1_0 where u1_0.email=?
Hibernate: select count(n1_0.id) from notifications n1_0 where n1_0.user_id=? and not(n1_0.is_read)
Hibernate: select u1_0.id,u1_0.email,u1_0.first_name,u1_0.last_name,u1_0.password,u1_0.phone,u1_0.role from users u1_0 where u1_0.email=?
Hibernate: select count(n1_0.id) from notifications n1_0 where n1_0.user_id=? and not(n1_0.is_read)
Hibernate: select u1_0.id,u1_0.email,u1_0.first_name,u1_0.last_name,u1_0.password,u1_0.phone,u1_0.role from users u1_0 where u1_0.email=?
Hibernate: select count(n1_0.id) from notifications n1_0 where n1_0.user_id=? and not(n1_0.is_read)
Hibernate: select u1_0.id,u1_0.email,u1_0.first_name,u1_0.last_name,u1_0.password,u1_0.phone,u1_0.role from users u1_0 where u1_0.email=?
Hibernate: select count(n1_0.id) from notifications n1_0 where n1_0.user_id=? and not(n1_0.is_read)
Hibernate: select u1_0.id,u1_0.email,u1_0.first_name,u1_0.last_name,u1_0.password,u1_0.phone,u1_0.role from users u1_0 where u1_0.email=?
Hibernate: select count(n1_0.id) from notifications n1_0 where n1_0.user_id=? and not(n1_0.is_read)
Hibernate: select u1_0.id,u1_0.email,u1_0.first_name,u1_0.last_name,u1_0.password,u1_0.phone,u1_0.role from users u1_0 where u1_0.email=?
Hibernate: select count(n1_0.id) from notifications n1_0 where n1_0.user_id=? and not(n1_0.is_read)
Hibernate: select u1_0.id,u1_0.email,u1_0.first_name,u1_0.last_name,u1_0.password,u1_0.phone,u1_0.role from users u1_0 where u1_0.email=?
Hibernate: select count(n1_0.id) from notifications n1_0 where n1_0.user_id=? and not(n1_0.is_read)
Hibernate: select u1_0.id,u1_0.email,u1_0.first_name,u1_0.last_name,u1_0.password,u1_0.phone,u1_0.role from users u1_0 where u1_0.email=?
Hibernate: select count(n1_0.id) from notifications n1_0 where n1_0.user_id=? and not(n1_0.is_read)
Hibernate: select u1_0.id,u1_0.email,u1_0.first_name,u1_0.last_name,u1_0.password,u1_0.phone,u1_0.role from users u1_0 where u1_0.email=?
Hibernate: select count(n1_0.id) from notifications n1_0 where n1_0.user_id=? and not(n1_0.is_read)
Hibernate: select u1_0.id,u1_0.email,u1_0.first_name,u1_0.last_name,u1_0.password,u1_0.phone,u1_0.role from users u1_0 where u1_0.email=?
Hibernate: select count(n1_0.id) from notifications n1_0 where n1_0.user_id=? and not(n1_0.is_read)
Hibernate: select u1_0.id,u1_0.email,u1_0.first_name,u1_0.last_name,u1_0.password,u1_0.phone,u1_0.role from users u1_0 where u1_0.email=?
Hibernate: select count(n1_0.id) from notifications n1_0 where n1_0.user_id=? and not(n1_0.is_read)
Hibernate: select u1_0.id,u1_0.email,u1_0.first_name,u1_0.last_name,u1_0.password,u1_0.phone,u1_0.role from users u1_0 where u1_0.email=?
Hibernate: select count(n1_0.id) from notifications n1_0 where n1_0.user_id=? and not(n1_0.is_read)
Hibernate: select u1_0.id,u1_0.email,u1_0.first_name,u1_0.last_name,u1_0.password,u1_0.phone,u1_0.role from users u1_0 where u1_0.email=?
Hibernate: select count(n1_0.id) from notifications n1_0 where n1_0.user_id=? and not(n1_0.is_read)
Hibernate: select u1_0.id,u1_0.email,u1_0.first_name,u1_0.last_name,u1_0.password,u1_0.phone,u1_0.role from users u1_0 where u1_0.email=?
Hibernate: select count(n1_0.id) from notifications n1_0 where n1_0.user_id=? and not(n1_0.is_read)
Hibernate: select u1_0.id,u1_0.email,u1_0.first_name,u1_0.last_name,u1_0.password,u1_0.phone,u1_0.role from users u1_0 where u1_0.email=?
Hibernate: select count(n1_0.id) from notifications n1_0 where n1_0.user_id=? and not(n1_0.is_read)
Hibernate: select u1_0.id,u1_0.email,u1_0.first_name,u1_0.last_name,u1_0.password,u1_0.phone,u1_0.role from users u1_0 where u1_0.email=?
Hibernate: select count(n1_0.id) from notifications n1_0 where n1_0.user_id=? and not(n1_0.is_read)
Hibernate: select u1_0.id,u1_0.email,u1_0.first_name,u1_0.last_name,u1_0.password,u1_0.phone,u1_0.role from users u1_0 where u1_0.email=?
Hibernate: select count(n1_0.id) from notifications n1_0 where n1_0.user_id=? and not(n1_0.is_read)
Hibernate: select u1_0.id,u1_0.email,u1_0.first_name,u1_0.last_name,u1_0.password,u1_0.phone,u1_0.role from users u1_0 where u1_0.email=?
Hibernate: select count(n1_0.id) from notifications n1_0 where n1_0.user_id=? and not(n1_0.is_read)
Hibernate: select u1_0.id,u1_0.email,u1_0.first_name,u1_0.last_name,u1_0.password,u1_0.phone,u1_0.role from users u1_0 where u1_0.email=?
Hibernate: select count(n1_0.id) from notifications n1_0 where n1_0.user_id=? and not(n1_0.is_read)
Hibernate: select u1_0.id,u1_0.email,u1_0.first_name,u1_0.last_name,u1_0.password,u1_0.phone,u1_0.role from users u1_0 where u1_0.email=?
Hibernate: select count(n1_0.id) from notifications n1_0 where n1_0.user_id=? and not(n1_0.is_read)
Hibernate: select u1_0.id,u1_0.email,u1_0.first_name,u1_0.last_name,u1_0.password,u1_0.phone,u1_0.role from users u1_0 where u1_0.email=?
Hibernate: select count(n1_0.id) from notifications n1_0 where n1_0.user_id=? and not(n1_0.is_read)
Hibernate: select u1_0.id,u1_0.email,u1_0.first_name,u1_0.last_name,u1_0.password,u1_0.phone,u1_0.role from users u1_0 where u1_0.email=?
Hibernate: select count(n1_0.id) from notifications n1_0 where n1_0.user_id=? and not(n1_0.is_read)
Hibernate: select u1_0.id,u1_0.email,u1_0.first_name,u1_0.last_name,u1_0.password,u1_0.phone,u1_0.role from users u1_0 where u1_0.email=?
Hibernate: select count(n1_0.id) from notifications n1_0 where n1_0.user_id=? and not(n1_0.is_read)
Hibernate: select u1_0.id,u1_0.email,u1_0.first_name,u1_0.last_name,u1_0.password,u1_0.phone,u1_0.role from users u1_0 where u1_0.email=?
Hibernate: select count(n1_0.id) from notifications n1_0 where n1_0.user_id=? and not(n1_0.is_read)
Hibernate: select u1_0.id,u1_0.email,u1_0.first_name,u1_0.last_name,u1_0.password,u1_0.phone,u1_0.role from users u1_0 where u1_0.email=?
Hibernate: select count(n1_0.id) from notifications n1_0 where n1_0.user_id=? and not(n1_0.is_read)
Hibernate: select u1_0.id,u1_0.email,u1_0.first_name,u1_0.last_name,u1_0.password,u1_0.phone,u1_0.role from users u1_0 where u1_0.email=?
Hibernate: select count(n1_0.id) from notifications n1_0 where n1_0.user_id=? and not(n1_0.is_read)
Hibernate: select u1_0.id,u1_0.email,u1_0.first_name,u1_0.last_name,u1_0.password,u1_0.phone,u1_0.role from users u1_0 where u1_0.email=?
Hibernate: select count(n1_0.id) from notifications n1_0 where n1_0.user_id=? and not(n1_0.is_read)
Hibernate: select u1_0.id,u1_0.email,u1_0.first_name,u1_0.last_name,u1_0.password,u1_0.phone,u1_0.role from users u1_0 where u1_0.email=?
Hibernate: select count(n1_0.id) from notifications n1_0 where n1_0.user_id=? and not(n1_0.is_read)
Hibernate: select u1_0.id,u1_0.email,u1_0.first_name,u1_0.last_name,u1_0.password,u1_0.phone,u1_0.role from users u1_0 where u1_0.email=?
Hibernate: select count(n1_0.id) from notifications n1_0 where n1_0.user_id=? and not(n1_0.is_read)
Hibernate: select u1_0.id,u1_0.email,u1_0.first_name,u1_0.last_name,u1_0.password,u1_0.phone,u1_0.role from users u1_0 where u1_0.email=?
Hibernate: select count(n1_0.id) from notifications n1_0 where n1_0.user_id=? and not(n1_0.is_read)
Hibernate: select u1_0.id,u1_0.email,u1_0.first_name,u1_0.last_name,u1_0.password,u1_0.phone,u1_0.role from users u1_0 where u1_0.email=?
Hibernate: select count(n1_0.id) from notifications n1_0 where n1_0.user_id=? and not(n1_0.is_read)
Hibernate: select u1_0.id,u1_0.email,u1_0.first_name,u1_0.last_name,u1_0.password,u1_0.phone,u1_0.role from users u1_0 where u1_0.email=?
Hibernate: select count(n1_0.id) from notifications n1_0 where n1_0.user_id=? and not(n1_0.is_read)
Hibernate: select u1_0.id,u1_0.email,u1_0.first_name,u1_0.last_name,u1_0.password,u1_0.phone,u1_0.role from users u1_0 where u1_0.email=?
Hibernate: select count(n1_0.id) from notifications n1_0 where n1_0.user_id=? and not(n1_0.is_read)
Hibernate: select u1_0.id,u1_0.email,u1_0.first_name,u1_0.last_name,u1_0.password,u1_0.phone,u1_0.role from users u1_0 where u1_0.email=?
Hibernate: select count(n1_0.id) from notifications n1_0 where n1_0.user_id=? and not(n1_0.is_read)
Hibernate: select u1_0.id,u1_0.email,u1_0.first_name,u1_0.last_name,u1_0.password,u1_0.phone,u1_0.role from users u1_0 where u1_0.email=?
Hibernate: select count(n1_0.id) from notifications n1_0 where n1_0.user_id=? and not(n1_0.is_read)
Hibernate: select u1_0.id,u1_0.email,u1_0.first_name,u1_0.last_name,u1_0.password,u1_0.phone,u1_0.role from users u1_0 where u1_0.email=?
Hibernate: select count(n1_0.id) from notifications n1_0 where n1_0.user_id=? and not(n1_0.is_read)
2026-08-18T14:11:47.268+05:30  INFO 20852 --- [fixmate-backend] [trap-executor-0] c.n.d.s.r.aws.ConfigClusterResolver      : Resolving eureka endpoints via configuration
Hibernate: select u1_0.id,u1_0.email,u1_0.first_name,u1_0.last_name,u1_0.password,u1_0.phone,u1_0.role from users u1_0 where u1_0.email=?
Hibernate: select count(n1_0.id) from notifications n1_0 where n1_0.user_id=? and not(n1_0.is_read)
Hibernate: select u1_0.id,u1_0.email,u1_0.first_name,u1_0.last_name,u1_0.password,u1_0.phone,u1_0.role from users u1_0 where u1_0.email=?
Hibernate: select count(n1_0.id) from notifications n1_0 where n1_0.user_id=? and not(n1_0.is_read)
Hibernate: select u1_0.id,u1_0.email,u1_0.first_name,u1_0.last_name,u1_0.password,u1_0.phone,u1_0.role from users u1_0 where u1_0.email=?
Hibernate: select count(n1_0.id) from notifications n1_0 where n1_0.user_id=? and not(n1_0.is_read)
Hibernate: select u1_0.id,u1_0.email,u1_0.first_name,u1_0.last_name,u1_0.password,u1_0.phone,u1_0.role from users u1_0 where u1_0.email=?
Hibernate: select count(n1_0.id) from notifications n1_0 where n1_0.user_id=? and not(n1_0.is_read)
Hibernate: select u1_0.id,u1_0.email,u1_0.first_name,u1_0.last_name,u1_0.password,u1_0.phone,u1_0.role from users u1_0 where u1_0.email=?
Hibernate: select count(n1_0.id) from notifications n1_0 where n1_0.user_id=? and not(n1_0.is_read)
Hibernate: select u1_0.id,u1_0.email,u1_0.first_name,u1_0.last_name,u1_0.password,u1_0.phone,u1_0.role from users u1_0 where u1_0.email=?
Hibernate: select count(n1_0.id) from notifications n1_0 where n1_0.user_id=? and not(n1_0.is_read)
Hibernate: select u1_0.id,u1_0.email,u1_0.first_name,u1_0.last_name,u1_0.password,u1_0.phone,u1_0.role from users u1_0 where u1_0.email=?
Hibernate: select count(n1_0.id) from notifications n1_0 where n1_0.user_id=? and not(n1_0.is_read)
Hibernate: select u1_0.id,u1_0.email,u1_0.first_name,u1_0.last_name,u1_0.password,u1_0.phone,u1_0.role from users u1_0 where u1_0.email=?
Hibernate: select count(n1_0.id) from notifications n1_0 where n1_0.user_id=? and not(n1_0.is_read)
Hibernate: select u1_0.id,u1_0.email,u1_0.first_name,u1_0.last_name,u1_0.password,u1_0.phone,u1_0.role from users u1_0 where u1_0.email=?
Hibernate: select count(n1_0.id) from notifications n1_0 where n1_0.user_id=? and not(n1_0.is_read)
Hibernate: select u1_0.id,u1_0.email,u1_0.first_name,u1_0.last_name,u1_0.password,u1_0.phone,u1_0.role from users u1_0 where u1_0.email=?
Hibernate: select count(n1_0.id) from notifications n1_0 where n1_0.user_id=? and not(n1_0.is_read)
Hibernate: select u1_0.id,u1_0.email,u1_0.first_name,u1_0.last_name,u1_0.password,u1_0.phone,u1_0.role from users u1_0 where u1_0.email=?
Hibernate: select count(n1_0.id) from notifications n1_0 where n1_0.user_id=? and not(n1_0.is_read)
Hibernate: select u1_0.id,u1_0.email,u1_0.first_name,u1_0.last_name,u1_0.password,u1_0.phone,u1_0.role from users u1_0 where u1_0.email=?
Hibernate: select count(n1_0.id) from notifications n1_0 where n1_0.user_id=? and not(n1_0.is_read)
Hibernate: select u1_0.id,u1_0.email,u1_0.first_name,u1_0.last_name,u1_0.password,u1_0.phone,u1_0.role from users u1_0 where u1_0.email=?
Hibernate: select count(n1_0.id) from notifications n1_0 where n1_0.user_id=? and not(n1_0.is_read)
Hibernate: select u1_0.id,u1_0.email,u1_0.first_name,u1_0.last_name,u1_0.password,u1_0.phone,u1_0.role from users u1_0 where u1_0.email=?
Hibernate: select count(n1_0.id) from notifications n1_0 where n1_0.user_id=? and not(n1_0.is_read)
Hibernate: select u1_0.id,u1_0.email,u1_0.first_name,u1_0.last_name,u1_0.password,u1_0.phone,u1_0.role from users u1_0 where u1_0.email=?
Hibernate: select count(n1_0.id) from notifications n1_0 where n1_0.user_id=? and not(n1_0.is_read)
Hibernate: select u1_0.id,u1_0.email,u1_0.first_name,u1_0.last_name,u1_0.password,u1_0.phone,u1_0.role from users u1_0 where u1_0.email=?
Hibernate: select count(n1_0.id) from notifications n1_0 where n1_0.user_id=? and not(n1_0.is_read)
Hibernate: select u1_0.id,u1_0.email,u1_0.first_name,u1_0.last_name,u1_0.password,u1_0.phone,u1_0.role from users u1_0 where u1_0.email=?
Hibernate: select count(n1_0.id) from notifications n1_0 where n1_0.user_id=? and not(n1_0.is_read)
Hibernate: select u1_0.id,u1_0.email,u1_0.first_name,u1_0.last_name,u1_0.password,u1_0.phone,u1_0.role from users u1_0 where u1_0.email=?
Hibernate: select count(n1_0.id) from notifications n1_0 where n1_0.user_id=? and not(n1_0.is_read)
Hibernate: select u1_0.id,u1_0.email,u1_0.first_name,u1_0.last_name,u1_0.password,u1_0.phone,u1_0.role from users u1_0 where u1_0.email=?
Hibernate: select count(n1_0.id) from notifications n1_0 where n1_0.user_id=? and not(n1_0.is_read)
Hibernate: select u1_0.id,u1_0.email,u1_0.first_name,u1_0.last_name,u1_0.password,u1_0.phone,u1_0.role from users u1_0 where u1_0.email=?
Hibernate: select count(n1_0.id) from notifications n1_0 where n1_0.user_id=? and not(n1_0.is_read)
Hibernate: select u1_0.id,u1_0.email,u1_0.first_name,u1_0.last_name,u1_0.password,u1_0.phone,u1_0.role from users u1_0 where u1_0.email=?
Hibernate: select count(n1_0.id) from notifications n1_0 where n1_0.user_id=? and not(n1_0.is_read)
Hibernate: select u1_0.id,u1_0.email,u1_0.first_name,u1_0.last_name,u1_0.password,u1_0.phone,u1_0.role from users u1_0 where u1_0.email=?
Hibernate: select count(n1_0.id) from notifications n1_0 where n1_0.user_id=? and not(n1_0.is_read)
Hibernate: select u1_0.id,u1_0.email,u1_0.first_name,u1_0.last_name,u1_0.password,u1_0.phone,u1_0.role from users u1_0 where u1_0.email=?
Hibernate: select count(n1_0.id) from notifications n1_0 where n1_0.user_id=? and not(n1_0.is_read)
Hibernate: select u1_0.id,u1_0.email,u1_0.first_name,u1_0.last_name,u1_0.password,u1_0.phone,u1_0.role from users u1_0 where u1_0.email=?
Hibernate: select count(n1_0.id) from notifications n1_0 where n1_0.user_id=? and not(n1_0.is_read)
Hibernate: select u1_0.id,u1_0.email,u1_0.first_name,u1_0.last_name,u1_0.password,u1_0.phone,u1_0.role from users u1_0 where u1_0.email=?
Hibernate: select count(n1_0.id) from notifications n1_0 where n1_0.user_id=? and not(n1_0.is_read)
Hibernate: select u1_0.id,u1_0.email,u1_0.first_name,u1_0.last_name,u1_0.password,u1_0.phone,u1_0.role from users u1_0 where u1_0.email=?
Hibernate: select count(n1_0.id) from notifications n1_0 where n1_0.user_id=? and not(n1_0.is_read)
Hibernate: select u1_0.id,u1_0.email,u1_0.first_name,u1_0.last_name,u1_0.password,u1_0.phone,u1_0.role from users u1_0 where u1_0.email=?
Hibernate: select count(n1_0.id) from notifications n1_0 where n1_0.user_id=? and not(n1_0.is_read)
Hibernate: select u1_0.id,u1_0.email,u1_0.first_name,u1_0.last_name,u1_0.password,u1_0.phone,u1_0.role from users u1_0 where u1_0.email=?
Hibernate: select count(n1_0.id) from notifications n1_0 where n1_0.user_id=? and not(n1_0.is_read)
Hibernate: select u1_0.id,u1_0.email,u1_0.first_name,u1_0.last_name,u1_0.password,u1_0.phone,u1_0.role from users u1_0 where u1_0.email=?
Hibernate: select count(n1_0.id) from notifications n1_0 where n1_0.user_id=? and not(n1_0.is_read)
Hibernate: select u1_0.id,u1_0.email,u1_0.first_name,u1_0.last_name,u1_0.password,u1_0.phone,u1_0.role from users u1_0 where u1_0.email=?
Hibernate: select count(n1_0.id) from notifications n1_0 where n1_0.user_id=? and not(n1_0.is_read)
Hibernate: select u1_0.id,u1_0.email,u1_0.first_name,u1_0.last_name,u1_0.password,u1_0.phone,u1_0.role from users u1_0 where u1_0.email=?
Hibernate: select count(n1_0.id) from notifications n1_0 where n1_0.user_id=? and not(n1_0.is_read)
Hibernate: select u1_0.id,u1_0.email,u1_0.first_name,u1_0.last_name,u1_0.password,u1_0.phone,u1_0.role from users u1_0 where u1_0.email=?
Hibernate: select count(n1_0.id) from notifications n1_0 where n1_0.user_id=? and not(n1_0.is_read)
Hibernate: select u1_0.id,u1_0.email,u1_0.first_name,u1_0.last_name,u1_0.password,u1_0.phone,u1_0.role from users u1_0 where u1_0.email=?
Hibernate: select count(n1_0.id) from notifications n1_0 where n1_0.user_id=? and not(n1_0.is_read)
Hibernate: select u1_0.id,u1_0.email,u1_0.first_name,u1_0.last_name,u1_0.password,u1_0.phone,u1_0.role from users u1_0 where u1_0.email=?
Hibernate: select count(n1_0.id) from notifications n1_0 where n1_0.user_id=? and not(n1_0.is_read)
Hibernate: select u1_0.id,u1_0.email,u1_0.first_name,u1_0.last_name,u1_0.password,u1_0.phone,u1_0.role from users u1_0 where u1_0.email=?
Hibernate: select count(n1_0.id) from notifications n1_0 where n1_0.user_id=? and not(n1_0.is_read)
Hibernate: select u1_0.id,u1_0.email,u1_0.first_name,u1_0.last_name,u1_0.password,u1_0.phone,u1_0.role from users u1_0 where u1_0.email=?
Hibernate: select count(n1_0.id) from notifications n1_0 where n1_0.user_id=? and not(n1_0.is_read)
Hibernate: select u1_0.id,u1_0.email,u1_0.first_name,u1_0.last_name,u1_0.password,u1_0.phone,u1_0.role from users u1_0 where u1_0.email=?
Hibernate: select count(n1_0.id) from notifications n1_0 where n1_0.user_id=? and not(n1_0.is_read)
Hibernate: select u1_0.id,u1_0.email,u1_0.first_name,u1_0.last_name,u1_0.password,u1_0.phone,u1_0.role from users u1_0 where u1_0.email=?
Hibernate: select count(n1_0.id) from notifications n1_0 where n1_0.user_id=? and not(n1_0.is_read)
2026-08-18T14:16:47.320+05:30  INFO 20852 --- [fixmate-backend] [trap-executor-0] c.n.d.s.r.aws.ConfigClusterResolver      : Resolving eureka endpoints via configuration
Hibernate: select u1_0.id,u1_0.email,u1_0.first_name,u1_0.last_name,u1_0.password,u1_0.phone,u1_0.role from users u1_0 where u1_0.email=?
Hibernate: select count(n1_0.id) from notifications n1_0 where n1_0.user_id=? and not(n1_0.is_read)
Hibernate: select u1_0.id,u1_0.email,u1_0.first_name,u1_0.last_name,u1_0.password,u1_0.phone,u1_0.role from users u1_0 where u1_0.email=?
Hibernate: select count(n1_0.id) from notifications n1_0 where n1_0.user_id=? and not(n1_0.is_read)
Hibernate: select u1_0.id,u1_0.email,u1_0.first_name,u1_0.last_name,u1_0.password,u1_0.phone,u1_0.role from users u1_0 where u1_0.email=?
Hibernate: select count(n1_0.id) from notifications n1_0 where n1_0.user_id=? and not(n1_0.is_read)
Hibernate: select u1_0.id,u1_0.email,u1_0.first_name,u1_0.last_name,u1_0.password,u1_0.phone,u1_0.role from users u1_0 where u1_0.email=?
Hibernate: select u1_0.id,u1_0.email,u1_0.first_name,u1_0.last_name,u1_0.password,u1_0.phone,u1_0.role from users u1_0 where u1_0.email=?
Hibernate: select b1_0.id,b1_0.address_id,b1_0.category_id,b1_0.customer_id,b1_0.customer_latitude,b1_0.customer_longitude,b1_0.is_emergency,b1_0.notes,b1_0.partner_id,b1_0.partner_latitude,b1_0.partner_longitude,b1_0.scheduled_date,b1_0.status,b1_0.total_amount from bookings b1_0 where b1_0.partner_id=?
Hibernate: select u1_0.id,u1_0.email,u1_0.first_name,u1_0.last_name,u1_0.password,u1_0.phone,u1_0.role from users u1_0 where u1_0.email=?
Hibernate: select u1_0.id,u1_0.email,u1_0.first_name,u1_0.last_name,u1_0.password,u1_0.phone,u1_0.role from users u1_0 where u1_0.email=?
Hibernate: select spp1_0.id,spp1_0.current_latitude,spp1_0.current_longitude,spp1_0.experience_years,spp1_0.hourly_rate,spp1_0.is_available,spp1_0.is_online,spp1_0.kyc_document_ref,spp1_0.kyc_status,spp1_0.last_location_update,spp1_0.smart_service_score,spp1_0.total_reviews,spp1_0.user_id from partner_profiles spp1_0 where spp1_0.user_id=?
Hibernate: select n1_0.id,n1_0.booking_id,n1_0.created_at,n1_0.is_read,n1_0.message,n1_0.title,n1_0.type,n1_0.user_id from notifications n1_0 where n1_0.user_id=? order by n1_0.created_at desc
Hibernate: select sc1_0.id,sc1_0.description,sc1_0.icon_url,sc1_0.is_active,sc1_0.name from service_categories sc1_0
Hibernate: select s1_0.profile_id,s1_0.skill from partner_skills s1_0 where s1_0.profile_id=?
Hibernate: select u1_0.id,u1_0.email,u1_0.first_name,u1_0.last_name,u1_0.password,u1_0.phone,u1_0.role from users u1_0 where u1_0.email=?
Hibernate: select count(n1_0.id) from notifications n1_0 where n1_0.user_id=? and not(n1_0.is_read)
Hibernate: select u1_0.id,u1_0.email,u1_0.first_name,u1_0.last_name,u1_0.password,u1_0.phone,u1_0.role from users u1_0 where u1_0.email=?
Hibernate: select u1_0.id,u1_0.email,u1_0.first_name,u1_0.last_name,u1_0.password,u1_0.phone,u1_0.role from users u1_0 where u1_0.email=?
Hibernate: select spp1_0.id,spp1_0.current_latitude,spp1_0.current_longitude,spp1_0.experience_years,spp1_0.hourly_rate,spp1_0.is_available,spp1_0.is_online,spp1_0.kyc_document_ref,spp1_0.kyc_status,spp1_0.last_location_update,spp1_0.smart_service_score,spp1_0.total_reviews,spp1_0.user_id from partner_profiles spp1_0 where spp1_0.user_id=?
Hibernate: select b1_0.id,b1_0.address_id,b1_0.category_id,b1_0.customer_id,b1_0.customer_latitude,b1_0.customer_longitude,b1_0.is_emergency,b1_0.notes,b1_0.partner_id,b1_0.partner_latitude,b1_0.partner_longitude,b1_0.scheduled_date,b1_0.status,b1_0.total_amount from bookings b1_0 where b1_0.partner_id=?
Hibernate: select s1_0.profile_id,s1_0.skill from partner_skills s1_0 where s1_0.profile_id=?
Hibernate: select u1_0.id,u1_0.email,u1_0.first_name,u1_0.last_name,u1_0.password,u1_0.phone,u1_0.role from users u1_0 where u1_0.email=?
Hibernate: select u1_0.id,u1_0.email,u1_0.first_name,u1_0.last_name,u1_0.password,u1_0.phone,u1_0.role from users u1_0 where u1_0.email=?
Hibernate: select u1_0.id,u1_0.email,u1_0.first_name,u1_0.last_name,u1_0.password,u1_0.phone,u1_0.role from users u1_0 where u1_0.email=?
Hibernate: select sc1_0.id,sc1_0.description,sc1_0.icon_url,sc1_0.is_active,sc1_0.name from service_categories sc1_0
Hibernate: select n1_0.id,n1_0.booking_id,n1_0.created_at,n1_0.is_read,n1_0.message,n1_0.title,n1_0.type,n1_0.user_id from notifications n1_0 where n1_0.user_id=? order by n1_0.created_at desc
Hibernate: select count(n1_0.id) from notifications n1_0 where n1_0.user_id=? and not(n1_0.is_read)
2026-08-18T16:52:10.825+05:30  WARN 20852 --- [fixmate-backend] [l-1 housekeeper] com.zaxxer.hikari.pool.HikariPool        : HikariPool-1 - Thread starvation or clock leap detected (housekeeper delta=2h35m28s898ms57µs600ns).
Hibernate: select u1_0.id,u1_0.email,u1_0.first_name,u1_0.last_name,u1_0.password,u1_0.phone,u1_0.role from users u1_0 where u1_0.email=?
Hibernate: select count(n1_0.id) from notifications n1_0 where n1_0.user_id=? and not(n1_0.is_read)
Hibernate: select u1_0.id,u1_0.email,u1_0.first_name,u1_0.last_name,u1_0.password,u1_0.phone,u1_0.role from users u1_0 where u1_0.email=?
Hibernate: select count(n1_0.id) from notifications n1_0 where n1_0.user_id=? and not(n1_0.is_read)
Hibernate: select u1_0.id,u1_0.email,u1_0.first_name,u1_0.last_name,u1_0.password,u1_0.phone,u1_0.role from users u1_0 where u1_0.email=?
Hibernate: select u1_0.id,u1_0.email,u1_0.first_name,u1_0.last_name,u1_0.password,u1_0.phone,u1_0.role from users u1_0 where u1_0.email=?
Hibernate: select u1_0.id,u1_0.email,u1_0.first_name,u1_0.last_name,u1_0.password,u1_0.phone,u1_0.role from users u1_0 where u1_0.email=?
Hibernate: select b1_0.id,b1_0.address_id,b1_0.category_id,b1_0.customer_id,b1_0.customer_latitude,b1_0.customer_longitude,b1_0.is_emergency,b1_0.notes,b1_0.partner_id,b1_0.partner_latitude,b1_0.partner_longitude,b1_0.scheduled_date,b1_0.status,b1_0.total_amount from bookings b1_0 where b1_0.partner_id=?
Hibernate: select spp1_0.id,spp1_0.current_latitude,spp1_0.current_longitude,spp1_0.experience_years,spp1_0.hourly_rate,spp1_0.is_available,spp1_0.is_online,spp1_0.kyc_document_ref,spp1_0.kyc_status,spp1_0.last_location_update,spp1_0.smart_service_score,spp1_0.total_reviews,spp1_0.user_id from partner_profiles spp1_0 where spp1_0.user_id=?
Hibernate: select sc1_0.id,sc1_0.description,sc1_0.icon_url,sc1_0.is_active,sc1_0.name from service_categories sc1_0
Hibernate: select s1_0.profile_id,s1_0.skill from partner_skills s1_0 where s1_0.profile_id=?
Hibernate: select u1_0.id,u1_0.email,u1_0.first_name,u1_0.last_name,u1_0.password,u1_0.phone,u1_0.role from users u1_0 where u1_0.email=?
Hibernate: select u1_0.id,u1_0.email,u1_0.first_name,u1_0.last_name,u1_0.password,u1_0.phone,u1_0.role from users u1_0 where u1_0.email=?
Hibernate: select n1_0.id,n1_0.booking_id,n1_0.created_at,n1_0.is_read,n1_0.message,n1_0.title,n1_0.type,n1_0.user_id from notifications n1_0 where n1_0.user_id=? order by n1_0.created_at desc
Hibernate: select u1_0.id,u1_0.email,u1_0.first_name,u1_0.last_name,u1_0.password,u1_0.phone,u1_0.role from users u1_0 where u1_0.email=?
Hibernate: select u1_0.id,u1_0.email,u1_0.first_name,u1_0.last_name,u1_0.password,u1_0.phone,u1_0.role from users u1_0 where u1_0.email=?
Hibernate: select u1_0.id,u1_0.email,u1_0.first_name,u1_0.last_name,u1_0.password,u1_0.phone,u1_0.role from users u1_0 where u1_0.email=?
Hibernate: select count(n1_0.id) from notifications n1_0 where n1_0.user_id=? and not(n1_0.is_read)
Hibernate: select sc1_0.id,sc1_0.description,sc1_0.icon_url,sc1_0.is_active,sc1_0.name from service_categories sc1_0
Hibernate: select spp1_0.id,spp1_0.current_latitude,spp1_0.current_longitude,spp1_0.experience_years,spp1_0.hourly_rate,spp1_0.is_available,spp1_0.is_online,spp1_0.kyc_document_ref,spp1_0.kyc_status,spp1_0.last_location_update,spp1_0.smart_service_score,spp1_0.total_reviews,spp1_0.user_id from partner_profiles spp1_0 where spp1_0.user_id=?
Hibernate: select u1_0.id,u1_0.email,u1_0.first_name,u1_0.last_name,u1_0.password,u1_0.phone,u1_0.role from users u1_0 where u1_0.email=?
Hibernate: select s1_0.profile_id,s1_0.skill from partner_skills s1_0 where s1_0.profile_id=?
Hibernate: select b1_0.id,b1_0.address_id,b1_0.category_id,b1_0.customer_id,b1_0.customer_latitude,b1_0.customer_longitude,b1_0.is_emergency,b1_0.notes,b1_0.partner_id,b1_0.partner_latitude,b1_0.partner_longitude,b1_0.scheduled_date,b1_0.status,b1_0.total_amount from bookings b1_0 where b1_0.partner_id=?
Hibernate: select u1_0.id,u1_0.email,u1_0.first_name,u1_0.last_name,u1_0.password,u1_0.phone,u1_0.role from users u1_0 where u1_0.email=?
Hibernate: select n1_0.id,n1_0.booking_id,n1_0.created_at,n1_0.is_read,n1_0.message,n1_0.title,n1_0.type,n1_0.user_id from notifications n1_0 where n1_0.user_id=? order by n1_0.created_at desc
Hibernate: select count(n1_0.id) from notifications n1_0 where n1_0.user_id=? and not(n1_0.is_read)
Hibernate: select u1_0.id,u1_0.email,u1_0.first_name,u1_0.last_name,u1_0.password,u1_0.phone,u1_0.role from users u1_0 where u1_0.email=?
Hibernate: select count(n1_0.id) from notifications n1_0 where n1_0.user_id=? and not(n1_0.is_read)
Hibernate: select u1_0.id,u1_0.email,u1_0.first_name,u1_0.last_name,u1_0.password,u1_0.phone,u1_0.role from users u1_0 where u1_0.email=?
Hibernate: select count(n1_0.id) from notifications n1_0 where n1_0.user_id=? and not(n1_0.is_read)
Hibernate: select u1_0.id,u1_0.email,u1_0.first_name,u1_0.last_name,u1_0.password,u1_0.phone,u1_0.role from users u1_0 where u1_0.email=?
Hibernate: select count(n1_0.id) from notifications n1_0 where n1_0.user_id=? and not(n1_0.is_read)
Hibernate: select u1_0.id,u1_0.email,u1_0.first_name,u1_0.last_name,u1_0.password,u1_0.phone,u1_0.role from users u1_0 where u1_0.email=?
Hibernate: select count(n1_0.id) from notifications n1_0 where n1_0.user_id=? and not(n1_0.is_read)
Hibernate: select u1_0.id,u1_0.email,u1_0.first_name,u1_0.last_name,u1_0.password,u1_0.phone,u1_0.role from users u1_0 where u1_0.email=?
Hibernate: select count(n1_0.id) from notifications n1_0 where n1_0.user_id=? and not(n1_0.is_read)
Hibernate: select u1_0.id,u1_0.email,u1_0.first_name,u1_0.last_name,u1_0.password,u1_0.phone,u1_0.role from users u1_0 where u1_0.email=?
Hibernate: select count(n1_0.id) from notifications n1_0 where n1_0.user_id=? and not(n1_0.is_read)
Hibernate: select u1_0.id,u1_0.email,u1_0.first_name,u1_0.last_name,u1_0.password,u1_0.phone,u1_0.role from users u1_0 where u1_0.email=?
Hibernate: select count(n1_0.id) from notifications n1_0 where n1_0.user_id=? and not(n1_0.is_read)
Hibernate: select u1_0.id,u1_0.email,u1_0.first_name,u1_0.last_name,u1_0.password,u1_0.phone,u1_0.role from users u1_0 where u1_0.email=?
Hibernate: select count(n1_0.id) from notifications n1_0 where n1_0.user_id=? and not(n1_0.is_read)
Hibernate: select u1_0.id,u1_0.email,u1_0.first_name,u1_0.last_name,u1_0.password,u1_0.phone,u1_0.role from users u1_0 where u1_0.email=?
Hibernate: select count(n1_0.id) from notifications n1_0 where n1_0.user_id=? and not(n1_0.is_read)
Hibernate: select u1_0.id,u1_0.email,u1_0.first_name,u1_0.last_name,u1_0.password,u1_0.phone,u1_0.role from users u1_0 where u1_0.email=?
Hibernate: select count(n1_0.id) from notifications n1_0 where n1_0.user_id=? and not(n1_0.is_read)
Hibernate: select u1_0.id,u1_0.email,u1_0.first_name,u1_0.last_name,u1_0.password,u1_0.phone,u1_0.role from users u1_0 where u1_0.email=?
Hibernate: select count(n1_0.id) from notifications n1_0 where n1_0.user_id=? and not(n1_0.is_read)
Hibernate: select u1_0.id,u1_0.email,u1_0.first_name,u1_0.last_name,u1_0.password,u1_0.phone,u1_0.role from users u1_0 where u1_0.email=?
Hibernate: select count(n1_0.id) from notifications n1_0 where n1_0.user_id=? and not(n1_0.is_read)
Hibernate: select u1_0.id,u1_0.email,u1_0.first_name,u1_0.last_name,u1_0.password,u1_0.phone,u1_0.role from users u1_0 where u1_0.email=?
Hibernate: select count(n1_0.id) from notifications n1_0 where n1_0.user_id=? and not(n1_0.is_read)
Hibernate: select u1_0.id,u1_0.email,u1_0.first_name,u1_0.last_name,u1_0.password,u1_0.phone,u1_0.role from users u1_0 where u1_0.email=?
Hibernate: select count(n1_0.id) from notifications n1_0 where n1_0.user_id=? and not(n1_0.is_read)
Hibernate: select u1_0.id,u1_0.email,u1_0.first_name,u1_0.last_name,u1_0.password,u1_0.phone,u1_0.role from users u1_0 where u1_0.email=?
Hibernate: select count(n1_0.id) from notifications n1_0 where n1_0.user_id=? and not(n1_0.is_read)
Hibernate: select u1_0.id,u1_0.email,u1_0.first_name,u1_0.last_name,u1_0.password,u1_0.phone,u1_0.role from users u1_0 where u1_0.email=?
Hibernate: select count(n1_0.id) from notifications n1_0 where n1_0.user_id=? and not(n1_0.is_read)
Hibernate: select u1_0.id,u1_0.email,u1_0.first_name,u1_0.last_name,u1_0.password,u1_0.phone,u1_0.role from users u1_0 where u1_0.email=?
Hibernate: select count(n1_0.id) from notifications n1_0 where n1_0.user_id=? and not(n1_0.is_read)
Hibernate: select u1_0.id,u1_0.email,u1_0.first_name,u1_0.last_name,u1_0.password,u1_0.phone,u1_0.role from users u1_0 where u1_0.email=?
Hibernate: select count(n1_0.id) from notifications n1_0 where n1_0.user_id=? and not(n1_0.is_read)
Hibernate: select u1_0.id,u1_0.email,u1_0.first_name,u1_0.last_name,u1_0.password,u1_0.phone,u1_0.role from users u1_0 where u1_0.email=?
Hibernate: select count(n1_0.id) from notifications n1_0 where n1_0.user_id=? and not(n1_0.is_read)
Hibernate: select u1_0.id,u1_0.email,u1_0.first_name,u1_0.last_name,u1_0.password,u1_0.phone,u1_0.role from users u1_0 where u1_0.email=?
Hibernate: select count(n1_0.id) from notifications n1_0 where n1_0.user_id=? and not(n1_0.is_read)
Hibernate: select u1_0.id,u1_0.email,u1_0.first_name,u1_0.last_name,u1_0.password,u1_0.phone,u1_0.role from users u1_0 where u1_0.email=?
Hibernate: select count(n1_0.id) from notifications n1_0 where n1_0.user_id=? and not(n1_0.is_read)
Hibernate: select u1_0.id,u1_0.email,u1_0.first_name,u1_0.last_name,u1_0.password,u1_0.phone,u1_0.role from users u1_0 where u1_0.email=?
Hibernate: select count(n1_0.id) from notifications n1_0 where n1_0.user_id=? and not(n1_0.is_read)
Hibernate: select u1_0.id,u1_0.email,u1_0.first_name,u1_0.last_name,u1_0.password,u1_0.phone,u1_0.role from users u1_0 where u1_0.email=?
Hibernate: select count(n1_0.id) from notifications n1_0 where n1_0.user_id=? and not(n1_0.is_read)
Hibernate: select u1_0.id,u1_0.email,u1_0.first_name,u1_0.last_name,u1_0.password,u1_0.phone,u1_0.role from users u1_0 where u1_0.email=?
Hibernate: select count(n1_0.id) from notifications n1_0 where n1_0.user_id=? and not(n1_0.is_read)
Hibernate: select u1_0.id,u1_0.email,u1_0.first_name,u1_0.last_name,u1_0.password,u1_0.phone,u1_0.role from users u1_0 where u1_0.email=?
Hibernate: select count(n1_0.id) from notifications n1_0 where n1_0.user_id=? and not(n1_0.is_read)
Hibernate: select u1_0.id,u1_0.email,u1_0.first_name,u1_0.last_name,u1_0.password,u1_0.phone,u1_0.role from users u1_0 where u1_0.email=?
Hibernate: select count(n1_0.id) from notifications n1_0 where n1_0.user_id=? and not(n1_0.is_read)
Hibernate: select u1_0.id,u1_0.email,u1_0.first_name,u1_0.last_name,u1_0.password,u1_0.phone,u1_0.role from users u1_0 where u1_0.email=?
Hibernate: select count(n1_0.id) from notifications n1_0 where n1_0.user_id=? and not(n1_0.is_read)
Hibernate: select u1_0.id,u1_0.email,u1_0.first_name,u1_0.last_name,u1_0.password,u1_0.phone,u1_0.role from users u1_0 where u1_0.email=?
Hibernate: select count(n1_0.id) from notifications n1_0 where n1_0.user_id=? and not(n1_0.is_read)
Hibernate: select u1_0.id,u1_0.email,u1_0.first_name,u1_0.last_name,u1_0.password,u1_0.phone,u1_0.role from users u1_0 where u1_0.email=?
Hibernate: select count(n1_0.id) from notifications n1_0 where n1_0.user_id=? and not(n1_0.is_read)
Hibernate: select u1_0.id,u1_0.email,u1_0.first_name,u1_0.last_name,u1_0.password,u1_0.phone,u1_0.role from users u1_0 where u1_0.email=?
Hibernate: select count(n1_0.id) from notifications n1_0 where n1_0.user_id=? and not(n1_0.is_read)
Hibernate: select u1_0.id,u1_0.email,u1_0.first_name,u1_0.last_name,u1_0.password,u1_0.phone,u1_0.role from users u1_0 where u1_0.email=?
Hibernate: select count(n1_0.id) from notifications n1_0 where n1_0.user_id=? and not(n1_0.is_read)
Hibernate: select u1_0.id,u1_0.email,u1_0.first_name,u1_0.last_name,u1_0.password,u1_0.phone,u1_0.role from users u1_0 where u1_0.email=?
Hibernate: select count(n1_0.id) from notifications n1_0 where n1_0.user_id=? and not(n1_0.is_read)
Hibernate: select u1_0.id,u1_0.email,u1_0.first_name,u1_0.last_name,u1_0.password,u1_0.phone,u1_0.role from users u1_0 where u1_0.email=?
Hibernate: select count(n1_0.id) from notifications n1_0 where n1_0.user_id=? and not(n1_0.is_read)
2026-08-18T16:56:46.256+05:30  INFO 20852 --- [fixmate-backend] [trap-executor-0] c.n.d.s.r.aws.ConfigClusterResolver      : Resolving eureka endpoints via configuration
Hibernate: select u1_0.id,u1_0.email,u1_0.first_name,u1_0.last_name,u1_0.password,u1_0.phone,u1_0.role from users u1_0 where u1_0.email=?
Hibernate: select count(n1_0.id) from notifications n1_0 where n1_0.user_id=? and not(n1_0.is_read)
Hibernate: select u1_0.id,u1_0.email,u1_0.first_name,u1_0.last_name,u1_0.password,u1_0.phone,u1_0.role from users u1_0 where u1_0.email=?
Hibernate: select count(n1_0.id) from notifications n1_0 where n1_0.user_id=? and not(n1_0.is_read)
Hibernate: select u1_0.id,u1_0.email,u1_0.first_name,u1_0.last_name,u1_0.password,u1_0.phone,u1_0.role from users u1_0 where u1_0.email=?
Hibernate: select count(n1_0.id) from notifications n1_0 where n1_0.user_id=? and not(n1_0.is_read)
Hibernate: select u1_0.id,u1_0.email,u1_0.first_name,u1_0.last_name,u1_0.password,u1_0.phone,u1_0.role from users u1_0 where u1_0.email=?
Hibernate: select count(n1_0.id) from notifications n1_0 where n1_0.user_id=? and not(n1_0.is_read)
Hibernate: select u1_0.id,u1_0.email,u1_0.first_name,u1_0.last_name,u1_0.password,u1_0.phone,u1_0.role from users u1_0 where u1_0.email=?
Hibernate: select count(n1_0.id) from notifications n1_0 where n1_0.user_id=? and not(n1_0.is_read)
Hibernate: select u1_0.id,u1_0.email,u1_0.first_name,u1_0.last_name,u1_0.password,u1_0.phone,u1_0.role from users u1_0 where u1_0.email=?
Hibernate: select count(n1_0.id) from notifications n1_0 where n1_0.user_id=? and not(n1_0.is_read)
Hibernate: select u1_0.id,u1_0.email,u1_0.first_name,u1_0.last_name,u1_0.password,u1_0.phone,u1_0.role from users u1_0 where u1_0.email=?
Hibernate: select count(n1_0.id) from notifications n1_0 where n1_0.user_id=? and not(n1_0.is_read)
Hibernate: select u1_0.id,u1_0.email,u1_0.first_name,u1_0.last_name,u1_0.password,u1_0.phone,u1_0.role from users u1_0 where u1_0.email=?
Hibernate: select count(n1_0.id) from notifications n1_0 where n1_0.user_id=? and not(n1_0.is_read)
Hibernate: select u1_0.id,u1_0.email,u1_0.first_name,u1_0.last_name,u1_0.password,u1_0.phone,u1_0.role from users u1_0 where u1_0.email=?
Hibernate: select count(n1_0.id) from notifications n1_0 where n1_0.user_id=? and not(n1_0.is_read)
Hibernate: select u1_0.id,u1_0.email,u1_0.first_name,u1_0.last_name,u1_0.password,u1_0.phone,u1_0.role from users u1_0 where u1_0.email=?
Hibernate: select count(n1_0.id) from notifications n1_0 where n1_0.user_id=? and not(n1_0.is_read)
Hibernate: select u1_0.id,u1_0.email,u1_0.first_name,u1_0.last_name,u1_0.password,u1_0.phone,u1_0.role from users u1_0 where u1_0.email=?
Hibernate: select count(n1_0.id) from notifications n1_0 where n1_0.user_id=? and not(n1_0.is_read)
Hibernate: select u1_0.id,u1_0.email,u1_0.first_name,u1_0.last_name,u1_0.password,u1_0.phone,u1_0.role from users u1_0 where u1_0.email=?
Hibernate: select count(n1_0.id) from notifications n1_0 where n1_0.user_id=? and not(n1_0.is_read)
Hibernate: select u1_0.id,u1_0.email,u1_0.first_name,u1_0.last_name,u1_0.password,u1_0.phone,u1_0.role from users u1_0 where u1_0.email=?
Hibernate: select count(n1_0.id) from notifications n1_0 where n1_0.user_id=? and not(n1_0.is_read)
Hibernate: select u1_0.id,u1_0.email,u1_0.first_name,u1_0.last_name,u1_0.password,u1_0.phone,u1_0.role from users u1_0 where u1_0.email=?
Hibernate: select count(n1_0.id) from notifications n1_0 where n1_0.user_id=? and not(n1_0.is_read)
Hibernate: select u1_0.id,u1_0.email,u1_0.first_name,u1_0.last_name,u1_0.password,u1_0.phone,u1_0.role from users u1_0 where u1_0.email=?
Hibernate: select count(n1_0.id) from notifications n1_0 where n1_0.user_id=? and not(n1_0.is_read)
Hibernate: select u1_0.id,u1_0.email,u1_0.first_name,u1_0.last_name,u1_0.password,u1_0.phone,u1_0.role from users u1_0 where u1_0.email=?
Hibernate: select count(n1_0.id) from notifications n1_0 where n1_0.user_id=? and not(n1_0.is_read)
Hibernate: select u1_0.id,u1_0.email,u1_0.first_name,u1_0.last_name,u1_0.password,u1_0.phone,u1_0.role from users u1_0 where u1_0.email=?
Hibernate: select count(n1_0.id) from notifications n1_0 where n1_0.user_id=? and not(n1_0.is_read)
Hibernate: select u1_0.id,u1_0.email,u1_0.first_name,u1_0.last_name,u1_0.password,u1_0.phone,u1_0.role from users u1_0 where u1_0.email=?
Hibernate: select count(n1_0.id) from notifications n1_0 where n1_0.user_id=? and not(n1_0.is_read)
Hibernate: select u1_0.id,u1_0.email,u1_0.first_name,u1_0.last_name,u1_0.password,u1_0.phone,u1_0.role from users u1_0 where u1_0.email=?
Hibernate: select count(n1_0.id) from notifications n1_0 where n1_0.user_id=? and not(n1_0.is_read)
Hibernate: select u1_0.id,u1_0.email,u1_0.first_name,u1_0.last_name,u1_0.password,u1_0.phone,u1_0.role from users u1_0 where u1_0.email=?
Hibernate: select count(n1_0.id) from notifications n1_0 where n1_0.user_id=? and not(n1_0.is_read)
Hibernate: select u1_0.id,u1_0.email,u1_0.first_name,u1_0.last_name,u1_0.password,u1_0.phone,u1_0.role from users u1_0 where u1_0.email=?
Hibernate: select count(n1_0.id) from notifications n1_0 where n1_0.user_id=? and not(n1_0.is_read)
Hibernate: select u1_0.id,u1_0.email,u1_0.first_name,u1_0.last_name,u1_0.password,u1_0.phone,u1_0.role from users u1_0 where u1_0.email=?
Hibernate: select count(n1_0.id) from notifications n1_0 where n1_0.user_id=? and not(n1_0.is_read)
Hibernate: select u1_0.id,u1_0.email,u1_0.first_name,u1_0.last_name,u1_0.password,u1_0.phone,u1_0.role from users u1_0 where u1_0.email=?
Hibernate: select count(n1_0.id) from notifications n1_0 where n1_0.user_id=? and not(n1_0.is_read)
Hibernate: select u1_0.id,u1_0.email,u1_0.first_name,u1_0.last_name,u1_0.password,u1_0.phone,u1_0.role from users u1_0 where u1_0.email=?
Hibernate: select count(n1_0.id) from notifications n1_0 where n1_0.user_id=? and not(n1_0.is_read)
Hibernate: select u1_0.id,u1_0.email,u1_0.first_name,u1_0.last_name,u1_0.password,u1_0.phone,u1_0.role from users u1_0 where u1_0.email=?
Hibernate: select count(n1_0.id) from notifications n1_0 where n1_0.user_id=? and not(n1_0.is_read)
Hibernate: select u1_0.id,u1_0.email,u1_0.first_name,u1_0.last_name,u1_0.password,u1_0.phone,u1_0.role from users u1_0 where u1_0.email=?
Hibernate: select count(n1_0.id) from notifications n1_0 where n1_0.user_id=? and not(n1_0.is_read)
Hibernate: select u1_0.id,u1_0.email,u1_0.first_name,u1_0.last_name,u1_0.password,u1_0.phone,u1_0.role from users u1_0 where u1_0.email=?
Hibernate: select count(n1_0.id) from notifications n1_0 where n1_0.user_id=? and not(n1_0.is_read)
Hibernate: select u1_0.id,u1_0.email,u1_0.first_name,u1_0.last_name,u1_0.password,u1_0.phone,u1_0.role from users u1_0 where u1_0.email=?
Hibernate: select count(n1_0.id) from notifications n1_0 where n1_0.user_id=? and not(n1_0.is_read)
Hibernate: select u1_0.id,u1_0.email,u1_0.first_name,u1_0.last_name,u1_0.password,u1_0.phone,u1_0.role from users u1_0 where u1_0.email=?
Hibernate: select count(n1_0.id) from notifications n1_0 where n1_0.user_id=? and not(n1_0.is_read)
Hibernate: select u1_0.id,u1_0.email,u1_0.first_name,u1_0.last_name,u1_0.password,u1_0.phone,u1_0.role from users u1_0 where u1_0.email=?
Hibernate: select count(n1_0.id) from notifications n1_0 where n1_0.user_id=? and not(n1_0.is_read)
2026-08-18T17:01:46.272+05:30  INFO 20852 --- [fixmate-backend] [trap-executor-0] c.n.d.s.r.aws.ConfigClusterResolver      : Resolving eureka endpoints via configuration
Hibernate: select u1_0.id,u1_0.email,u1_0.first_name,u1_0.last_name,u1_0.password,u1_0.phone,u1_0.role from users u1_0 where u1_0.email=?
Hibernate: select count(n1_0.id) from notifications n1_0 where n1_0.user_id=? and not(n1_0.is_read)
Hibernate: select u1_0.id,u1_0.email,u1_0.first_name,u1_0.last_name,u1_0.password,u1_0.phone,u1_0.role from users u1_0 where u1_0.email=?
Hibernate: select count(n1_0.id) from notifications n1_0 where n1_0.user_id=? and not(n1_0.is_read)
Hibernate: select u1_0.id,u1_0.email,u1_0.first_name,u1_0.last_name,u1_0.password,u1_0.phone,u1_0.role from users u1_0 where u1_0.email=?
Hibernate: select count(n1_0.id) from notifications n1_0 where n1_0.user_id=? and not(n1_0.is_read)
Hibernate: select u1_0.id,u1_0.email,u1_0.first_name,u1_0.last_name,u1_0.password,u1_0.phone,u1_0.role from users u1_0 where u1_0.email=?
Hibernate: select count(n1_0.id) from notifications n1_0 where n1_0.user_id=? and not(n1_0.is_read)
Hibernate: select u1_0.id,u1_0.email,u1_0.first_name,u1_0.last_name,u1_0.password,u1_0.phone,u1_0.role from users u1_0 where u1_0.email=?
Hibernate: select count(n1_0.id) from notifications n1_0 where n1_0.user_id=? and not(n1_0.is_read)
2026-08-18T17:06:46.326+05:30  INFO 20852 --- [fixmate-backend] [trap-executor-0] c.n.d.s.r.aws.ConfigClusterResolver      : Resolving eureka endpoints via configuration
Hibernate: select u1_0.id,u1_0.email,u1_0.first_name,u1_0.last_name,u1_0.password,u1_0.phone,u1_0.role from users u1_0 where u1_0.email=?
Hibernate: select count(n1_0.id) from notifications n1_0 where n1_0.user_id=? and not(n1_0.is_read)
Hibernate: select u1_0.id,u1_0.email,u1_0.first_name,u1_0.last_name,u1_0.password,u1_0.phone,u1_0.role from users u1_0 where u1_0.email=?
Hibernate: select count(n1_0.id) from notifications n1_0 where n1_0.user_id=? and not(n1_0.is_read)
Hibernate: select u1_0.id,u1_0.email,u1_0.first_name,u1_0.last_name,u1_0.password,u1_0.phone,u1_0.role from users u1_0 where u1_0.email=?
Hibernate: select count(n1_0.id) from notifications n1_0 where n1_0.user_id=? and not(n1_0.is_read)
Hibernate: select u1_0.id,u1_0.email,u1_0.first_name,u1_0.last_name,u1_0.password,u1_0.phone,u1_0.role from users u1_0 where u1_0.email=?
Hibernate: select count(n1_0.id) from notifications n1_0 where n1_0.user_id=? and not(n1_0.is_read)
Hibernate: select u1_0.id,u1_0.email,u1_0.first_name,u1_0.last_name,u1_0.password,u1_0.phone,u1_0.role from users u1_0 where u1_0.email=?
Hibernate: select count(n1_0.id) from notifications n1_0 where n1_0.user_id=? and not(n1_0.is_read)
Hibernate: select u1_0.id,u1_0.email,u1_0.first_name,u1_0.last_name,u1_0.password,u1_0.phone,u1_0.role from users u1_0 where u1_0.email=?
Hibernate: select count(n1_0.id) from notifications n1_0 where n1_0.user_id=? and not(n1_0.is_read)
Hibernate: select u1_0.id,u1_0.email,u1_0.first_name,u1_0.last_name,u1_0.password,u1_0.phone,u1_0.role from users u1_0 where u1_0.email=?
Hibernate: select count(n1_0.id) from notifications n1_0 where n1_0.user_id=? and not(n1_0.is_read)
Hibernate: select u1_0.id,u1_0.email,u1_0.first_name,u1_0.last_name,u1_0.password,u1_0.phone,u1_0.role from users u1_0 where u1_0.email=?
Hibernate: select count(n1_0.id) from notifications n1_0 where n1_0.user_id=? and not(n1_0.is_read)
Hibernate: select u1_0.id,u1_0.email,u1_0.first_name,u1_0.last_name,u1_0.password,u1_0.phone,u1_0.role from users u1_0 where u1_0.email=?
Hibernate: select count(n1_0.id) from notifications n1_0 where n1_0.user_id=? and not(n1_0.is_read)
Hibernate: select u1_0.id,u1_0.email,u1_0.first_name,u1_0.last_name,u1_0.password,u1_0.phone,u1_0.role from users u1_0 where u1_0.email=?
Hibernate: select count(n1_0.id) from notifications n1_0 where n1_0.user_id=? and not(n1_0.is_read)
Hibernate: select u1_0.id,u1_0.email,u1_0.first_name,u1_0.last_name,u1_0.password,u1_0.phone,u1_0.role from users u1_0 where u1_0.email=?
Hibernate: select count(n1_0.id) from notifications n1_0 where n1_0.user_id=? and not(n1_0.is_read)
Hibernate: select u1_0.id,u1_0.email,u1_0.first_name,u1_0.last_name,u1_0.password,u1_0.phone,u1_0.role from users u1_0 where u1_0.email=?
Hibernate: select count(n1_0.id) from notifications n1_0 where n1_0.user_id=? and not(n1_0.is_read)
Hibernate: select u1_0.id,u1_0.email,u1_0.first_name,u1_0.last_name,u1_0.password,u1_0.phone,u1_0.role from users u1_0 where u1_0.email=?
Hibernate: select count(n1_0.id) from notifications n1_0 where n1_0.user_id=? and not(n1_0.is_read)
Hibernate: select u1_0.id,u1_0.email,u1_0.first_name,u1_0.last_name,u1_0.password,u1_0.phone,u1_0.role from users u1_0 where u1_0.email=?
Hibernate: select count(n1_0.id) from notifications n1_0 where n1_0.user_id=? and not(n1_0.is_read)
Hibernate: select u1_0.id,u1_0.email,u1_0.first_name,u1_0.last_name,u1_0.password,u1_0.phone,u1_0.role from users u1_0 where u1_0.email=?
Hibernate: select count(n1_0.id) from notifications n1_0 where n1_0.user_id=? and not(n1_0.is_read)
Hibernate: select u1_0.id,u1_0.email,u1_0.first_name,u1_0.last_name,u1_0.password,u1_0.phone,u1_0.role from users u1_0 where u1_0.email=?
Hibernate: select u1_0.id,u1_0.email,u1_0.first_name,u1_0.last_name,u1_0.password,u1_0.phone,u1_0.role from users u1_0 where u1_0.email=?
Hibernate: select u1_0.id,u1_0.email,u1_0.first_name,u1_0.last_name,u1_0.password,u1_0.phone,u1_0.role from users u1_0 where u1_0.email=?
Hibernate: select u1_0.id,u1_0.email,u1_0.first_name,u1_0.last_name,u1_0.password,u1_0.phone,u1_0.role from users u1_0 where u1_0.email=?
Hibernate: select u1_0.id,u1_0.email,u1_0.first_name,u1_0.last_name,u1_0.password,u1_0.phone,u1_0.role from users u1_0 where u1_0.email=?
Hibernate: select u1_0.id,u1_0.email,u1_0.first_name,u1_0.last_name,u1_0.password,u1_0.phone,u1_0.role from users u1_0 where u1_0.email=?
Hibernate: select u1_0.id,u1_0.email,u1_0.first_name,u1_0.last_name,u1_0.password,u1_0.phone,u1_0.role from users u1_0 where u1_0.email=?
Hibernate: select u1_0.id,u1_0.email,u1_0.first_name,u1_0.last_name,u1_0.password,u1_0.phone,u1_0.role from users u1_0 where u1_0.email=?
Hibernate: select b1_0.id,b1_0.address_id,b1_0.category_id,b1_0.customer_id,b1_0.customer_latitude,b1_0.customer_longitude,b1_0.is_emergency,b1_0.notes,b1_0.partner_id,b1_0.partner_latitude,b1_0.partner_longitude,b1_0.scheduled_date,b1_0.status,b1_0.total_amount from bookings b1_0 where b1_0.partner_id=?
Hibernate: select count(n1_0.id) from notifications n1_0 where n1_0.user_id=? and not(n1_0.is_read)
Hibernate: select spp1_0.id,spp1_0.current_latitude,spp1_0.current_longitude,spp1_0.experience_years,spp1_0.hourly_rate,spp1_0.is_available,spp1_0.is_online,spp1_0.kyc_document_ref,spp1_0.kyc_status,spp1_0.last_location_update,spp1_0.smart_service_score,spp1_0.total_reviews,spp1_0.user_id from partner_profiles spp1_0 where spp1_0.user_id=?
Hibernate: select n1_0.id,n1_0.booking_id,n1_0.created_at,n1_0.is_read,n1_0.message,n1_0.title,n1_0.type,n1_0.user_id from notifications n1_0 where n1_0.user_id=? order by n1_0.created_at desc
Hibernate: select sc1_0.id,sc1_0.description,sc1_0.icon_url,sc1_0.is_active,sc1_0.name from service_categories sc1_0
Hibernate: select s1_0.profile_id,s1_0.skill from partner_skills s1_0 where s1_0.profile_id=?
Hibernate: select u1_0.id,u1_0.email,u1_0.first_name,u1_0.last_name,u1_0.password,u1_0.phone,u1_0.role from users u1_0 where u1_0.email=?
Hibernate: select u1_0.id,u1_0.email,u1_0.first_name,u1_0.last_name,u1_0.password,u1_0.phone,u1_0.role from users u1_0 where u1_0.email=?
Hibernate: select u1_0.id,u1_0.email,u1_0.first_name,u1_0.last_name,u1_0.password,u1_0.phone,u1_0.role from users u1_0 where u1_0.email=?
Hibernate: select u1_0.id,u1_0.email,u1_0.first_name,u1_0.last_name,u1_0.password,u1_0.phone,u1_0.role from users u1_0 where u1_0.email=?
Hibernate: select u1_0.id,u1_0.email,u1_0.first_name,u1_0.last_name,u1_0.password,u1_0.phone,u1_0.role from users u1_0 where u1_0.email=?
Hibernate: select count(n1_0.id) from notifications n1_0 where n1_0.user_id=? and not(n1_0.is_read)
Hibernate: select b1_0.id,b1_0.address_id,b1_0.category_id,b1_0.customer_id,b1_0.customer_latitude,b1_0.customer_longitude,b1_0.is_emergency,b1_0.notes,b1_0.partner_id,b1_0.partner_latitude,b1_0.partner_longitude,b1_0.scheduled_date,b1_0.status,b1_0.total_amount from bookings b1_0 where b1_0.partner_id=?
Hibernate: select spp1_0.id,spp1_0.current_latitude,spp1_0.current_longitude,spp1_0.experience_years,spp1_0.hourly_rate,spp1_0.is_available,spp1_0.is_online,spp1_0.kyc_document_ref,spp1_0.kyc_status,spp1_0.last_location_update,spp1_0.smart_service_score,spp1_0.total_reviews,spp1_0.user_id from partner_profiles spp1_0 where spp1_0.user_id=?
Hibernate: select n1_0.id,n1_0.booking_id,n1_0.created_at,n1_0.is_read,n1_0.message,n1_0.title,n1_0.type,n1_0.user_id from notifications n1_0 where n1_0.user_id=? order by n1_0.created_at desc
Hibernate: select sc1_0.id,sc1_0.description,sc1_0.icon_url,sc1_0.is_active,sc1_0.name from service_categories sc1_0
Hibernate: select s1_0.profile_id,s1_0.skill from partner_skills s1_0 where s1_0.profile_id=?
Hibernate: select u1_0.id,u1_0.email,u1_0.first_name,u1_0.last_name,u1_0.password,u1_0.phone,u1_0.role from users u1_0 where u1_0.email=?
Hibernate: select count(n1_0.id) from notifications n1_0 where n1_0.user_id=? and not(n1_0.is_read)
Hibernate: select u1_0.id,u1_0.email,u1_0.first_name,u1_0.last_name,u1_0.password,u1_0.phone,u1_0.role from users u1_0 where u1_0.email=?
Hibernate: select count(n1_0.id) from notifications n1_0 where n1_0.user_id=? and not(n1_0.is_read)
Hibernate: select u1_0.id,u1_0.email,u1_0.first_name,u1_0.last_name,u1_0.password,u1_0.phone,u1_0.role from users u1_0 where u1_0.email=?
Hibernate: select count(n1_0.id) from notifications n1_0 where n1_0.user_id=? and not(n1_0.is_read)
Hibernate: select u1_0.id,u1_0.email,u1_0.first_name,u1_0.last_name,u1_0.password,u1_0.phone,u1_0.role from users u1_0 where u1_0.email=?
Hibernate: select count(n1_0.id) from notifications n1_0 where n1_0.user_id=? and not(n1_0.is_read)
Hibernate: select u1_0.id,u1_0.email,u1_0.first_name,u1_0.last_name,u1_0.password,u1_0.phone,u1_0.role from users u1_0 where u1_0.email=?
Hibernate: select count(n1_0.id) from notifications n1_0 where n1_0.user_id=? and not(n1_0.is_read)
Hibernate: select u1_0.id,u1_0.email,u1_0.first_name,u1_0.last_name,u1_0.password,u1_0.phone,u1_0.role from users u1_0 where u1_0.email=?
Hibernate: select count(n1_0.id) from notifications n1_0 where n1_0.user_id=? and not(n1_0.is_read)
Hibernate: select u1_0.id,u1_0.email,u1_0.first_name,u1_0.last_name,u1_0.password,u1_0.phone,u1_0.role from users u1_0 where u1_0.email=?
Hibernate: select u1_0.id,u1_0.email,u1_0.first_name,u1_0.last_name,u1_0.password,u1_0.phone,u1_0.role from users u1_0 where u1_0.email=?
Hibernate: select u1_0.id,u1_0.email,u1_0.first_name,u1_0.last_name,u1_0.password,u1_0.phone,u1_0.role from users u1_0 where u1_0.email=?
Hibernate: select u1_0.id,u1_0.email,u1_0.first_name,u1_0.last_name,u1_0.password,u1_0.phone,u1_0.role from users u1_0 where u1_0.email=?
Hibernate: select u1_0.id,u1_0.email,u1_0.first_name,u1_0.last_name,u1_0.password,u1_0.phone,u1_0.role from users u1_0 where u1_0.email=?
Hibernate: select b1_0.id,b1_0.address_id,b1_0.category_id,b1_0.customer_id,b1_0.customer_latitude,b1_0.customer_longitude,b1_0.is_emergency,b1_0.notes,b1_0.partner_id,b1_0.partner_latitude,b1_0.partner_longitude,b1_0.scheduled_date,b1_0.status,b1_0.total_amount from bookings b1_0 where b1_0.customer_id=?
Hibernate: select sc1_0.id,sc1_0.description,sc1_0.icon_url,sc1_0.is_active,sc1_0.name from service_categories sc1_0
Hibernate: select u1_0.id,u1_0.email,u1_0.first_name,u1_0.last_name,u1_0.password,u1_0.phone,u1_0.role from users u1_0 where u1_0.id=?
Hibernate: select u1_0.id,u1_0.email,u1_0.first_name,u1_0.last_name,u1_0.password,u1_0.phone,u1_0.role from users u1_0 where u1_0.id=?
Hibernate: select sc1_0.id,sc1_0.description,sc1_0.icon_url,sc1_0.is_active,sc1_0.name from service_categories sc1_0 where sc1_0.id=?
Hibernate: select a1_0.id,a1_0.city,a1_0.country,a1_0.is_default,a1_0.latitude,a1_0.longitude,a1_0.state,a1_0.street,a1_0.user_id,a1_0.zip_code from addresses a1_0 where a1_0.id=?
Hibernate: select u1_0.id,u1_0.email,u1_0.first_name,u1_0.last_name,u1_0.password,u1_0.phone,u1_0.role from users u1_0 where u1_0.id=?
Hibernate: select u1_0.id,u1_0.email,u1_0.first_name,u1_0.last_name,u1_0.password,u1_0.phone,u1_0.role from users u1_0 where u1_0.email=?
Hibernate: select sc1_0.id,sc1_0.description,sc1_0.icon_url,sc1_0.is_active,sc1_0.name from service_categories sc1_0
Hibernate: select u1_0.id,u1_0.email,u1_0.first_name,u1_0.last_name,u1_0.password,u1_0.phone,u1_0.role from users u1_0 where u1_0.email=?
Hibernate: select b1_0.id,b1_0.address_id,b1_0.category_id,b1_0.customer_id,b1_0.customer_latitude,b1_0.customer_longitude,b1_0.is_emergency,b1_0.notes,b1_0.partner_id,b1_0.partner_latitude,b1_0.partner_longitude,b1_0.scheduled_date,b1_0.status,b1_0.total_amount from bookings b1_0 where b1_0.customer_id=?
Hibernate: select u1_0.id,u1_0.email,u1_0.first_name,u1_0.last_name,u1_0.password,u1_0.phone,u1_0.role from users u1_0 where u1_0.id=?
Hibernate: select u1_0.id,u1_0.email,u1_0.first_name,u1_0.last_name,u1_0.password,u1_0.phone,u1_0.role from users u1_0 where u1_0.id=?
Hibernate: select sc1_0.id,sc1_0.description,sc1_0.icon_url,sc1_0.is_active,sc1_0.name from service_categories sc1_0 where sc1_0.id=?
Hibernate: select a1_0.id,a1_0.city,a1_0.country,a1_0.is_default,a1_0.latitude,a1_0.longitude,a1_0.state,a1_0.street,a1_0.user_id,a1_0.zip_code from addresses a1_0 where a1_0.id=?
Hibernate: select u1_0.id,u1_0.email,u1_0.first_name,u1_0.last_name,u1_0.password,u1_0.phone,u1_0.role from users u1_0 where u1_0.id=?
Hibernate: select u1_0.id,u1_0.email,u1_0.first_name,u1_0.last_name,u1_0.password,u1_0.phone,u1_0.role from users u1_0 where u1_0.email=?
Hibernate: select count(n1_0.id) from notifications n1_0 where n1_0.user_id=? and not(n1_0.is_read)
Hibernate: select u1_0.id,u1_0.email,u1_0.first_name,u1_0.last_name,u1_0.password,u1_0.phone,u1_0.role from users u1_0 where u1_0.email=?
Hibernate: select count(n1_0.id) from notifications n1_0 where n1_0.user_id=? and not(n1_0.is_read)
Hibernate: select u1_0.id,u1_0.email,u1_0.first_name,u1_0.last_name,u1_0.password,u1_0.phone,u1_0.role from users u1_0 where u1_0.email=?
Hibernate: select count(n1_0.id) from notifications n1_0 where n1_0.user_id=? and not(n1_0.is_read)
Hibernate: select u1_0.id,u1_0.email,u1_0.first_name,u1_0.last_name,u1_0.password,u1_0.phone,u1_0.role from users u1_0 where u1_0.email=?
Hibernate: select count(n1_0.id) from notifications n1_0 where n1_0.user_id=? and not(n1_0.is_read)
Hibernate: select u1_0.id,u1_0.email,u1_0.first_name,u1_0.last_name,u1_0.password,u1_0.phone,u1_0.role from users u1_0 where u1_0.email=?
Hibernate: select count(n1_0.id) from notifications n1_0 where n1_0.user_id=? and not(n1_0.is_read)
Hibernate: select u1_0.id,u1_0.email,u1_0.first_name,u1_0.last_name,u1_0.password,u1_0.phone,u1_0.role from users u1_0 where u1_0.email=?
Hibernate: select u1_0.id,u1_0.email,u1_0.first_name,u1_0.last_name,u1_0.password,u1_0.phone,u1_0.role from users u1_0 where u1_0.email=?
Hibernate: select u1_0.id,u1_0.email,u1_0.first_name,u1_0.last_name,u1_0.password,u1_0.phone,u1_0.role from users u1_0 where u1_0.email=?
Hibernate: select u1_0.id,u1_0.email,u1_0.first_name,u1_0.last_name,u1_0.password,u1_0.phone,u1_0.role from users u1_0 where u1_0.email=?
Hibernate: select u1_0.id,u1_0.email,u1_0.first_name,u1_0.last_name,u1_0.password,u1_0.phone,u1_0.role from users u1_0 where u1_0.email=?
Hibernate: select u1_0.id,u1_0.email,u1_0.first_name,u1_0.last_name,u1_0.password,u1_0.phone,u1_0.role from users u1_0 where u1_0.email=?
Hibernate: select u1_0.id,u1_0.email,u1_0.first_name,u1_0.last_name,u1_0.password,u1_0.phone,u1_0.role from users u1_0 where u1_0.email=?
Hibernate: select n1_0.id,n1_0.booking_id,n1_0.created_at,n1_0.is_read,n1_0.message,n1_0.title,n1_0.type,n1_0.user_id from notifications n1_0 where n1_0.user_id=? order by n1_0.created_at desc
Hibernate: select b1_0.id,b1_0.address_id,b1_0.category_id,b1_0.customer_id,b1_0.customer_latitude,b1_0.customer_longitude,b1_0.is_emergency,b1_0.notes,b1_0.partner_id,b1_0.partner_latitude,b1_0.partner_longitude,b1_0.scheduled_date,b1_0.status,b1_0.total_amount from bookings b1_0 where b1_0.partner_id=?
Hibernate: select count(n1_0.id) from notifications n1_0 where n1_0.user_id=? and not(n1_0.is_read)
Hibernate: select spp1_0.id,spp1_0.current_latitude,spp1_0.current_longitude,spp1_0.experience_years,spp1_0.hourly_rate,spp1_0.is_available,spp1_0.is_online,spp1_0.kyc_document_ref,spp1_0.kyc_status,spp1_0.last_location_update,spp1_0.smart_service_score,spp1_0.total_reviews,spp1_0.user_id from partner_profiles spp1_0 where spp1_0.user_id=?
Hibernate: select u1_0.id,u1_0.email,u1_0.first_name,u1_0.last_name,u1_0.password,u1_0.phone,u1_0.role from users u1_0 where u1_0.id=?
Hibernate: select sc1_0.id,sc1_0.description,sc1_0.icon_url,sc1_0.is_active,sc1_0.name from service_categories sc1_0
Hibernate: select u1_0.id,u1_0.email,u1_0.first_name,u1_0.last_name,u1_0.password,u1_0.phone,u1_0.role from users u1_0 where u1_0.id=?
Hibernate: select s1_0.profile_id,s1_0.skill from partner_skills s1_0 where s1_0.profile_id=?
Hibernate: select sc1_0.id,sc1_0.description,sc1_0.icon_url,sc1_0.is_active,sc1_0.name from service_categories sc1_0 where sc1_0.id=?
Hibernate: select a1_0.id,a1_0.city,a1_0.country,a1_0.is_default,a1_0.latitude,a1_0.longitude,a1_0.state,a1_0.street,a1_0.user_id,a1_0.zip_code from addresses a1_0 where a1_0.id=?
Hibernate: select u1_0.id,u1_0.email,u1_0.first_name,u1_0.last_name,u1_0.password,u1_0.phone,u1_0.role from users u1_0 where u1_0.email=?
Hibernate: select u1_0.id,u1_0.email,u1_0.first_name,u1_0.last_name,u1_0.password,u1_0.phone,u1_0.role from users u1_0 where u1_0.email=?
Hibernate: select u1_0.id,u1_0.email,u1_0.first_name,u1_0.last_name,u1_0.password,u1_0.phone,u1_0.role from users u1_0 where u1_0.email=?
Hibernate: select u1_0.id,u1_0.email,u1_0.first_name,u1_0.last_name,u1_0.password,u1_0.phone,u1_0.role from users u1_0 where u1_0.email=?
Hibernate: select u1_0.id,u1_0.email,u1_0.first_name,u1_0.last_name,u1_0.password,u1_0.phone,u1_0.role from users u1_0 where u1_0.email=?
Hibernate: select n1_0.id,n1_0.booking_id,n1_0.created_at,n1_0.is_read,n1_0.message,n1_0.title,n1_0.type,n1_0.user_id from notifications n1_0 where n1_0.user_id=? order by n1_0.created_at desc
Hibernate: select count(n1_0.id) from notifications n1_0 where n1_0.user_id=? and not(n1_0.is_read)
Hibernate: select sc1_0.id,sc1_0.description,sc1_0.icon_url,sc1_0.is_active,sc1_0.name from service_categories sc1_0
Hibernate: select b1_0.id,b1_0.address_id,b1_0.category_id,b1_0.customer_id,b1_0.customer_latitude,b1_0.customer_longitude,b1_0.is_emergency,b1_0.notes,b1_0.partner_id,b1_0.partner_latitude,b1_0.partner_longitude,b1_0.scheduled_date,b1_0.status,b1_0.total_amount from bookings b1_0 where b1_0.partner_id=?
Hibernate: select spp1_0.id,spp1_0.current_latitude,spp1_0.current_longitude,spp1_0.experience_years,spp1_0.hourly_rate,spp1_0.is_available,spp1_0.is_online,spp1_0.kyc_document_ref,spp1_0.kyc_status,spp1_0.last_location_update,spp1_0.smart_service_score,spp1_0.total_reviews,spp1_0.user_id from partner_profiles spp1_0 where spp1_0.user_id=?
Hibernate: select u1_0.id,u1_0.email,u1_0.first_name,u1_0.last_name,u1_0.password,u1_0.phone,u1_0.role from users u1_0 where u1_0.id=?
Hibernate: select s1_0.profile_id,s1_0.skill from partner_skills s1_0 where s1_0.profile_id=?
Hibernate: select u1_0.id,u1_0.email,u1_0.first_name,u1_0.last_name,u1_0.password,u1_0.phone,u1_0.role from users u1_0 where u1_0.id=?
Hibernate: select sc1_0.id,sc1_0.description,sc1_0.icon_url,sc1_0.is_active,sc1_0.name from service_categories sc1_0 where sc1_0.id=?
Hibernate: select a1_0.id,a1_0.city,a1_0.country,a1_0.is_default,a1_0.latitude,a1_0.longitude,a1_0.state,a1_0.street,a1_0.user_id,a1_0.zip_code from addresses a1_0 where a1_0.id=?
Hibernate: select u1_0.id,u1_0.email,u1_0.first_name,u1_0.last_name,u1_0.password,u1_0.phone,u1_0.role from users u1_0 where u1_0.email=?
Hibernate: select count(n1_0.id) from notifications n1_0 where n1_0.user_id=? and not(n1_0.is_read)
Hibernate: select u1_0.id,u1_0.email,u1_0.first_name,u1_0.last_name,u1_0.password,u1_0.phone,u1_0.role from users u1_0 where u1_0.email=?
Hibernate: select count(n1_0.id) from notifications n1_0 where n1_0.user_id=? and not(n1_0.is_read)
Hibernate: select u1_0.id,u1_0.email,u1_0.first_name,u1_0.last_name,u1_0.password,u1_0.phone,u1_0.role from users u1_0 where u1_0.email=?
Hibernate: select count(n1_0.id) from notifications n1_0 where n1_0.user_id=? and not(n1_0.is_read)
Hibernate: select u1_0.id,u1_0.email,u1_0.first_name,u1_0.last_name,u1_0.password,u1_0.phone,u1_0.role from users u1_0 where u1_0.email=?
Hibernate: select spp1_0.id,spp1_0.current_latitude,spp1_0.current_longitude,spp1_0.experience_years,spp1_0.hourly_rate,spp1_0.is_available,spp1_0.is_online,spp1_0.kyc_document_ref,spp1_0.kyc_status,spp1_0.last_location_update,spp1_0.smart_service_score,spp1_0.total_reviews,spp1_0.user_id from partner_profiles spp1_0 where spp1_0.user_id=?
Hibernate: update partner_profiles set current_latitude=?,current_longitude=?,experience_years=?,hourly_rate=?,is_available=?,is_online=?,kyc_document_ref=?,kyc_status=?,last_location_update=?,smart_service_score=?,total_reviews=?,user_id=? where id=?
Hibernate: select s1_0.profile_id,s1_0.skill from partner_skills s1_0 where s1_0.profile_id=?
Hibernate: select u1_0.id,u1_0.email,u1_0.first_name,u1_0.last_name,u1_0.password,u1_0.phone,u1_0.role from users u1_0 where u1_0.email=?
Hibernate: select count(n1_0.id) from notifications n1_0 where n1_0.user_id=? and not(n1_0.is_read)
Hibernate: select u1_0.id,u1_0.email,u1_0.first_name,u1_0.last_name,u1_0.password,u1_0.phone,u1_0.role from users u1_0 where u1_0.email=?
Hibernate: select count(n1_0.id) from notifications n1_0 where n1_0.user_id=? and not(n1_0.is_read)
Hibernate: select u1_0.id,u1_0.email,u1_0.first_name,u1_0.last_name,u1_0.password,u1_0.phone,u1_0.role from users u1_0 where u1_0.email=?
Hibernate: select count(n1_0.id) from notifications n1_0 where n1_0.user_id=? and not(n1_0.is_read)
Hibernate: select u1_0.id,u1_0.email,u1_0.first_name,u1_0.last_name,u1_0.password,u1_0.phone,u1_0.role from users u1_0 where u1_0.email=?
Hibernate: select spp1_0.id,spp1_0.current_latitude,spp1_0.current_longitude,spp1_0.experience_years,spp1_0.hourly_rate,spp1_0.is_available,spp1_0.is_online,spp1_0.kyc_document_ref,spp1_0.kyc_status,spp1_0.last_location_update,spp1_0.smart_service_score,spp1_0.total_reviews,spp1_0.user_id from partner_profiles spp1_0 where spp1_0.user_id=?
Hibernate: update partner_profiles set current_latitude=?,current_longitude=?,experience_years=?,hourly_rate=?,is_available=?,is_online=?,kyc_document_ref=?,kyc_status=?,last_location_update=?,smart_service_score=?,total_reviews=?,user_id=? where id=?
Hibernate: select s1_0.profile_id,s1_0.skill from partner_skills s1_0 where s1_0.profile_id=?
Hibernate: select u1_0.id,u1_0.email,u1_0.first_name,u1_0.last_name,u1_0.password,u1_0.phone,u1_0.role from users u1_0 where u1_0.email=?
Hibernate: select count(n1_0.id) from notifications n1_0 where n1_0.user_id=? and not(n1_0.is_read)
Hibernate: select u1_0.id,u1_0.email,u1_0.first_name,u1_0.last_name,u1_0.password,u1_0.phone,u1_0.role from users u1_0 where u1_0.email=?
Hibernate: select count(n1_0.id) from notifications n1_0 where n1_0.user_id=? and not(n1_0.is_read)
Hibernate: select u1_0.id,u1_0.email,u1_0.first_name,u1_0.last_name,u1_0.password,u1_0.phone,u1_0.role from users u1_0 where u1_0.email=?
Hibernate: select count(n1_0.id) from notifications n1_0 where n1_0.user_id=? and not(n1_0.is_read)
Hibernate: select u1_0.id,u1_0.email,u1_0.first_name,u1_0.last_name,u1_0.password,u1_0.phone,u1_0.role from users u1_0 where u1_0.email=?
Hibernate: select count(n1_0.id) from notifications n1_0 where n1_0.user_id=? and not(n1_0.is_read)
Hibernate: select u1_0.id,u1_0.email,u1_0.first_name,u1_0.last_name,u1_0.password,u1_0.phone,u1_0.role from users u1_0 where u1_0.email=?
Hibernate: select spp1_0.id,spp1_0.current_latitude,spp1_0.current_longitude,spp1_0.experience_years,spp1_0.hourly_rate,spp1_0.is_available,spp1_0.is_online,spp1_0.kyc_document_ref,spp1_0.kyc_status,spp1_0.last_location_update,spp1_0.smart_service_score,spp1_0.total_reviews,spp1_0.user_id from partner_profiles spp1_0 where spp1_0.user_id=?
Hibernate: update partner_profiles set current_latitude=?,current_longitude=?,experience_years=?,hourly_rate=?,is_available=?,is_online=?,kyc_document_ref=?,kyc_status=?,last_location_update=?,smart_service_score=?,total_reviews=?,user_id=? where id=?
Hibernate: select s1_0.profile_id,s1_0.skill from partner_skills s1_0 where s1_0.profile_id=?
Hibernate: select u1_0.id,u1_0.email,u1_0.first_name,u1_0.last_name,u1_0.password,u1_0.phone,u1_0.role from users u1_0 where u1_0.email=?
Hibernate: select count(n1_0.id) from notifications n1_0 where n1_0.user_id=? and not(n1_0.is_read)
Hibernate: select u1_0.id,u1_0.email,u1_0.first_name,u1_0.last_name,u1_0.password,u1_0.phone,u1_0.role from users u1_0 where u1_0.email=?
Hibernate: select spp1_0.id,spp1_0.current_latitude,spp1_0.current_longitude,spp1_0.experience_years,spp1_0.hourly_rate,spp1_0.is_available,spp1_0.is_online,spp1_0.kyc_document_ref,spp1_0.kyc_status,spp1_0.last_location_update,spp1_0.smart_service_score,spp1_0.total_reviews,spp1_0.user_id from partner_profiles spp1_0 where spp1_0.user_id=?
Hibernate: update partner_profiles set current_latitude=?,current_longitude=?,experience_years=?,hourly_rate=?,is_available=?,is_online=?,kyc_document_ref=?,kyc_status=?,last_location_update=?,smart_service_score=?,total_reviews=?,user_id=? where id=?
Hibernate: select s1_0.profile_id,s1_0.skill from partner_skills s1_0 where s1_0.profile_id=?
Hibernate: select u1_0.id,u1_0.email,u1_0.first_name,u1_0.last_name,u1_0.password,u1_0.phone,u1_0.role from users u1_0 where u1_0.email=?
Hibernate: select count(n1_0.id) from notifications n1_0 where n1_0.user_id=? and not(n1_0.is_read)
Hibernate: select u1_0.id,u1_0.email,u1_0.first_name,u1_0.last_name,u1_0.password,u1_0.phone,u1_0.role from users u1_0 where u1_0.email=?
Hibernate: select count(n1_0.id) from notifications n1_0 where n1_0.user_id=? and not(n1_0.is_read)
Hibernate: select u1_0.id,u1_0.email,u1_0.first_name,u1_0.last_name,u1_0.password,u1_0.phone,u1_0.role from users u1_0 where u1_0.email=?
Hibernate: select count(n1_0.id) from notifications n1_0 where n1_0.user_id=? and not(n1_0.is_read)
Hibernate: select u1_0.id,u1_0.email,u1_0.first_name,u1_0.last_name,u1_0.password,u1_0.phone,u1_0.role from users u1_0 where u1_0.email=?
Hibernate: select count(n1_0.id) from notifications n1_0 where n1_0.user_id=? and not(n1_0.is_read)
Hibernate: select u1_0.id,u1_0.email,u1_0.first_name,u1_0.last_name,u1_0.password,u1_0.phone,u1_0.role from users u1_0 where u1_0.email=?
Hibernate: select count(n1_0.id) from notifications n1_0 where n1_0.user_id=? and not(n1_0.is_read)
Hibernate: select u1_0.id,u1_0.email,u1_0.first_name,u1_0.last_name,u1_0.password,u1_0.phone,u1_0.role from users u1_0 where u1_0.email=?
Hibernate: select count(n1_0.id) from notifications n1_0 where n1_0.user_id=? and not(n1_0.is_read)
2026-08-18T17:11:46.375+05:30  INFO 20852 --- [fixmate-backend] [trap-executor-0] c.n.d.s.r.aws.ConfigClusterResolver      : Resolving eureka endpoints via configuration
Hibernate: select u1_0.id,u1_0.email,u1_0.first_name,u1_0.last_name,u1_0.password,u1_0.phone,u1_0.role from users u1_0 where u1_0.email=?
Hibernate: select count(n1_0.id) from notifications n1_0 where n1_0.user_id=? and not(n1_0.is_read)
Hibernate: select u1_0.id,u1_0.email,u1_0.first_name,u1_0.last_name,u1_0.password,u1_0.phone,u1_0.role from users u1_0 where u1_0.email=?
Hibernate: select count(n1_0.id) from notifications n1_0 where n1_0.user_id=? and not(n1_0.is_read)
Hibernate: select u1_0.id,u1_0.email,u1_0.first_name,u1_0.last_name,u1_0.password,u1_0.phone,u1_0.role from users u1_0 where u1_0.email=?
Hibernate: select spp1_0.id,spp1_0.current_latitude,spp1_0.current_longitude,spp1_0.experience_years,spp1_0.hourly_rate,spp1_0.is_available,spp1_0.is_online,spp1_0.kyc_document_ref,spp1_0.kyc_status,spp1_0.last_location_update,spp1_0.smart_service_score,spp1_0.total_reviews,spp1_0.user_id from partner_profiles spp1_0 where spp1_0.user_id=?
Hibernate: update partner_profiles set current_latitude=?,current_longitude=?,experience_years=?,hourly_rate=?,is_available=?,is_online=?,kyc_document_ref=?,kyc_status=?,last_location_update=?,smart_service_score=?,total_reviews=?,user_id=? where id=?
Hibernate: select s1_0.profile_id,s1_0.skill from partner_skills s1_0 where s1_0.profile_id=?
Hibernate: select u1_0.id,u1_0.email,u1_0.first_name,u1_0.last_name,u1_0.password,u1_0.phone,u1_0.role from users u1_0 where u1_0.email=?
Hibernate: select count(n1_0.id) from notifications n1_0 where n1_0.user_id=? and not(n1_0.is_read)
Hibernate: select u1_0.id,u1_0.email,u1_0.first_name,u1_0.last_name,u1_0.password,u1_0.phone,u1_0.role from users u1_0 where u1_0.email=?
Hibernate: select count(n1_0.id) from notifications n1_0 where n1_0.user_id=? and not(n1_0.is_read)
Hibernate: select u1_0.id,u1_0.email,u1_0.first_name,u1_0.last_name,u1_0.password,u1_0.phone,u1_0.role from users u1_0 where u1_0.email=?
Hibernate: select count(n1_0.id) from notifications n1_0 where n1_0.user_id=? and not(n1_0.is_read)
Hibernate: select u1_0.id,u1_0.email,u1_0.first_name,u1_0.last_name,u1_0.password,u1_0.phone,u1_0.role from users u1_0 where u1_0.email=?
Hibernate: select count(n1_0.id) from notifications n1_0 where n1_0.user_id=? and not(n1_0.is_read)
Hibernate: select u1_0.id,u1_0.email,u1_0.first_name,u1_0.last_name,u1_0.password,u1_0.phone,u1_0.role from users u1_0 where u1_0.email=?
Hibernate: select count(n1_0.id) from notifications n1_0 where n1_0.user_id=? and not(n1_0.is_read)
Hibernate: select u1_0.id,u1_0.email,u1_0.first_name,u1_0.last_name,u1_0.password,u1_0.phone,u1_0.role from users u1_0 where u1_0.email=?
Hibernate: select u1_0.id,u1_0.email,u1_0.first_name,u1_0.last_name,u1_0.password,u1_0.phone,u1_0.role from users u1_0 where u1_0.email=?
Hibernate: select b1_0.id,b1_0.address_id,b1_0.category_id,b1_0.customer_id,b1_0.customer_latitude,b1_0.customer_longitude,b1_0.is_emergency,b1_0.notes,b1_0.partner_id,b1_0.partner_latitude,b1_0.partner_longitude,b1_0.scheduled_date,b1_0.status,b1_0.total_amount from bookings b1_0 where b1_0.partner_id=?
Hibernate: select u1_0.id,u1_0.email,u1_0.first_name,u1_0.last_name,u1_0.password,u1_0.phone,u1_0.role from users u1_0 where u1_0.email=?
Hibernate: select u1_0.id,u1_0.email,u1_0.first_name,u1_0.last_name,u1_0.password,u1_0.phone,u1_0.role from users u1_0 where u1_0.id=?
Hibernate: select u1_0.id,u1_0.email,u1_0.first_name,u1_0.last_name,u1_0.password,u1_0.phone,u1_0.role from users u1_0 where u1_0.id=?
Hibernate: select sc1_0.id,sc1_0.description,sc1_0.icon_url,sc1_0.is_active,sc1_0.name from service_categories sc1_0 where sc1_0.id=?
Hibernate: select spp1_0.id,spp1_0.current_latitude,spp1_0.current_longitude,spp1_0.experience_years,spp1_0.hourly_rate,spp1_0.is_available,spp1_0.is_online,spp1_0.kyc_document_ref,spp1_0.kyc_status,spp1_0.last_location_update,spp1_0.smart_service_score,spp1_0.total_reviews,spp1_0.user_id from partner_profiles spp1_0 where spp1_0.user_id=?
Hibernate: select a1_0.id,a1_0.city,a1_0.country,a1_0.is_default,a1_0.latitude,a1_0.longitude,a1_0.state,a1_0.street,a1_0.user_id,a1_0.zip_code from addresses a1_0 where a1_0.id=?
Hibernate: select s1_0.profile_id,s1_0.skill from partner_skills s1_0 where s1_0.profile_id=?
Hibernate: select sc1_0.id,sc1_0.description,sc1_0.icon_url,sc1_0.is_active,sc1_0.name from service_categories sc1_0
Hibernate: select u1_0.id,u1_0.email,u1_0.first_name,u1_0.last_name,u1_0.password,u1_0.phone,u1_0.role from users u1_0 where u1_0.email=?
Hibernate: select u1_0.id,u1_0.email,u1_0.first_name,u1_0.last_name,u1_0.password,u1_0.phone,u1_0.role from users u1_0 where u1_0.email=?
Hibernate: select n1_0.id,n1_0.booking_id,n1_0.created_at,n1_0.is_read,n1_0.message,n1_0.title,n1_0.type,n1_0.user_id from notifications n1_0 where n1_0.user_id=? order by n1_0.created_at desc
Hibernate: select count(n1_0.id) from notifications n1_0 where n1_0.user_id=? and not(n1_0.is_read)
Hibernate: select u1_0.id,u1_0.email,u1_0.first_name,u1_0.last_name,u1_0.password,u1_0.phone,u1_0.role from users u1_0 where u1_0.email=?
Hibernate: select u1_0.id,u1_0.email,u1_0.first_name,u1_0.last_name,u1_0.password,u1_0.phone,u1_0.role from users u1_0 where u1_0.email=?
Hibernate: select u1_0.id,u1_0.email,u1_0.first_name,u1_0.last_name,u1_0.password,u1_0.phone,u1_0.role from users u1_0 where u1_0.email=?
Hibernate: select u1_0.id,u1_0.email,u1_0.first_name,u1_0.last_name,u1_0.password,u1_0.phone,u1_0.role from users u1_0 where u1_0.email=?
Hibernate: select u1_0.id,u1_0.email,u1_0.first_name,u1_0.last_name,u1_0.password,u1_0.phone,u1_0.role from users u1_0 where u1_0.email=?
Hibernate: select b1_0.id,b1_0.address_id,b1_0.category_id,b1_0.customer_id,b1_0.customer_latitude,b1_0.customer_longitude,b1_0.is_emergency,b1_0.notes,b1_0.partner_id,b1_0.partner_latitude,b1_0.partner_longitude,b1_0.scheduled_date,b1_0.status,b1_0.total_amount from bookings b1_0 where b1_0.partner_id=?
Hibernate: select u1_0.id,u1_0.email,u1_0.first_name,u1_0.last_name,u1_0.password,u1_0.phone,u1_0.role from users u1_0 where u1_0.id=?
Hibernate: select n1_0.id,n1_0.booking_id,n1_0.created_at,n1_0.is_read,n1_0.message,n1_0.title,n1_0.type,n1_0.user_id from notifications n1_0 where n1_0.user_id=? order by n1_0.created_at desc
Hibernate: select u1_0.id,u1_0.email,u1_0.first_name,u1_0.last_name,u1_0.password,u1_0.phone,u1_0.role from users u1_0 where u1_0.id=?
Hibernate: select spp1_0.id,spp1_0.current_latitude,spp1_0.current_longitude,spp1_0.experience_years,spp1_0.hourly_rate,spp1_0.is_available,spp1_0.is_online,spp1_0.kyc_document_ref,spp1_0.kyc_status,spp1_0.last_location_update,spp1_0.smart_service_score,spp1_0.total_reviews,spp1_0.user_id from partner_profiles spp1_0 where spp1_0.user_id=?
Hibernate: select sc1_0.id,sc1_0.description,sc1_0.icon_url,sc1_0.is_active,sc1_0.name from service_categories sc1_0 where sc1_0.id=?
Hibernate: select sc1_0.id,sc1_0.description,sc1_0.icon_url,sc1_0.is_active,sc1_0.name from service_categories sc1_0
Hibernate: select count(n1_0.id) from notifications n1_0 where n1_0.user_id=? and not(n1_0.is_read)
Hibernate: select a1_0.id,a1_0.city,a1_0.country,a1_0.is_default,a1_0.latitude,a1_0.longitude,a1_0.state,a1_0.street,a1_0.user_id,a1_0.zip_code from addresses a1_0 where a1_0.id=?
Hibernate: select s1_0.profile_id,s1_0.skill from partner_skills s1_0 where s1_0.profile_id=?
Hibernate: select u1_0.id,u1_0.email,u1_0.first_name,u1_0.last_name,u1_0.password,u1_0.phone,u1_0.role from users u1_0 where u1_0.email=?
Hibernate: select u1_0.id,u1_0.email,u1_0.first_name,u1_0.last_name,u1_0.password,u1_0.phone,u1_0.role from users u1_0 where u1_0.email=?
Hibernate: select b1_0.id,b1_0.address_id,b1_0.category_id,b1_0.customer_id,b1_0.customer_latitude,b1_0.customer_longitude,b1_0.is_emergency,b1_0.notes,b1_0.partner_id,b1_0.partner_latitude,b1_0.partner_longitude,b1_0.scheduled_date,b1_0.status,b1_0.total_amount from bookings b1_0 where b1_0.partner_id=?
Hibernate: select u1_0.id,u1_0.email,u1_0.first_name,u1_0.last_name,u1_0.password,u1_0.phone,u1_0.role from users u1_0 where u1_0.email=?
Hibernate: select u1_0.id,u1_0.email,u1_0.first_name,u1_0.last_name,u1_0.password,u1_0.phone,u1_0.role from users u1_0 where u1_0.email=?
Hibernate: select u1_0.id,u1_0.email,u1_0.first_name,u1_0.last_name,u1_0.password,u1_0.phone,u1_0.role from users u1_0 where u1_0.email=?
Hibernate: select u1_0.id,u1_0.email,u1_0.first_name,u1_0.last_name,u1_0.password,u1_0.phone,u1_0.role from users u1_0 where u1_0.id=?
Hibernate: select u1_0.id,u1_0.email,u1_0.first_name,u1_0.last_name,u1_0.password,u1_0.phone,u1_0.role from users u1_0 where u1_0.id=?
Hibernate: select sc1_0.id,sc1_0.description,sc1_0.icon_url,sc1_0.is_active,sc1_0.name from service_categories sc1_0 where sc1_0.id=?
Hibernate: select n1_0.id,n1_0.booking_id,n1_0.created_at,n1_0.is_read,n1_0.message,n1_0.title,n1_0.type,n1_0.user_id from notifications n1_0 where n1_0.user_id=? order by n1_0.created_at desc
Hibernate: select a1_0.id,a1_0.city,a1_0.country,a1_0.is_default,a1_0.latitude,a1_0.longitude,a1_0.state,a1_0.street,a1_0.user_id,a1_0.zip_code from addresses a1_0 where a1_0.id=?
Hibernate: select count(n1_0.id) from notifications n1_0 where n1_0.user_id=? and not(n1_0.is_read)
Hibernate: select sc1_0.id,sc1_0.description,sc1_0.icon_url,sc1_0.is_active,sc1_0.name from service_categories sc1_0
Hibernate: select spp1_0.id,spp1_0.current_latitude,spp1_0.current_longitude,spp1_0.experience_years,spp1_0.hourly_rate,spp1_0.is_available,spp1_0.is_online,spp1_0.kyc_document_ref,spp1_0.kyc_status,spp1_0.last_location_update,spp1_0.smart_service_score,spp1_0.total_reviews,spp1_0.user_id from partner_profiles spp1_0 where spp1_0.user_id=?
Hibernate: select s1_0.profile_id,s1_0.skill from partner_skills s1_0 where s1_0.profile_id=?
Hibernate: select u1_0.id,u1_0.email,u1_0.first_name,u1_0.last_name,u1_0.password,u1_0.phone,u1_0.role from users u1_0 where u1_0.email=?
Hibernate: select u1_0.id,u1_0.email,u1_0.first_name,u1_0.last_name,u1_0.password,u1_0.phone,u1_0.role from users u1_0 where u1_0.email=?
Hibernate: select u1_0.id,u1_0.email,u1_0.first_name,u1_0.last_name,u1_0.password,u1_0.phone,u1_0.role from users u1_0 where u1_0.email=?
Hibernate: select u1_0.id,u1_0.email,u1_0.first_name,u1_0.last_name,u1_0.password,u1_0.phone,u1_0.role from users u1_0 where u1_0.email=?
Hibernate: select n1_0.id,n1_0.booking_id,n1_0.created_at,n1_0.is_read,n1_0.message,n1_0.title,n1_0.type,n1_0.user_id from notifications n1_0 where n1_0.user_id=? order by n1_0.created_at desc
Hibernate: select u1_0.id,u1_0.email,u1_0.first_name,u1_0.last_name,u1_0.password,u1_0.phone,u1_0.role from users u1_0 where u1_0.email=?
Hibernate: select b1_0.id,b1_0.address_id,b1_0.category_id,b1_0.customer_id,b1_0.customer_latitude,b1_0.customer_longitude,b1_0.is_emergency,b1_0.notes,b1_0.partner_id,b1_0.partner_latitude,b1_0.partner_longitude,b1_0.scheduled_date,b1_0.status,b1_0.total_amount from bookings b1_0 where b1_0.partner_id=?
Hibernate: select u1_0.id,u1_0.email,u1_0.first_name,u1_0.last_name,u1_0.password,u1_0.phone,u1_0.role from users u1_0 where u1_0.id=?
Hibernate: select u1_0.id,u1_0.email,u1_0.first_name,u1_0.last_name,u1_0.password,u1_0.phone,u1_0.role from users u1_0 where u1_0.id=?
Hibernate: select count(n1_0.id) from notifications n1_0 where n1_0.user_id=? and not(n1_0.is_read)
Hibernate: select spp1_0.id,spp1_0.current_latitude,spp1_0.current_longitude,spp1_0.experience_years,spp1_0.hourly_rate,spp1_0.is_available,spp1_0.is_online,spp1_0.kyc_document_ref,spp1_0.kyc_status,spp1_0.last_location_update,spp1_0.smart_service_score,spp1_0.total_reviews,spp1_0.user_id from partner_profiles spp1_0 where spp1_0.user_id=?
Hibernate: select sc1_0.id,sc1_0.description,sc1_0.icon_url,sc1_0.is_active,sc1_0.name from service_categories sc1_0 where sc1_0.id=?
Hibernate: select sc1_0.id,sc1_0.description,sc1_0.icon_url,sc1_0.is_active,sc1_0.name from service_categories sc1_0
Hibernate: select a1_0.id,a1_0.city,a1_0.country,a1_0.is_default,a1_0.latitude,a1_0.longitude,a1_0.state,a1_0.street,a1_0.user_id,a1_0.zip_code from addresses a1_0 where a1_0.id=?
Hibernate: select s1_0.profile_id,s1_0.skill from partner_skills s1_0 where s1_0.profile_id=?
Hibernate: select u1_0.id,u1_0.email,u1_0.first_name,u1_0.last_name,u1_0.password,u1_0.phone,u1_0.role from users u1_0 where u1_0.email=?
Hibernate: select count(n1_0.id) from notifications n1_0 where n1_0.user_id=? and not(n1_0.is_read)
Hibernate: select u1_0.id,u1_0.email,u1_0.first_name,u1_0.last_name,u1_0.password,u1_0.phone,u1_0.role from users u1_0 where u1_0.email=?
Hibernate: select count(n1_0.id) from notifications n1_0 where n1_0.user_id=? and not(n1_0.is_read)
Hibernate: select u1_0.id,u1_0.email,u1_0.first_name,u1_0.last_name,u1_0.password,u1_0.phone,u1_0.role from users u1_0 where u1_0.email=?
Hibernate: select count(n1_0.id) from notifications n1_0 where n1_0.user_id=? and not(n1_0.is_read)
Hibernate: select u1_0.id,u1_0.email,u1_0.first_name,u1_0.last_name,u1_0.password,u1_0.phone,u1_0.role from users u1_0 where u1_0.email=?
Hibernate: select count(n1_0.id) from notifications n1_0 where n1_0.user_id=? and not(n1_0.is_read)
Hibernate: select u1_0.id,u1_0.email,u1_0.first_name,u1_0.last_name,u1_0.password,u1_0.phone,u1_0.role from users u1_0 where u1_0.email=?
Hibernate: select spp1_0.id,spp1_0.current_latitude,spp1_0.current_longitude,spp1_0.experience_years,spp1_0.hourly_rate,spp1_0.is_available,spp1_0.is_online,spp1_0.kyc_document_ref,spp1_0.kyc_status,spp1_0.last_location_update,spp1_0.smart_service_score,spp1_0.total_reviews,spp1_0.user_id from partner_profiles spp1_0 where spp1_0.user_id=?
Hibernate: update partner_profiles set current_latitude=?,current_longitude=?,experience_years=?,hourly_rate=?,is_available=?,is_online=?,kyc_document_ref=?,kyc_status=?,last_location_update=?,smart_service_score=?,total_reviews=?,user_id=? where id=?
Hibernate: select s1_0.profile_id,s1_0.skill from partner_skills s1_0 where s1_0.profile_id=?
Hibernate: select u1_0.id,u1_0.email,u1_0.first_name,u1_0.last_name,u1_0.password,u1_0.phone,u1_0.role from users u1_0 where u1_0.email=?
Hibernate: select count(n1_0.id) from notifications n1_0 where n1_0.user_id=? and not(n1_0.is_read)
Hibernate: select u1_0.id,u1_0.email,u1_0.first_name,u1_0.last_name,u1_0.password,u1_0.phone,u1_0.role from users u1_0 where u1_0.email=?
Hibernate: select count(n1_0.id) from notifications n1_0 where n1_0.user_id=? and not(n1_0.is_read)
Hibernate: select u1_0.id,u1_0.email,u1_0.first_name,u1_0.last_name,u1_0.password,u1_0.phone,u1_0.role from users u1_0 where u1_0.email=?
Hibernate: select spp1_0.id,spp1_0.current_latitude,spp1_0.current_longitude,spp1_0.experience_years,spp1_0.hourly_rate,spp1_0.is_available,spp1_0.is_online,spp1_0.kyc_document_ref,spp1_0.kyc_status,spp1_0.last_location_update,spp1_0.smart_service_score,spp1_0.total_reviews,spp1_0.user_id from partner_profiles spp1_0 where spp1_0.user_id=?
Hibernate: update partner_profiles set current_latitude=?,current_longitude=?,experience_years=?,hourly_rate=?,is_available=?,is_online=?,kyc_document_ref=?,kyc_status=?,last_location_update=?,smart_service_score=?,total_reviews=?,user_id=? where id=?
Hibernate: select s1_0.profile_id,s1_0.skill from partner_skills s1_0 where s1_0.profile_id=?
Hibernate: select u1_0.id,u1_0.email,u1_0.first_name,u1_0.last_name,u1_0.password,u1_0.phone,u1_0.role from users u1_0 where u1_0.email=?
Hibernate: select count(n1_0.id) from notifications n1_0 where n1_0.user_id=? and not(n1_0.is_read)
Hibernate: select u1_0.id,u1_0.email,u1_0.first_name,u1_0.last_name,u1_0.password,u1_0.phone,u1_0.role from users u1_0 where u1_0.email=?
Hibernate: select count(n1_0.id) from notifications n1_0 where n1_0.user_id=? and not(n1_0.is_read)
Hibernate: select u1_0.id,u1_0.email,u1_0.first_name,u1_0.last_name,u1_0.password,u1_0.phone,u1_0.role from users u1_0 where u1_0.email=?
Hibernate: select count(n1_0.id) from notifications n1_0 where n1_0.user_id=? and not(n1_0.is_read)
Hibernate: select u1_0.id,u1_0.email,u1_0.first_name,u1_0.last_name,u1_0.password,u1_0.phone,u1_0.role from users u1_0 where u1_0.email=?
Hibernate: select count(n1_0.id) from notifications n1_0 where n1_0.user_id=? and not(n1_0.is_read)
Hibernate: select u1_0.id,u1_0.email,u1_0.first_name,u1_0.last_name,u1_0.password,u1_0.phone,u1_0.role from users u1_0 where u1_0.email=?
Hibernate: select u1_0.id,u1_0.email,u1_0.first_name,u1_0.last_name,u1_0.password,u1_0.phone,u1_0.role from users u1_0 where u1_0.email=?
Hibernate: select u1_0.id,u1_0.email,u1_0.first_name,u1_0.last_name,u1_0.password,u1_0.phone,u1_0.role from users u1_0 where u1_0.email=?
Hibernate: select u1_0.id,u1_0.email,u1_0.first_name,u1_0.last_name,u1_0.password,u1_0.phone,u1_0.role from users u1_0 where u1_0.email=?
Hibernate: select u1_0.id,u1_0.email,u1_0.first_name,u1_0.last_name,u1_0.password,u1_0.phone,u1_0.role from users u1_0 where u1_0.email=?
Hibernate: select sc1_0.id,sc1_0.description,sc1_0.icon_url,sc1_0.is_active,sc1_0.name from service_categories sc1_0
Hibernate: select b1_0.id,b1_0.address_id,b1_0.category_id,b1_0.customer_id,b1_0.customer_latitude,b1_0.customer_longitude,b1_0.is_emergency,b1_0.notes,b1_0.partner_id,b1_0.partner_latitude,b1_0.partner_longitude,b1_0.scheduled_date,b1_0.status,b1_0.total_amount from bookings b1_0 where b1_0.customer_id=?
Hibernate: select u1_0.id,u1_0.email,u1_0.first_name,u1_0.last_name,u1_0.password,u1_0.phone,u1_0.role from users u1_0 where u1_0.id=?
Hibernate: select u1_0.id,u1_0.email,u1_0.first_name,u1_0.last_name,u1_0.password,u1_0.phone,u1_0.role from users u1_0 where u1_0.id=?
Hibernate: select sc1_0.id,sc1_0.description,sc1_0.icon_url,sc1_0.is_active,sc1_0.name from service_categories sc1_0 where sc1_0.id=?
Hibernate: select a1_0.id,a1_0.city,a1_0.country,a1_0.is_default,a1_0.latitude,a1_0.longitude,a1_0.state,a1_0.street,a1_0.user_id,a1_0.zip_code from addresses a1_0 where a1_0.id=?
Hibernate: select u1_0.id,u1_0.email,u1_0.first_name,u1_0.last_name,u1_0.password,u1_0.phone,u1_0.role from users u1_0 where u1_0.id=?
Hibernate: select u1_0.id,u1_0.email,u1_0.first_name,u1_0.last_name,u1_0.password,u1_0.phone,u1_0.role from users u1_0 where u1_0.email=?
Hibernate: select sc1_0.id,sc1_0.description,sc1_0.icon_url,sc1_0.is_active,sc1_0.name from service_categories sc1_0
Hibernate: select u1_0.id,u1_0.email,u1_0.first_name,u1_0.last_name,u1_0.password,u1_0.phone,u1_0.role from users u1_0 where u1_0.email=?
Hibernate: select b1_0.id,b1_0.address_id,b1_0.category_id,b1_0.customer_id,b1_0.customer_latitude,b1_0.customer_longitude,b1_0.is_emergency,b1_0.notes,b1_0.partner_id,b1_0.partner_latitude,b1_0.partner_longitude,b1_0.scheduled_date,b1_0.status,b1_0.total_amount from bookings b1_0 where b1_0.customer_id=?
Hibernate: select u1_0.id,u1_0.email,u1_0.first_name,u1_0.last_name,u1_0.password,u1_0.phone,u1_0.role from users u1_0 where u1_0.id=?
Hibernate: select u1_0.id,u1_0.email,u1_0.first_name,u1_0.last_name,u1_0.password,u1_0.phone,u1_0.role from users u1_0 where u1_0.id=?
Hibernate: select sc1_0.id,sc1_0.description,sc1_0.icon_url,sc1_0.is_active,sc1_0.name from service_categories sc1_0 where sc1_0.id=?
Hibernate: select a1_0.id,a1_0.city,a1_0.country,a1_0.is_default,a1_0.latitude,a1_0.longitude,a1_0.state,a1_0.street,a1_0.user_id,a1_0.zip_code from addresses a1_0 where a1_0.id=?
Hibernate: select u1_0.id,u1_0.email,u1_0.first_name,u1_0.last_name,u1_0.password,u1_0.phone,u1_0.role from users u1_0 where u1_0.id=?
Hibernate: select u1_0.id,u1_0.email,u1_0.first_name,u1_0.last_name,u1_0.password,u1_0.phone,u1_0.role from users u1_0 where u1_0.email=?
Hibernate: select count(n1_0.id) from notifications n1_0 where n1_0.user_id=? and not(n1_0.is_read)
Hibernate: select u1_0.id,u1_0.email,u1_0.first_name,u1_0.last_name,u1_0.password,u1_0.phone,u1_0.role from users u1_0 where u1_0.email=?
Hibernate: select count(n1_0.id) from notifications n1_0 where n1_0.user_id=? and not(n1_0.is_read)
Hibernate: select u1_0.id,u1_0.email,u1_0.first_name,u1_0.last_name,u1_0.password,u1_0.phone,u1_0.role from users u1_0 where u1_0.email=?
Hibernate: select u1_0.id,u1_0.email,u1_0.first_name,u1_0.last_name,u1_0.password,u1_0.phone,u1_0.role from users u1_0 where u1_0.email=?
Hibernate: select a1_0.id,a1_0.city,a1_0.country,a1_0.is_default,a1_0.latitude,a1_0.longitude,a1_0.state,a1_0.street,a1_0.user_id,a1_0.zip_code from addresses a1_0 where a1_0.user_id=?
Hibernate: select sc1_0.id,sc1_0.description,sc1_0.icon_url,sc1_0.is_active,sc1_0.name from service_categories sc1_0
Hibernate: select u1_0.id,u1_0.email,u1_0.first_name,u1_0.last_name,u1_0.password,u1_0.phone,u1_0.role from users u1_0 where u1_0.email=?
Hibernate: select count(n1_0.id) from notifications n1_0 where n1_0.user_id=? and not(n1_0.is_read)
Hibernate: select u1_0.id,u1_0.email,u1_0.first_name,u1_0.last_name,u1_0.password,u1_0.phone,u1_0.role from users u1_0 where u1_0.email=?
Hibernate: select count(n1_0.id) from notifications n1_0 where n1_0.user_id=? and not(n1_0.is_read)
Hibernate: select u1_0.id,u1_0.email,u1_0.first_name,u1_0.last_name,u1_0.password,u1_0.phone,u1_0.role from users u1_0 where u1_0.email=?
Hibernate: select count(n1_0.id) from notifications n1_0 where n1_0.user_id=? and not(n1_0.is_read)
Hibernate: select u1_0.id,u1_0.email,u1_0.first_name,u1_0.last_name,u1_0.password,u1_0.phone,u1_0.role from users u1_0 where u1_0.email=?
Hibernate: select count(n1_0.id) from notifications n1_0 where n1_0.user_id=? and not(n1_0.is_read)
Hibernate: select u1_0.id,u1_0.email,u1_0.first_name,u1_0.last_name,u1_0.password,u1_0.phone,u1_0.role from users u1_0 where u1_0.email=?
Hibernate: select u1_0.id,u1_0.email,u1_0.first_name,u1_0.last_name,u1_0.password,u1_0.phone,u1_0.role from users u1_0 where u1_0.email=?
Hibernate: select a1_0.id,a1_0.city,a1_0.country,a1_0.is_default,a1_0.latitude,a1_0.longitude,a1_0.state,a1_0.street,a1_0.user_id,a1_0.zip_code from addresses a1_0 where a1_0.user_id=?
Hibernate: select sc1_0.id,sc1_0.description,sc1_0.icon_url,sc1_0.is_active,sc1_0.name from service_categories sc1_0
Hibernate: select u1_0.id,u1_0.email,u1_0.first_name,u1_0.last_name,u1_0.password,u1_0.phone,u1_0.role from users u1_0 where u1_0.email=?
Hibernate: select count(n1_0.id) from notifications n1_0 where n1_0.user_id=? and not(n1_0.is_read)
Hibernate: select u1_0.id,u1_0.email,u1_0.first_name,u1_0.last_name,u1_0.password,u1_0.phone,u1_0.role from users u1_0 where u1_0.email=?
Hibernate: select count(n1_0.id) from notifications n1_0 where n1_0.user_id=? and not(n1_0.is_read)
Hibernate: select u1_0.id,u1_0.email,u1_0.first_name,u1_0.last_name,u1_0.password,u1_0.phone,u1_0.role from users u1_0 where u1_0.email=?
Hibernate: select count(n1_0.id) from notifications n1_0 where n1_0.user_id=? and not(n1_0.is_read)
Hibernate: select u1_0.id,u1_0.email,u1_0.first_name,u1_0.last_name,u1_0.password,u1_0.phone,u1_0.role from users u1_0 where u1_0.email=?
Hibernate: select count(n1_0.id) from notifications n1_0 where n1_0.user_id=? and not(n1_0.is_read)
Hibernate: select u1_0.id,u1_0.email,u1_0.first_name,u1_0.last_name,u1_0.password,u1_0.phone,u1_0.role from users u1_0 where u1_0.email=?
Hibernate: select count(n1_0.id) from notifications n1_0 where n1_0.user_id=? and not(n1_0.is_read)
Hibernate: select u1_0.id,u1_0.email,u1_0.first_name,u1_0.last_name,u1_0.password,u1_0.phone,u1_0.role from users u1_0 where u1_0.email=?
Hibernate: select count(n1_0.id) from notifications n1_0 where n1_0.user_id=? and not(n1_0.is_read)
Hibernate: select u1_0.id,u1_0.email,u1_0.first_name,u1_0.last_name,u1_0.password,u1_0.phone,u1_0.role from users u1_0 where u1_0.email=?
Hibernate: select count(n1_0.id) from notifications n1_0 where n1_0.user_id=? and not(n1_0.is_read)
Hibernate: select u1_0.id,u1_0.email,u1_0.first_name,u1_0.last_name,u1_0.password,u1_0.phone,u1_0.role from users u1_0 where u1_0.email=?
Hibernate: select count(n1_0.id) from notifications n1_0 where n1_0.user_id=? and not(n1_0.is_read)
Hibernate: select u1_0.id,u1_0.email,u1_0.first_name,u1_0.last_name,u1_0.password,u1_0.phone,u1_0.role from users u1_0 where u1_0.email=?
Hibernate: select count(n1_0.id) from notifications n1_0 where n1_0.user_id=? and not(n1_0.is_read)
Hibernate: select u1_0.id,u1_0.email,u1_0.first_name,u1_0.last_name,u1_0.password,u1_0.phone,u1_0.role from users u1_0 where u1_0.email=?
Hibernate: select count(n1_0.id) from notifications n1_0 where n1_0.user_id=? and not(n1_0.is_read)
Hibernate: select u1_0.id,u1_0.email,u1_0.first_name,u1_0.last_name,u1_0.password,u1_0.phone,u1_0.role from users u1_0 where u1_0.email=?
Hibernate: select sc1_0.id,sc1_0.description,sc1_0.icon_url,sc1_0.is_active,sc1_0.name from service_categories sc1_0 where sc1_0.id=?
Hibernate: select distinct spp1_0.id,spp1_0.current_latitude,spp1_0.current_longitude,spp1_0.experience_years,spp1_0.hourly_rate,spp1_0.is_available,spp1_0.is_online,spp1_0.kyc_document_ref,spp1_0.kyc_status,spp1_0.last_location_update,spp1_0.smart_service_score,spp1_0.total_reviews,spp1_0.user_id from partner_profiles spp1_0 join partner_skills s1_0 on spp1_0.id=s1_0.profile_id where lower(trim(BOTH from s1_0.skill))=lower(trim(BOTH from ?)) and spp1_0.kyc_status='APPROVED' and spp1_0.is_online=1 and spp1_0.is_available=1 and spp1_0.current_latitude is not null and spp1_0.current_longitude is not null and spp1_0.last_location_update is not null and spp1_0.last_location_update>=?
Hibernate: select u1_0.id,u1_0.email,u1_0.first_name,u1_0.last_name,u1_0.password,u1_0.phone,u1_0.role from users u1_0 where u1_0.id=?
Hibernate: select s1_0.profile_id,s1_0.skill from partner_skills s1_0 where s1_0.profile_id=?
Hibernate: select u1_0.id,u1_0.email,u1_0.first_name,u1_0.last_name,u1_0.password,u1_0.phone,u1_0.role from users u1_0 where u1_0.email=?
Hibernate: select sc1_0.id,sc1_0.description,sc1_0.icon_url,sc1_0.is_active,sc1_0.name from service_categories sc1_0 where sc1_0.id=?
Hibernate: select distinct spp1_0.id,spp1_0.current_latitude,spp1_0.current_longitude,spp1_0.experience_years,spp1_0.hourly_rate,spp1_0.is_available,spp1_0.is_online,spp1_0.kyc_document_ref,spp1_0.kyc_status,spp1_0.last_location_update,spp1_0.smart_service_score,spp1_0.total_reviews,spp1_0.user_id from partner_profiles spp1_0 join partner_skills s1_0 on spp1_0.id=s1_0.profile_id where lower(trim(BOTH from s1_0.skill))=lower(trim(BOTH from ?)) and spp1_0.kyc_status='APPROVED' and spp1_0.is_online=1 and spp1_0.is_available=1 and spp1_0.current_latitude is not null and spp1_0.current_longitude is not null and spp1_0.last_location_update is not null and spp1_0.last_location_update>=?
Hibernate: select u1_0.id,u1_0.email,u1_0.first_name,u1_0.last_name,u1_0.password,u1_0.phone,u1_0.role from users u1_0 where u1_0.id=?
Hibernate: select s1_0.profile_id,s1_0.skill from partner_skills s1_0 where s1_0.profile_id=?
Hibernate: select u1_0.id,u1_0.email,u1_0.first_name,u1_0.last_name,u1_0.password,u1_0.phone,u1_0.role from users u1_0 where u1_0.email=?
Hibernate: select count(n1_0.id) from notifications n1_0 where n1_0.user_id=? and not(n1_0.is_read)
Hibernate: select u1_0.id,u1_0.email,u1_0.first_name,u1_0.last_name,u1_0.password,u1_0.phone,u1_0.role from users u1_0 where u1_0.email=?
Hibernate: select count(n1_0.id) from notifications n1_0 where n1_0.user_id=? and not(n1_0.is_read)
Hibernate: select u1_0.id,u1_0.email,u1_0.first_name,u1_0.last_name,u1_0.password,u1_0.phone,u1_0.role from users u1_0 where u1_0.email=?
Hibernate: select u1_0.id,u1_0.email,u1_0.first_name,u1_0.last_name,u1_0.password,u1_0.phone,u1_0.role from users u1_0 where u1_0.email=?
Hibernate: select u1_0.id,u1_0.email,u1_0.first_name,u1_0.last_name,u1_0.password,u1_0.phone,u1_0.role from users u1_0 where u1_0.email=?
Hibernate: select u1_0.id,u1_0.email,u1_0.first_name,u1_0.last_name,u1_0.password,u1_0.phone,u1_0.role from users u1_0 where u1_0.email=?
Hibernate: select u1_0.id,u1_0.email,u1_0.first_name,u1_0.last_name,u1_0.password,u1_0.phone,u1_0.role from users u1_0 where u1_0.email=?
Hibernate: select u1_0.id,u1_0.email,u1_0.first_name,u1_0.last_name,u1_0.password,u1_0.phone,u1_0.role from users u1_0 where u1_0.email=?
Hibernate: select spp1_0.id,spp1_0.current_latitude,spp1_0.current_longitude,spp1_0.experience_years,spp1_0.hourly_rate,spp1_0.is_available,spp1_0.is_online,spp1_0.kyc_document_ref,spp1_0.kyc_status,spp1_0.last_location_update,spp1_0.smart_service_score,spp1_0.total_reviews,spp1_0.user_id from partner_profiles spp1_0 where spp1_0.user_id=?
Hibernate: select b1_0.id,b1_0.address_id,b1_0.category_id,b1_0.customer_id,b1_0.customer_latitude,b1_0.customer_longitude,b1_0.is_emergency,b1_0.notes,b1_0.partner_id,b1_0.partner_latitude,b1_0.partner_longitude,b1_0.scheduled_date,b1_0.status,b1_0.total_amount from bookings b1_0 where b1_0.partner_id=?
Hibernate: select s1_0.profile_id,s1_0.skill from partner_skills s1_0 where s1_0.profile_id=?
Hibernate: select sc1_0.id,sc1_0.description,sc1_0.icon_url,sc1_0.is_active,sc1_0.name from service_categories sc1_0
Hibernate: select u1_0.id,u1_0.email,u1_0.first_name,u1_0.last_name,u1_0.password,u1_0.phone,u1_0.role from users u1_0 where u1_0.email=?
Hibernate: select count(n1_0.id) from notifications n1_0 where n1_0.user_id=? and not(n1_0.is_read)
Hibernate: select n1_0.id,n1_0.booking_id,n1_0.created_at,n1_0.is_read,n1_0.message,n1_0.title,n1_0.type,n1_0.user_id from notifications n1_0 where n1_0.user_id=? order by n1_0.created_at desc
Hibernate: select u1_0.id,u1_0.email,u1_0.first_name,u1_0.last_name,u1_0.password,u1_0.phone,u1_0.role from users u1_0 where u1_0.email=?
Hibernate: select u1_0.id,u1_0.email,u1_0.first_name,u1_0.last_name,u1_0.password,u1_0.phone,u1_0.role from users u1_0 where u1_0.email=?
Hibernate: select u1_0.id,u1_0.email,u1_0.first_name,u1_0.last_name,u1_0.password,u1_0.phone,u1_0.role from users u1_0 where u1_0.email=?
Hibernate: select u1_0.id,u1_0.email,u1_0.first_name,u1_0.last_name,u1_0.password,u1_0.phone,u1_0.role from users u1_0 where u1_0.email=?
Hibernate: select spp1_0.id,spp1_0.current_latitude,spp1_0.current_longitude,spp1_0.experience_years,spp1_0.hourly_rate,spp1_0.is_available,spp1_0.is_online,spp1_0.kyc_document_ref,spp1_0.kyc_status,spp1_0.last_location_update,spp1_0.smart_service_score,spp1_0.total_reviews,spp1_0.user_id from partner_profiles spp1_0 where spp1_0.user_id=?
Hibernate: select u1_0.id,u1_0.email,u1_0.first_name,u1_0.last_name,u1_0.password,u1_0.phone,u1_0.role from users u1_0 where u1_0.email=?
Hibernate: select s1_0.profile_id,s1_0.skill from partner_skills s1_0 where s1_0.profile_id=?
Hibernate: select count(n1_0.id) from notifications n1_0 where n1_0.user_id=? and not(n1_0.is_read)
Hibernate: select sc1_0.id,sc1_0.description,sc1_0.icon_url,sc1_0.is_active,sc1_0.name from service_categories sc1_0
Hibernate: select b1_0.id,b1_0.address_id,b1_0.category_id,b1_0.customer_id,b1_0.customer_latitude,b1_0.customer_longitude,b1_0.is_emergency,b1_0.notes,b1_0.partner_id,b1_0.partner_latitude,b1_0.partner_longitude,b1_0.scheduled_date,b1_0.status,b1_0.total_amount from bookings b1_0 where b1_0.partner_id=?
Hibernate: select n1_0.id,n1_0.booking_id,n1_0.created_at,n1_0.is_read,n1_0.message,n1_0.title,n1_0.type,n1_0.user_id from notifications n1_0 where n1_0.user_id=? order by n1_0.created_at desc
Hibernate: select u1_0.id,u1_0.email,u1_0.first_name,u1_0.last_name,u1_0.password,u1_0.phone,u1_0.role from users u1_0 where u1_0.email=?
Hibernate: select count(n1_0.id) from notifications n1_0 where n1_0.user_id=? and not(n1_0.is_read)
Hibernate: select u1_0.id,u1_0.email,u1_0.first_name,u1_0.last_name,u1_0.password,u1_0.phone,u1_0.role from users u1_0 where u1_0.email=?
Hibernate: select spp1_0.id,spp1_0.current_latitude,spp1_0.current_longitude,spp1_0.experience_years,spp1_0.hourly_rate,spp1_0.is_available,spp1_0.is_online,spp1_0.kyc_document_ref,spp1_0.kyc_status,spp1_0.last_location_update,spp1_0.smart_service_score,spp1_0.total_reviews,spp1_0.user_id from partner_profiles spp1_0 where spp1_0.user_id=?
Hibernate: update partner_profiles set current_latitude=?,current_longitude=?,experience_years=?,hourly_rate=?,is_available=?,is_online=?,kyc_document_ref=?,kyc_status=?,last_location_update=?,smart_service_score=?,total_reviews=?,user_id=? where id=?
2026-08-18T17:14:35.453+05:30  INFO 20852 --- [fixmate-backend] [nio-8081-exec-7] com.fixmate.service.LiveNearbyService    : Partner 30 changed state — refreshing 1 live stream(s)
Hibernate: select sc1_0.id,sc1_0.description,sc1_0.icon_url,sc1_0.is_active,sc1_0.name from service_categories sc1_0 where sc1_0.id=?
Hibernate: select distinct spp1_0.id,spp1_0.current_latitude,spp1_0.current_longitude,spp1_0.experience_years,spp1_0.hourly_rate,spp1_0.is_available,spp1_0.is_online,spp1_0.kyc_document_ref,spp1_0.kyc_status,spp1_0.last_location_update,spp1_0.smart_service_score,spp1_0.total_reviews,spp1_0.user_id from partner_profiles spp1_0 join partner_skills s1_0 on spp1_0.id=s1_0.profile_id where lower(trim(BOTH from s1_0.skill))=lower(trim(BOTH from ?)) and spp1_0.kyc_status='APPROVED' and spp1_0.is_online=1 and spp1_0.is_available=1 and spp1_0.current_latitude is not null and spp1_0.current_longitude is not null and spp1_0.last_location_update is not null and spp1_0.last_location_update>=?
Hibernate: select u1_0.id,u1_0.email,u1_0.first_name,u1_0.last_name,u1_0.password,u1_0.phone,u1_0.role from users u1_0 where u1_0.id=?
Hibernate: select s1_0.profile_id,s1_0.skill from partner_skills s1_0 where s1_0.profile_id=?
Hibernate: select s1_0.profile_id,s1_0.skill from partner_skills s1_0 where s1_0.profile_id=?
Hibernate: select u1_0.id,u1_0.email,u1_0.first_name,u1_0.last_name,u1_0.password,u1_0.phone,u1_0.role from users u1_0 where u1_0.email=?
Hibernate: select count(n1_0.id) from notifications n1_0 where n1_0.user_id=? and not(n1_0.is_read)
Hibernate: select u1_0.id,u1_0.email,u1_0.first_name,u1_0.last_name,u1_0.password,u1_0.phone,u1_0.role from users u1_0 where u1_0.email=?
Hibernate: select sc1_0.id,sc1_0.description,sc1_0.icon_url,sc1_0.is_active,sc1_0.name from service_categories sc1_0 where sc1_0.id=?
Hibernate: select distinct spp1_0.id,spp1_0.current_latitude,spp1_0.current_longitude,spp1_0.experience_years,spp1_0.hourly_rate,spp1_0.is_available,spp1_0.is_online,spp1_0.kyc_document_ref,spp1_0.kyc_status,spp1_0.last_location_update,spp1_0.smart_service_score,spp1_0.total_reviews,spp1_0.user_id from partner_profiles spp1_0 join partner_skills s1_0 on spp1_0.id=s1_0.profile_id where lower(trim(BOTH from s1_0.skill))=lower(trim(BOTH from ?)) and spp1_0.kyc_status='APPROVED' and spp1_0.is_online=1 and spp1_0.is_available=1 and spp1_0.current_latitude is not null and spp1_0.current_longitude is not null and spp1_0.last_location_update is not null and spp1_0.last_location_update>=?
Hibernate: select u1_0.id,u1_0.email,u1_0.first_name,u1_0.last_name,u1_0.password,u1_0.phone,u1_0.role from users u1_0 where u1_0.id=?
Hibernate: select s1_0.profile_id,s1_0.skill from partner_skills s1_0 where s1_0.profile_id=?
Hibernate: select u1_0.id,u1_0.email,u1_0.first_name,u1_0.last_name,u1_0.password,u1_0.phone,u1_0.role from users u1_0 where u1_0.email=?
Hibernate: select sc1_0.id,sc1_0.description,sc1_0.icon_url,sc1_0.is_active,sc1_0.name from service_categories sc1_0 where sc1_0.id=?
Hibernate: select distinct spp1_0.id,spp1_0.current_latitude,spp1_0.current_longitude,spp1_0.experience_years,spp1_0.hourly_rate,spp1_0.is_available,spp1_0.is_online,spp1_0.kyc_document_ref,spp1_0.kyc_status,spp1_0.last_location_update,spp1_0.smart_service_score,spp1_0.total_reviews,spp1_0.user_id from partner_profiles spp1_0 join partner_skills s1_0 on spp1_0.id=s1_0.profile_id where lower(trim(BOTH from s1_0.skill))=lower(trim(BOTH from ?)) and spp1_0.kyc_status='APPROVED' and spp1_0.is_online=1 and spp1_0.is_available=1 and spp1_0.current_latitude is not null and spp1_0.current_longitude is not null and spp1_0.last_location_update is not null and spp1_0.last_location_update>=?
Hibernate: select u1_0.id,u1_0.email,u1_0.first_name,u1_0.last_name,u1_0.password,u1_0.phone,u1_0.role from users u1_0 where u1_0.id=?
Hibernate: select s1_0.profile_id,s1_0.skill from partner_skills s1_0 where s1_0.profile_id=?
Hibernate: select u1_0.id,u1_0.email,u1_0.first_name,u1_0.last_name,u1_0.password,u1_0.phone,u1_0.role from users u1_0 where u1_0.email=?
Hibernate: select count(n1_0.id) from notifications n1_0 where n1_0.user_id=? and not(n1_0.is_read)
Hibernate: select u1_0.id,u1_0.email,u1_0.first_name,u1_0.last_name,u1_0.password,u1_0.phone,u1_0.role from users u1_0 where u1_0.email=?
Hibernate: select count(n1_0.id) from notifications n1_0 where n1_0.user_id=? and not(n1_0.is_read)
Hibernate: select u1_0.id,u1_0.email,u1_0.first_name,u1_0.last_name,u1_0.password,u1_0.phone,u1_0.role from users u1_0 where u1_0.email=?
Hibernate: select count(n1_0.id) from notifications n1_0 where n1_0.user_id=? and not(n1_0.is_read)
Hibernate: select u1_0.id,u1_0.email,u1_0.first_name,u1_0.last_name,u1_0.password,u1_0.phone,u1_0.role from users u1_0 where u1_0.email=?
Hibernate: select count(n1_0.id) from notifications n1_0 where n1_0.user_id=? and not(n1_0.is_read)
Hibernate: select u1_0.id,u1_0.email,u1_0.first_name,u1_0.last_name,u1_0.password,u1_0.phone,u1_0.role from users u1_0 where u1_0.email=?
Hibernate: select count(n1_0.id) from notifications n1_0 where n1_0.user_id=? and not(n1_0.is_read)
Hibernate: select u1_0.id,u1_0.email,u1_0.first_name,u1_0.last_name,u1_0.password,u1_0.phone,u1_0.role from users u1_0 where u1_0.email=?
Hibernate: select count(n1_0.id) from notifications n1_0 where n1_0.user_id=? and not(n1_0.is_read)
Hibernate: select u1_0.id,u1_0.email,u1_0.first_name,u1_0.last_name,u1_0.password,u1_0.phone,u1_0.role from users u1_0 where u1_0.email=?
Hibernate: select spp1_0.id,spp1_0.current_latitude,spp1_0.current_longitude,spp1_0.experience_years,spp1_0.hourly_rate,spp1_0.is_available,spp1_0.is_online,spp1_0.kyc_document_ref,spp1_0.kyc_status,spp1_0.last_location_update,spp1_0.smart_service_score,spp1_0.total_reviews,spp1_0.user_id from partner_profiles spp1_0 where spp1_0.user_id=?
Hibernate: update partner_profiles set current_latitude=?,current_longitude=?,experience_years=?,hourly_rate=?,is_available=?,is_online=?,kyc_document_ref=?,kyc_status=?,last_location_update=?,smart_service_score=?,total_reviews=?,user_id=? where id=?
2026-08-18T17:15:05.925+05:30  INFO 20852 --- [fixmate-backend] [nio-8081-exec-8] com.fixmate.service.LiveNearbyService    : Partner 30 changed state — refreshing 2 live stream(s)
Hibernate: select sc1_0.id,sc1_0.description,sc1_0.icon_url,sc1_0.is_active,sc1_0.name from service_categories sc1_0 where sc1_0.id=?
Hibernate: select distinct spp1_0.id,spp1_0.current_latitude,spp1_0.current_longitude,spp1_0.experience_years,spp1_0.hourly_rate,spp1_0.is_available,spp1_0.is_online,spp1_0.kyc_document_ref,spp1_0.kyc_status,spp1_0.last_location_update,spp1_0.smart_service_score,spp1_0.total_reviews,spp1_0.user_id from partner_profiles spp1_0 join partner_skills s1_0 on spp1_0.id=s1_0.profile_id where lower(trim(BOTH from s1_0.skill))=lower(trim(BOTH from ?)) and spp1_0.kyc_status='APPROVED' and spp1_0.is_online=1 and spp1_0.is_available=1 and spp1_0.current_latitude is not null and spp1_0.current_longitude is not null and spp1_0.last_location_update is not null and spp1_0.last_location_update>=?
Hibernate: select u1_0.id,u1_0.email,u1_0.first_name,u1_0.last_name,u1_0.password,u1_0.phone,u1_0.role from users u1_0 where u1_0.id=?
Hibernate: select s1_0.profile_id,s1_0.skill from partner_skills s1_0 where s1_0.profile_id=?
Hibernate: select distinct spp1_0.id,spp1_0.current_latitude,spp1_0.current_longitude,spp1_0.experience_years,spp1_0.hourly_rate,spp1_0.is_available,spp1_0.is_online,spp1_0.kyc_document_ref,spp1_0.kyc_status,spp1_0.last_location_update,spp1_0.smart_service_score,spp1_0.total_reviews,spp1_0.user_id from partner_profiles spp1_0 join partner_skills s1_0 on spp1_0.id=s1_0.profile_id where lower(trim(BOTH from s1_0.skill))=lower(trim(BOTH from ?)) and spp1_0.kyc_status='APPROVED' and spp1_0.is_online=1 and spp1_0.is_available=1 and spp1_0.current_latitude is not null and spp1_0.current_longitude is not null and spp1_0.last_location_update is not null and spp1_0.last_location_update>=?
2026-08-18T17:15:05.991+05:30  WARN 20852 --- [fixmate-backend] [nio-8081-exec-8] com.fixmate.service.LiveNearbyService    : Live stream 897ae7a5-60b2-4431-8567-d25d0249c0b4 dropped: org.apache.catalina.connector.ClientAbortException: java.io.IOException: An established connection was aborted by the software in your host machine
Hibernate: select s1_0.profile_id,s1_0.skill from partner_skills s1_0 where s1_0.profile_id=?
Hibernate: select u1_0.id,u1_0.email,u1_0.first_name,u1_0.last_name,u1_0.password,u1_0.phone,u1_0.role from users u1_0 where u1_0.email=?
Hibernate: select count(n1_0.id) from notifications n1_0 where n1_0.user_id=? and not(n1_0.is_read)
Hibernate: select u1_0.id,u1_0.email,u1_0.first_name,u1_0.last_name,u1_0.password,u1_0.phone,u1_0.role from users u1_0 where u1_0.email=?
Hibernate: select count(n1_0.id) from notifications n1_0 where n1_0.user_id=? and not(n1_0.is_read)
Hibernate: select u1_0.id,u1_0.email,u1_0.first_name,u1_0.last_name,u1_0.password,u1_0.phone,u1_0.role from users u1_0 where u1_0.email=?
Hibernate: select count(n1_0.id) from notifications n1_0 where n1_0.user_id=? and not(n1_0.is_read)
Hibernate: select u1_0.id,u1_0.email,u1_0.first_name,u1_0.last_name,u1_0.password,u1_0.phone,u1_0.role from users u1_0 where u1_0.email=?
Hibernate: select spp1_0.id,spp1_0.current_latitude,spp1_0.current_longitude,spp1_0.experience_years,spp1_0.hourly_rate,spp1_0.is_available,spp1_0.is_online,spp1_0.kyc_document_ref,spp1_0.kyc_status,spp1_0.last_location_update,spp1_0.smart_service_score,spp1_0.total_reviews,spp1_0.user_id from partner_profiles spp1_0 where spp1_0.user_id=?
Hibernate: update partner_profiles set current_latitude=?,current_longitude=?,experience_years=?,hourly_rate=?,is_available=?,is_online=?,kyc_document_ref=?,kyc_status=?,last_location_update=?,smart_service_score=?,total_reviews=?,user_id=? where id=?
2026-08-18T17:15:17.058+05:30  INFO 20852 --- [fixmate-backend] [nio-8081-exec-2] com.fixmate.service.LiveNearbyService    : Partner 30 changed state — refreshing 1 live stream(s)
Hibernate: select sc1_0.id,sc1_0.description,sc1_0.icon_url,sc1_0.is_active,sc1_0.name from service_categories sc1_0 where sc1_0.id=?
Hibernate: select distinct spp1_0.id,spp1_0.current_latitude,spp1_0.current_longitude,spp1_0.experience_years,spp1_0.hourly_rate,spp1_0.is_available,spp1_0.is_online,spp1_0.kyc_document_ref,spp1_0.kyc_status,spp1_0.last_location_update,spp1_0.smart_service_score,spp1_0.total_reviews,spp1_0.user_id from partner_profiles spp1_0 join partner_skills s1_0 on spp1_0.id=s1_0.profile_id where lower(trim(BOTH from s1_0.skill))=lower(trim(BOTH from ?)) and spp1_0.kyc_status='APPROVED' and spp1_0.is_online=1 and spp1_0.is_available=1 and spp1_0.current_latitude is not null and spp1_0.current_longitude is not null and spp1_0.last_location_update is not null and spp1_0.last_location_update>=?
Hibernate: select u1_0.id,u1_0.email,u1_0.first_name,u1_0.last_name,u1_0.password,u1_0.phone,u1_0.role from users u1_0 where u1_0.id=?
Hibernate: select s1_0.profile_id,s1_0.skill from partner_skills s1_0 where s1_0.profile_id=?
Hibernate: select s1_0.profile_id,s1_0.skill from partner_skills s1_0 where s1_0.profile_id=?
Hibernate: select u1_0.id,u1_0.email,u1_0.first_name,u1_0.last_name,u1_0.password,u1_0.phone,u1_0.role from users u1_0 where u1_0.email=?
Hibernate: select count(n1_0.id) from notifications n1_0 where n1_0.user_id=? and not(n1_0.is_read)
Hibernate: select u1_0.id,u1_0.email,u1_0.first_name,u1_0.last_name,u1_0.password,u1_0.phone,u1_0.role from users u1_0 where u1_0.email=?
Hibernate: select count(n1_0.id) from notifications n1_0 where n1_0.user_id=? and not(n1_0.is_read)
Hibernate: select u1_0.id,u1_0.email,u1_0.first_name,u1_0.last_name,u1_0.password,u1_0.phone,u1_0.role from users u1_0 where u1_0.email=?
Hibernate: select sc1_0.id,sc1_0.description,sc1_0.icon_url,sc1_0.is_active,sc1_0.name from service_categories sc1_0 where sc1_0.id=?
Hibernate: select distinct spp1_0.id,spp1_0.current_latitude,spp1_0.current_longitude,spp1_0.experience_years,spp1_0.hourly_rate,spp1_0.is_available,spp1_0.is_online,spp1_0.kyc_document_ref,spp1_0.kyc_status,spp1_0.last_location_update,spp1_0.smart_service_score,spp1_0.total_reviews,spp1_0.user_id from partner_profiles spp1_0 join partner_skills s1_0 on spp1_0.id=s1_0.profile_id where lower(trim(BOTH from s1_0.skill))=lower(trim(BOTH from ?)) and spp1_0.kyc_status='APPROVED' and spp1_0.is_online=1 and spp1_0.is_available=1 and spp1_0.current_latitude is not null and spp1_0.current_longitude is not null and spp1_0.last_location_update is not null and spp1_0.last_location_update>=?
Hibernate: select u1_0.id,u1_0.email,u1_0.first_name,u1_0.last_name,u1_0.password,u1_0.phone,u1_0.role from users u1_0 where u1_0.id=?
Hibernate: select s1_0.profile_id,s1_0.skill from partner_skills s1_0 where s1_0.profile_id=?
Hibernate: select u1_0.id,u1_0.email,u1_0.first_name,u1_0.last_name,u1_0.password,u1_0.phone,u1_0.role from users u1_0 where u1_0.email=?
Hibernate: select sc1_0.id,sc1_0.description,sc1_0.icon_url,sc1_0.is_active,sc1_0.name from service_categories sc1_0 where sc1_0.id=?
Hibernate: select distinct spp1_0.id,spp1_0.current_latitude,spp1_0.current_longitude,spp1_0.experience_years,spp1_0.hourly_rate,spp1_0.is_available,spp1_0.is_online,spp1_0.kyc_document_ref,spp1_0.kyc_status,spp1_0.last_location_update,spp1_0.smart_service_score,spp1_0.total_reviews,spp1_0.user_id from partner_profiles spp1_0 join partner_skills s1_0 on spp1_0.id=s1_0.profile_id where lower(trim(BOTH from s1_0.skill))=lower(trim(BOTH from ?)) and spp1_0.kyc_status='APPROVED' and spp1_0.is_online=1 and spp1_0.is_available=1 and spp1_0.current_latitude is not null and spp1_0.current_longitude is not null and spp1_0.last_location_update is not null and spp1_0.last_location_update>=?
Hibernate: select u1_0.id,u1_0.email,u1_0.first_name,u1_0.last_name,u1_0.password,u1_0.phone,u1_0.role from users u1_0 where u1_0.id=?
Hibernate: select s1_0.profile_id,s1_0.skill from partner_skills s1_0 where s1_0.profile_id=?
Hibernate: select u1_0.id,u1_0.email,u1_0.first_name,u1_0.last_name,u1_0.password,u1_0.phone,u1_0.role from users u1_0 where u1_0.email=?
Hibernate: select count(n1_0.id) from notifications n1_0 where n1_0.user_id=? and not(n1_0.is_read)
Hibernate: select u1_0.id,u1_0.email,u1_0.first_name,u1_0.last_name,u1_0.password,u1_0.phone,u1_0.role from users u1_0 where u1_0.email=?
Hibernate: select count(n1_0.id) from notifications n1_0 where n1_0.user_id=? and not(n1_0.is_read)
Hibernate: select u1_0.id,u1_0.email,u1_0.first_name,u1_0.last_name,u1_0.password,u1_0.phone,u1_0.role from users u1_0 where u1_0.email=?
Hibernate: select u1_0.id,u1_0.email,u1_0.first_name,u1_0.last_name,u1_0.password,u1_0.phone,u1_0.role from users u1_0 where u1_0.email=?
Hibernate: select count(n1_0.id) from notifications n1_0 where n1_0.user_id=? and not(n1_0.is_read)
Hibernate: select spp1_0.id,spp1_0.current_latitude,spp1_0.current_longitude,spp1_0.experience_years,spp1_0.hourly_rate,spp1_0.is_available,spp1_0.is_online,spp1_0.kyc_document_ref,spp1_0.kyc_status,spp1_0.last_location_update,spp1_0.smart_service_score,spp1_0.total_reviews,spp1_0.user_id from partner_profiles spp1_0 where spp1_0.user_id=?
Hibernate: update partner_profiles set current_latitude=?,current_longitude=?,experience_years=?,hourly_rate=?,is_available=?,is_online=?,kyc_document_ref=?,kyc_status=?,last_location_update=?,smart_service_score=?,total_reviews=?,user_id=? where id=?
2026-08-18T17:15:35.980+05:30  INFO 20852 --- [fixmate-backend] [nio-8081-exec-6] com.fixmate.service.LiveNearbyService    : Partner 30 changed state — refreshing 2 live stream(s)
Hibernate: select sc1_0.id,sc1_0.description,sc1_0.icon_url,sc1_0.is_active,sc1_0.name from service_categories sc1_0 where sc1_0.id=?
Hibernate: select distinct spp1_0.id,spp1_0.current_latitude,spp1_0.current_longitude,spp1_0.experience_years,spp1_0.hourly_rate,spp1_0.is_available,spp1_0.is_online,spp1_0.kyc_document_ref,spp1_0.kyc_status,spp1_0.last_location_update,spp1_0.smart_service_score,spp1_0.total_reviews,spp1_0.user_id from partner_profiles spp1_0 join partner_skills s1_0 on spp1_0.id=s1_0.profile_id where lower(trim(BOTH from s1_0.skill))=lower(trim(BOTH from ?)) and spp1_0.kyc_status='APPROVED' and spp1_0.is_online=1 and spp1_0.is_available=1 and spp1_0.current_latitude is not null and spp1_0.current_longitude is not null and spp1_0.last_location_update is not null and spp1_0.last_location_update>=?
Hibernate: select u1_0.id,u1_0.email,u1_0.first_name,u1_0.last_name,u1_0.password,u1_0.phone,u1_0.role from users u1_0 where u1_0.id=?
2026-08-18T17:15:36.008+05:30  WARN 20852 --- [fixmate-backend] [nio-8081-exec-6] com.fixmate.service.LiveNearbyService    : Live stream 2f8cc8a2-c956-43e7-80de-e808ed1eb1cd dropped: org.apache.catalina.connector.ClientAbortException: java.io.IOException: An established connection was aborted by the software in your host machine
Hibernate: select distinct spp1_0.id,spp1_0.current_latitude,spp1_0.current_longitude,spp1_0.experience_years,spp1_0.hourly_rate,spp1_0.is_available,spp1_0.is_online,spp1_0.kyc_document_ref,spp1_0.kyc_status,spp1_0.last_location_update,spp1_0.smart_service_score,spp1_0.total_reviews,spp1_0.user_id from partner_profiles spp1_0 join partner_skills s1_0 on spp1_0.id=s1_0.profile_id where lower(trim(BOTH from s1_0.skill))=lower(trim(BOTH from ?)) and spp1_0.kyc_status='APPROVED' and spp1_0.is_online=1 and spp1_0.is_available=1 and spp1_0.current_latitude is not null and spp1_0.current_longitude is not null and spp1_0.last_location_update is not null and spp1_0.last_location_update>=?
Hibernate: select s1_0.profile_id,s1_0.skill from partner_skills s1_0 where s1_0.profile_id=?
2026-08-18T17:15:36.034+05:30  WARN 20852 --- [fixmate-backend] [nio-8081-exec-6] com.fixmate.service.LiveNearbyService    : Live stream 376f5ebe-3422-4f1c-92f4-a0f2b1a7211f dropped: org.apache.catalina.connector.ClientAbortException: java.io.IOException: An established connection was aborted by the software in your host machine
Hibernate: select s1_0.profile_id,s1_0.skill from partner_skills s1_0 where s1_0.profile_id=?
Hibernate: select u1_0.id,u1_0.email,u1_0.first_name,u1_0.last_name,u1_0.password,u1_0.phone,u1_0.role from users u1_0 where u1_0.email=?
Hibernate: select count(n1_0.id) from notifications n1_0 where n1_0.user_id=? and not(n1_0.is_read)
Hibernate: select u1_0.id,u1_0.email,u1_0.first_name,u1_0.last_name,u1_0.password,u1_0.phone,u1_0.role from users u1_0 where u1_0.email=?
Hibernate: select u1_0.id,u1_0.email,u1_0.first_name,u1_0.last_name,u1_0.password,u1_0.phone,u1_0.role from users u1_0 where u1_0.email=?
Hibernate: select u1_0.id,u1_0.email,u1_0.first_name,u1_0.last_name,u1_0.password,u1_0.phone,u1_0.role from users u1_0 where u1_0.email=?
Hibernate: select u1_0.id,u1_0.email,u1_0.first_name,u1_0.last_name,u1_0.password,u1_0.phone,u1_0.role from users u1_0 where u1_0.email=?
Hibernate: select u1_0.id,u1_0.email,u1_0.first_name,u1_0.last_name,u1_0.password,u1_0.phone,u1_0.role from users u1_0 where u1_0.email=?
Hibernate: select b1_0.id,b1_0.address_id,b1_0.category_id,b1_0.customer_id,b1_0.customer_latitude,b1_0.customer_longitude,b1_0.is_emergency,b1_0.notes,b1_0.partner_id,b1_0.partner_latitude,b1_0.partner_longitude,b1_0.scheduled_date,b1_0.status,b1_0.total_amount from bookings b1_0 where b1_0.customer_id=?
Hibernate: select sc1_0.id,sc1_0.description,sc1_0.icon_url,sc1_0.is_active,sc1_0.name from service_categories sc1_0
Hibernate: select u1_0.id,u1_0.email,u1_0.first_name,u1_0.last_name,u1_0.password,u1_0.phone,u1_0.role from users u1_0 where u1_0.id=?
Hibernate: select u1_0.id,u1_0.email,u1_0.first_name,u1_0.last_name,u1_0.password,u1_0.phone,u1_0.role from users u1_0 where u1_0.id=?
Hibernate: select sc1_0.id,sc1_0.description,sc1_0.icon_url,sc1_0.is_active,sc1_0.name from service_categories sc1_0 where sc1_0.id=?
Hibernate: select a1_0.id,a1_0.city,a1_0.country,a1_0.is_default,a1_0.latitude,a1_0.longitude,a1_0.state,a1_0.street,a1_0.user_id,a1_0.zip_code from addresses a1_0 where a1_0.id=?
Hibernate: select u1_0.id,u1_0.email,u1_0.first_name,u1_0.last_name,u1_0.password,u1_0.phone,u1_0.role from users u1_0 where u1_0.id=?
Hibernate: select u1_0.id,u1_0.email,u1_0.first_name,u1_0.last_name,u1_0.password,u1_0.phone,u1_0.role from users u1_0 where u1_0.email=?
Hibernate: select u1_0.id,u1_0.email,u1_0.first_name,u1_0.last_name,u1_0.password,u1_0.phone,u1_0.role from users u1_0 where u1_0.email=?
Hibernate: select sc1_0.id,sc1_0.description,sc1_0.icon_url,sc1_0.is_active,sc1_0.name from service_categories sc1_0
Hibernate: select b1_0.id,b1_0.address_id,b1_0.category_id,b1_0.customer_id,b1_0.customer_latitude,b1_0.customer_longitude,b1_0.is_emergency,b1_0.notes,b1_0.partner_id,b1_0.partner_latitude,b1_0.partner_longitude,b1_0.scheduled_date,b1_0.status,b1_0.total_amount from bookings b1_0 where b1_0.customer_id=?
Hibernate: select u1_0.id,u1_0.email,u1_0.first_name,u1_0.last_name,u1_0.password,u1_0.phone,u1_0.role from users u1_0 where u1_0.id=?
Hibernate: select u1_0.id,u1_0.email,u1_0.first_name,u1_0.last_name,u1_0.password,u1_0.phone,u1_0.role from users u1_0 where u1_0.id=?
Hibernate: select sc1_0.id,sc1_0.description,sc1_0.icon_url,sc1_0.is_active,sc1_0.name from service_categories sc1_0 where sc1_0.id=?
Hibernate: select a1_0.id,a1_0.city,a1_0.country,a1_0.is_default,a1_0.latitude,a1_0.longitude,a1_0.state,a1_0.street,a1_0.user_id,a1_0.zip_code from addresses a1_0 where a1_0.id=?
Hibernate: select u1_0.id,u1_0.email,u1_0.first_name,u1_0.last_name,u1_0.password,u1_0.phone,u1_0.role from users u1_0 where u1_0.id=?
Hibernate: select u1_0.id,u1_0.email,u1_0.first_name,u1_0.last_name,u1_0.password,u1_0.phone,u1_0.role from users u1_0 where u1_0.email=?
Hibernate: select count(n1_0.id) from notifications n1_0 where n1_0.user_id=? and not(n1_0.is_read)
Hibernate: select u1_0.id,u1_0.email,u1_0.first_name,u1_0.last_name,u1_0.password,u1_0.phone,u1_0.role from users u1_0 where u1_0.email=?
Hibernate: select count(n1_0.id) from notifications n1_0 where n1_0.user_id=? and not(n1_0.is_read)
Hibernate: select u1_0.id,u1_0.email,u1_0.first_name,u1_0.last_name,u1_0.password,u1_0.phone,u1_0.role from users u1_0 where u1_0.email=?
Hibernate: select count(n1_0.id) from notifications n1_0 where n1_0.user_id=? and not(n1_0.is_read)
Hibernate: select u1_0.id,u1_0.email,u1_0.first_name,u1_0.last_name,u1_0.password,u1_0.phone,u1_0.role from users u1_0 where u1_0.email=?
Hibernate: select count(n1_0.id) from notifications n1_0 where n1_0.user_id=? and not(n1_0.is_read)
Hibernate: select u1_0.id,u1_0.email,u1_0.first_name,u1_0.last_name,u1_0.password,u1_0.phone,u1_0.role from users u1_0 where u1_0.email=?
Hibernate: select count(n1_0.id) from notifications n1_0 where n1_0.user_id=? and not(n1_0.is_read)
Hibernate: select u1_0.id,u1_0.email,u1_0.first_name,u1_0.last_name,u1_0.password,u1_0.phone,u1_0.role from users u1_0 where u1_0.email=?
Hibernate: select u1_0.id,u1_0.email,u1_0.first_name,u1_0.last_name,u1_0.password,u1_0.phone,u1_0.role from users u1_0 where u1_0.email=?
Hibernate: select u1_0.id,u1_0.email,u1_0.first_name,u1_0.last_name,u1_0.password,u1_0.phone,u1_0.role from users u1_0 where u1_0.email=?
Hibernate: select u1_0.id,u1_0.email,u1_0.first_name,u1_0.last_name,u1_0.password,u1_0.phone,u1_0.role from users u1_0 where u1_0.email=?
Hibernate: select u1_0.id,u1_0.email,u1_0.first_name,u1_0.last_name,u1_0.password,u1_0.phone,u1_0.role from users u1_0 where u1_0.email=?
Hibernate: select u1_0.id,u1_0.email,u1_0.first_name,u1_0.last_name,u1_0.password,u1_0.phone,u1_0.role from users u1_0 where u1_0.email=?
Hibernate: select u1_0.id,u1_0.email,u1_0.first_name,u1_0.last_name,u1_0.password,u1_0.phone,u1_0.role from users u1_0 where u1_0.email=?
Hibernate: select u1_0.id,u1_0.email,u1_0.first_name,u1_0.last_name,u1_0.password,u1_0.phone,u1_0.role from users u1_0 where u1_0.email=?
Hibernate: select spp1_0.id,spp1_0.current_latitude,spp1_0.current_longitude,spp1_0.experience_years,spp1_0.hourly_rate,spp1_0.is_available,spp1_0.is_online,spp1_0.kyc_document_ref,spp1_0.kyc_status,spp1_0.last_location_update,spp1_0.smart_service_score,spp1_0.total_reviews,spp1_0.user_id from partner_profiles spp1_0 where spp1_0.user_id=?
Hibernate: select b1_0.id,b1_0.address_id,b1_0.category_id,b1_0.customer_id,b1_0.customer_latitude,b1_0.customer_longitude,b1_0.is_emergency,b1_0.notes,b1_0.partner_id,b1_0.partner_latitude,b1_0.partner_longitude,b1_0.scheduled_date,b1_0.status,b1_0.total_amount from bookings b1_0 where b1_0.partner_id=?
Hibernate: select s1_0.profile_id,s1_0.skill from partner_skills s1_0 where s1_0.profile_id=?
Hibernate: select n1_0.id,n1_0.booking_id,n1_0.created_at,n1_0.is_read,n1_0.message,n1_0.title,n1_0.type,n1_0.user_id from notifications n1_0 where n1_0.user_id=? order by n1_0.created_at desc
Hibernate: select u1_0.id,u1_0.email,u1_0.first_name,u1_0.last_name,u1_0.password,u1_0.phone,u1_0.role from users u1_0 where u1_0.id=?
Hibernate: select sc1_0.id,sc1_0.description,sc1_0.icon_url,sc1_0.is_active,sc1_0.name from service_categories sc1_0
Hibernate: select u1_0.id,u1_0.email,u1_0.first_name,u1_0.last_name,u1_0.password,u1_0.phone,u1_0.role from users u1_0 where u1_0.id=?
Hibernate: select count(n1_0.id) from notifications n1_0 where n1_0.user_id=? and not(n1_0.is_read)
Hibernate: select sc1_0.id,sc1_0.description,sc1_0.icon_url,sc1_0.is_active,sc1_0.name from service_categories sc1_0 where sc1_0.id=?
Hibernate: select a1_0.id,a1_0.city,a1_0.country,a1_0.is_default,a1_0.latitude,a1_0.longitude,a1_0.state,a1_0.street,a1_0.user_id,a1_0.zip_code from addresses a1_0 where a1_0.id=?
Hibernate: select u1_0.id,u1_0.email,u1_0.first_name,u1_0.last_name,u1_0.password,u1_0.phone,u1_0.role from users u1_0 where u1_0.email=?
Hibernate: select u1_0.id,u1_0.email,u1_0.first_name,u1_0.last_name,u1_0.password,u1_0.phone,u1_0.role from users u1_0 where u1_0.email=?
Hibernate: select u1_0.id,u1_0.email,u1_0.first_name,u1_0.last_name,u1_0.password,u1_0.phone,u1_0.role from users u1_0 where u1_0.email=?
Hibernate: select u1_0.id,u1_0.email,u1_0.first_name,u1_0.last_name,u1_0.password,u1_0.phone,u1_0.role from users u1_0 where u1_0.email=?
Hibernate: select u1_0.id,u1_0.email,u1_0.first_name,u1_0.last_name,u1_0.password,u1_0.phone,u1_0.role from users u1_0 where u1_0.email=?
Hibernate: select spp1_0.id,spp1_0.current_latitude,spp1_0.current_longitude,spp1_0.experience_years,spp1_0.hourly_rate,spp1_0.is_available,spp1_0.is_online,spp1_0.kyc_document_ref,spp1_0.kyc_status,spp1_0.last_location_update,spp1_0.smart_service_score,spp1_0.total_reviews,spp1_0.user_id from partner_profiles spp1_0 where spp1_0.user_id=?
Hibernate: select count(n1_0.id) from notifications n1_0 where n1_0.user_id=? and not(n1_0.is_read)
Hibernate: select s1_0.profile_id,s1_0.skill from partner_skills s1_0 where s1_0.profile_id=?
Hibernate: select n1_0.id,n1_0.booking_id,n1_0.created_at,n1_0.is_read,n1_0.message,n1_0.title,n1_0.type,n1_0.user_id from notifications n1_0 where n1_0.user_id=? order by n1_0.created_at desc
Hibernate: select sc1_0.id,sc1_0.description,sc1_0.icon_url,sc1_0.is_active,sc1_0.name from service_categories sc1_0
Hibernate: select b1_0.id,b1_0.address_id,b1_0.category_id,b1_0.customer_id,b1_0.customer_latitude,b1_0.customer_longitude,b1_0.is_emergency,b1_0.notes,b1_0.partner_id,b1_0.partner_latitude,b1_0.partner_longitude,b1_0.scheduled_date,b1_0.status,b1_0.total_amount from bookings b1_0 where b1_0.partner_id=?
Hibernate: select u1_0.id,u1_0.email,u1_0.first_name,u1_0.last_name,u1_0.password,u1_0.phone,u1_0.role from users u1_0 where u1_0.id=?
Hibernate: select u1_0.id,u1_0.email,u1_0.first_name,u1_0.last_name,u1_0.password,u1_0.phone,u1_0.role from users u1_0 where u1_0.id=?
Hibernate: select sc1_0.id,sc1_0.description,sc1_0.icon_url,sc1_0.is_active,sc1_0.name from service_categories sc1_0 where sc1_0.id=?
Hibernate: select a1_0.id,a1_0.city,a1_0.country,a1_0.is_default,a1_0.latitude,a1_0.longitude,a1_0.state,a1_0.street,a1_0.user_id,a1_0.zip_code from addresses a1_0 where a1_0.id=?
Hibernate: select u1_0.id,u1_0.email,u1_0.first_name,u1_0.last_name,u1_0.password,u1_0.phone,u1_0.role from users u1_0 where u1_0.email=?
Hibernate: select spp1_0.id,spp1_0.current_latitude,spp1_0.current_longitude,spp1_0.experience_years,spp1_0.hourly_rate,spp1_0.is_available,spp1_0.is_online,spp1_0.kyc_document_ref,spp1_0.kyc_status,spp1_0.last_location_update,spp1_0.smart_service_score,spp1_0.total_reviews,spp1_0.user_id from partner_profiles spp1_0 where spp1_0.user_id=?
Hibernate: update partner_profiles set current_latitude=?,current_longitude=?,experience_years=?,hourly_rate=?,is_available=?,is_online=?,kyc_document_ref=?,kyc_status=?,last_location_update=?,smart_service_score=?,total_reviews=?,user_id=? where id=?
Hibernate: select s1_0.profile_id,s1_0.skill from partner_skills s1_0 where s1_0.profile_id=?
Hibernate: select u1_0.id,u1_0.email,u1_0.first_name,u1_0.last_name,u1_0.password,u1_0.phone,u1_0.role from users u1_0 where u1_0.email=?
Hibernate: select count(n1_0.id) from notifications n1_0 where n1_0.user_id=? and not(n1_0.is_read)
Hibernate: select u1_0.id,u1_0.email,u1_0.first_name,u1_0.last_name,u1_0.password,u1_0.phone,u1_0.role from users u1_0 where u1_0.email=?
Hibernate: select count(n1_0.id) from notifications n1_0 where n1_0.user_id=? and not(n1_0.is_read)
Hibernate: select u1_0.id,u1_0.email,u1_0.first_name,u1_0.last_name,u1_0.password,u1_0.phone,u1_0.role from users u1_0 where u1_0.email=?
Hibernate: select count(n1_0.id) from notifications n1_0 where n1_0.user_id=? and not(n1_0.is_read)
Hibernate: select u1_0.id,u1_0.email,u1_0.first_name,u1_0.last_name,u1_0.password,u1_0.phone,u1_0.role from users u1_0 where u1_0.email=?
Hibernate: select spp1_0.id,spp1_0.current_latitude,spp1_0.current_longitude,spp1_0.experience_years,spp1_0.hourly_rate,spp1_0.is_available,spp1_0.is_online,spp1_0.kyc_document_ref,spp1_0.kyc_status,spp1_0.last_location_update,spp1_0.smart_service_score,spp1_0.total_reviews,spp1_0.user_id from partner_profiles spp1_0 where spp1_0.user_id=?
Hibernate: update partner_profiles set current_latitude=?,current_longitude=?,experience_years=?,hourly_rate=?,is_available=?,is_online=?,kyc_document_ref=?,kyc_status=?,last_location_update=?,smart_service_score=?,total_reviews=?,user_id=? where id=?
Hibernate: select s1_0.profile_id,s1_0.skill from partner_skills s1_0 where s1_0.profile_id=?
Hibernate: select u1_0.id,u1_0.email,u1_0.first_name,u1_0.last_name,u1_0.password,u1_0.phone,u1_0.role from users u1_0 where u1_0.email=?
Hibernate: select count(n1_0.id) from notifications n1_0 where n1_0.user_id=? and not(n1_0.is_read)
Hibernate: select u1_0.id,u1_0.email,u1_0.first_name,u1_0.last_name,u1_0.password,u1_0.phone,u1_0.role from users u1_0 where u1_0.email=?
Hibernate: select u1_0.id,u1_0.email,u1_0.first_name,u1_0.last_name,u1_0.password,u1_0.phone,u1_0.role from users u1_0 where u1_0.email=?
Hibernate: select a1_0.id,a1_0.city,a1_0.country,a1_0.is_default,a1_0.latitude,a1_0.longitude,a1_0.state,a1_0.street,a1_0.user_id,a1_0.zip_code from addresses a1_0 where a1_0.user_id=?
Hibernate: select sc1_0.id,sc1_0.description,sc1_0.icon_url,sc1_0.is_active,sc1_0.name from service_categories sc1_0
Hibernate: select u1_0.id,u1_0.email,u1_0.first_name,u1_0.last_name,u1_0.password,u1_0.phone,u1_0.role from users u1_0 where u1_0.email=?
Hibernate: select count(n1_0.id) from notifications n1_0 where n1_0.user_id=? and not(n1_0.is_read)
Hibernate: select u1_0.id,u1_0.email,u1_0.first_name,u1_0.last_name,u1_0.password,u1_0.phone,u1_0.role from users u1_0 where u1_0.email=?
Hibernate: select count(n1_0.id) from notifications n1_0 where n1_0.user_id=? and not(n1_0.is_read)
Hibernate: select u1_0.id,u1_0.email,u1_0.first_name,u1_0.last_name,u1_0.password,u1_0.phone,u1_0.role from users u1_0 where u1_0.email=?
Hibernate: select count(n1_0.id) from notifications n1_0 where n1_0.user_id=? and not(n1_0.is_read)
Hibernate: select u1_0.id,u1_0.email,u1_0.first_name,u1_0.last_name,u1_0.password,u1_0.phone,u1_0.role from users u1_0 where u1_0.email=?
Hibernate: select u1_0.id,u1_0.email,u1_0.first_name,u1_0.last_name,u1_0.password,u1_0.phone,u1_0.role from users u1_0 where u1_0.email=?
Hibernate: select count(n1_0.id) from notifications n1_0 where n1_0.user_id=? and not(n1_0.is_read)
Hibernate: select spp1_0.id,spp1_0.current_latitude,spp1_0.current_longitude,spp1_0.experience_years,spp1_0.hourly_rate,spp1_0.is_available,spp1_0.is_online,spp1_0.kyc_document_ref,spp1_0.kyc_status,spp1_0.last_location_update,spp1_0.smart_service_score,spp1_0.total_reviews,spp1_0.user_id from partner_profiles spp1_0 where spp1_0.user_id=?
Hibernate: update partner_profiles set current_latitude=?,current_longitude=?,experience_years=?,hourly_rate=?,is_available=?,is_online=?,kyc_document_ref=?,kyc_status=?,last_location_update=?,smart_service_score=?,total_reviews=?,user_id=? where id=?
Hibernate: select s1_0.profile_id,s1_0.skill from partner_skills s1_0 where s1_0.profile_id=?
Hibernate: select u1_0.id,u1_0.email,u1_0.first_name,u1_0.last_name,u1_0.password,u1_0.phone,u1_0.role from users u1_0 where u1_0.email=?
Hibernate: select count(n1_0.id) from notifications n1_0 where n1_0.user_id=? and not(n1_0.is_read)
Hibernate: select u1_0.id,u1_0.email,u1_0.first_name,u1_0.last_name,u1_0.password,u1_0.phone,u1_0.role from users u1_0 where u1_0.email=?
Hibernate: select count(n1_0.id) from notifications n1_0 where n1_0.user_id=? and not(n1_0.is_read)
Hibernate: select u1_0.id,u1_0.email,u1_0.first_name,u1_0.last_name,u1_0.password,u1_0.phone,u1_0.role from users u1_0 where u1_0.email=?
Hibernate: select count(n1_0.id) from notifications n1_0 where n1_0.user_id=? and not(n1_0.is_read)
2026-08-18T17:16:49.098+05:30  INFO 20852 --- [fixmate-backend] [trap-executor-0] c.n.d.s.r.aws.ConfigClusterResolver      : Resolving eureka endpoints via configuration
Hibernate: select u1_0.id,u1_0.email,u1_0.first_name,u1_0.last_name,u1_0.password,u1_0.phone,u1_0.role from users u1_0 where u1_0.email=?
Hibernate: select count(n1_0.id) from notifications n1_0 where n1_0.user_id=? and not(n1_0.is_read)
Hibernate: select u1_0.id,u1_0.email,u1_0.first_name,u1_0.last_name,u1_0.password,u1_0.phone,u1_0.role from users u1_0 where u1_0.email=?
Hibernate: select sc1_0.id,sc1_0.description,sc1_0.icon_url,sc1_0.is_active,sc1_0.name from service_categories sc1_0 where sc1_0.id=?
Hibernate: select distinct spp1_0.id,spp1_0.current_latitude,spp1_0.current_longitude,spp1_0.experience_years,spp1_0.hourly_rate,spp1_0.is_available,spp1_0.is_online,spp1_0.kyc_document_ref,spp1_0.kyc_status,spp1_0.last_location_update,spp1_0.smart_service_score,spp1_0.total_reviews,spp1_0.user_id from partner_profiles spp1_0 join partner_skills s1_0 on spp1_0.id=s1_0.profile_id where lower(trim(BOTH from s1_0.skill))=lower(trim(BOTH from ?)) and spp1_0.kyc_status='APPROVED' and spp1_0.is_online=1 and spp1_0.is_available=1 and spp1_0.current_latitude is not null and spp1_0.current_longitude is not null and spp1_0.last_location_update is not null and spp1_0.last_location_update>=?
Hibernate: select u1_0.id,u1_0.email,u1_0.first_name,u1_0.last_name,u1_0.password,u1_0.phone,u1_0.role from users u1_0 where u1_0.id=?
Hibernate: select u1_0.id,u1_0.email,u1_0.first_name,u1_0.last_name,u1_0.password,u1_0.phone,u1_0.role from users u1_0 where u1_0.id=?
Hibernate: select s1_0.profile_id,s1_0.skill from partner_skills s1_0 where s1_0.profile_id=?
Hibernate: select s1_0.profile_id,s1_0.skill from partner_skills s1_0 where s1_0.profile_id=?
Hibernate: select u1_0.id,u1_0.email,u1_0.first_name,u1_0.last_name,u1_0.password,u1_0.phone,u1_0.role from users u1_0 where u1_0.email=?
Hibernate: select count(n1_0.id) from notifications n1_0 where n1_0.user_id=? and not(n1_0.is_read)
Hibernate: select u1_0.id,u1_0.email,u1_0.first_name,u1_0.last_name,u1_0.password,u1_0.phone,u1_0.role from users u1_0 where u1_0.email=?
Hibernate: select sc1_0.id,sc1_0.description,sc1_0.icon_url,sc1_0.is_active,sc1_0.name from service_categories sc1_0 where sc1_0.id=?
Hibernate: select distinct spp1_0.id,spp1_0.current_latitude,spp1_0.current_longitude,spp1_0.experience_years,spp1_0.hourly_rate,spp1_0.is_available,spp1_0.is_online,spp1_0.kyc_document_ref,spp1_0.kyc_status,spp1_0.last_location_update,spp1_0.smart_service_score,spp1_0.total_reviews,spp1_0.user_id from partner_profiles spp1_0 join partner_skills s1_0 on spp1_0.id=s1_0.profile_id where lower(trim(BOTH from s1_0.skill))=lower(trim(BOTH from ?)) and spp1_0.kyc_status='APPROVED' and spp1_0.is_online=1 and spp1_0.is_available=1 and spp1_0.current_latitude is not null and spp1_0.current_longitude is not null and spp1_0.last_location_update is not null and spp1_0.last_location_update>=?
Hibernate: select u1_0.id,u1_0.email,u1_0.first_name,u1_0.last_name,u1_0.password,u1_0.phone,u1_0.role from users u1_0 where u1_0.id=?
Hibernate: select u1_0.id,u1_0.email,u1_0.first_name,u1_0.last_name,u1_0.password,u1_0.phone,u1_0.role from users u1_0 where u1_0.id=?
Hibernate: select s1_0.profile_id,s1_0.skill from partner_skills s1_0 where s1_0.profile_id=?
Hibernate: select s1_0.profile_id,s1_0.skill from partner_skills s1_0 where s1_0.profile_id=?
Hibernate: select u1_0.id,u1_0.email,u1_0.first_name,u1_0.last_name,u1_0.password,u1_0.phone,u1_0.role from users u1_0 where u1_0.email=?
Hibernate: select count(n1_0.id) from notifications n1_0 where n1_0.user_id=? and not(n1_0.is_read)
Hibernate: select u1_0.id,u1_0.email,u1_0.first_name,u1_0.last_name,u1_0.password,u1_0.phone,u1_0.role from users u1_0 where u1_0.email=?
Hibernate: select count(n1_0.id) from notifications n1_0 where n1_0.user_id=? and not(n1_0.is_read)
Hibernate: select u1_0.id,u1_0.email,u1_0.first_name,u1_0.last_name,u1_0.password,u1_0.phone,u1_0.role from users u1_0 where u1_0.email=?
Hibernate: select spp1_0.id,spp1_0.current_latitude,spp1_0.current_longitude,spp1_0.experience_years,spp1_0.hourly_rate,spp1_0.is_available,spp1_0.is_online,spp1_0.kyc_document_ref,spp1_0.kyc_status,spp1_0.last_location_update,spp1_0.smart_service_score,spp1_0.total_reviews,spp1_0.user_id from partner_profiles spp1_0 where spp1_0.user_id=?
Hibernate: update partner_profiles set current_latitude=?,current_longitude=?,experience_years=?,hourly_rate=?,is_available=?,is_online=?,kyc_document_ref=?,kyc_status=?,last_location_update=?,smart_service_score=?,total_reviews=?,user_id=? where id=?
2026-08-18T17:17:05.572+05:30  INFO 20852 --- [fixmate-backend] [nio-8081-exec-5] com.fixmate.service.LiveNearbyService    : Partner 35 changed state — refreshing 1 live stream(s)
Hibernate: select sc1_0.id,sc1_0.description,sc1_0.icon_url,sc1_0.is_active,sc1_0.name from service_categories sc1_0 where sc1_0.id=?
Hibernate: select distinct spp1_0.id,spp1_0.current_latitude,spp1_0.current_longitude,spp1_0.experience_years,spp1_0.hourly_rate,spp1_0.is_available,spp1_0.is_online,spp1_0.kyc_document_ref,spp1_0.kyc_status,spp1_0.last_location_update,spp1_0.smart_service_score,spp1_0.total_reviews,spp1_0.user_id from partner_profiles spp1_0 join partner_skills s1_0 on spp1_0.id=s1_0.profile_id where lower(trim(BOTH from s1_0.skill))=lower(trim(BOTH from ?)) and spp1_0.kyc_status='APPROVED' and spp1_0.is_online=1 and spp1_0.is_available=1 and spp1_0.current_latitude is not null and spp1_0.current_longitude is not null and spp1_0.last_location_update is not null and spp1_0.last_location_update>=?
Hibernate: select u1_0.id,u1_0.email,u1_0.first_name,u1_0.last_name,u1_0.password,u1_0.phone,u1_0.role from users u1_0 where u1_0.id=?
Hibernate: select u1_0.id,u1_0.email,u1_0.first_name,u1_0.last_name,u1_0.password,u1_0.phone,u1_0.role from users u1_0 where u1_0.id=?
Hibernate: select s1_0.profile_id,s1_0.skill from partner_skills s1_0 where s1_0.profile_id=?
Hibernate: select s1_0.profile_id,s1_0.skill from partner_skills s1_0 where s1_0.profile_id=?
Hibernate: select u1_0.id,u1_0.email,u1_0.first_name,u1_0.last_name,u1_0.password,u1_0.phone,u1_0.role from users u1_0 where u1_0.email=?
Hibernate: select count(n1_0.id) from notifications n1_0 where n1_0.user_id=? and not(n1_0.is_read)
Hibernate: select u1_0.id,u1_0.email,u1_0.first_name,u1_0.last_name,u1_0.password,u1_0.phone,u1_0.role from users u1_0 where u1_0.email=?
Hibernate: select count(n1_0.id) from notifications n1_0 where n1_0.user_id=? and not(n1_0.is_read)
Hibernate: select u1_0.id,u1_0.email,u1_0.first_name,u1_0.last_name,u1_0.password,u1_0.phone,u1_0.role from users u1_0 where u1_0.email=?
Hibernate: select count(n1_0.id) from notifications n1_0 where n1_0.user_id=? and not(n1_0.is_read)
Hibernate: select u1_0.id,u1_0.email,u1_0.first_name,u1_0.last_name,u1_0.password,u1_0.phone,u1_0.role from users u1_0 where u1_0.email=?
Hibernate: select count(n1_0.id) from notifications n1_0 where n1_0.user_id=? and not(n1_0.is_read)
Hibernate: select u1_0.id,u1_0.email,u1_0.first_name,u1_0.last_name,u1_0.password,u1_0.phone,u1_0.role from users u1_0 where u1_0.email=?
Hibernate: select u1_0.id,u1_0.email,u1_0.first_name,u1_0.last_name,u1_0.password,u1_0.phone,u1_0.role from users u1_0 where u1_0.email=?
Hibernate: select count(n1_0.id) from notifications n1_0 where n1_0.user_id=? and not(n1_0.is_read)
Hibernate: select u1_0.id,u1_0.email,u1_0.first_name,u1_0.last_name,u1_0.password,u1_0.phone,u1_0.role from users u1_0 where u1_0.email=?
Hibernate: select u1_0.id,u1_0.email,u1_0.first_name,u1_0.last_name,u1_0.password,u1_0.phone,u1_0.role from users u1_0 where u1_0.email=?
Hibernate: select u1_0.id,u1_0.email,u1_0.first_name,u1_0.last_name,u1_0.password,u1_0.phone,u1_0.role from users u1_0 where u1_0.email=?
Hibernate: select spp1_0.id,spp1_0.current_latitude,spp1_0.current_longitude,spp1_0.experience_years,spp1_0.hourly_rate,spp1_0.is_available,spp1_0.is_online,spp1_0.kyc_document_ref,spp1_0.kyc_status,spp1_0.last_location_update,spp1_0.smart_service_score,spp1_0.total_reviews,spp1_0.user_id from partner_profiles spp1_0 where spp1_0.user_id=?
Hibernate: select count(n1_0.id) from notifications n1_0 where n1_0.user_id=? and not(n1_0.is_read)
Hibernate: update partner_profiles set current_latitude=?,current_longitude=?,experience_years=?,hourly_rate=?,is_available=?,is_online=?,kyc_document_ref=?,kyc_status=?,last_location_update=?,smart_service_score=?,total_reviews=?,user_id=? where id=?
2026-08-18T17:17:35.970+05:30  INFO 20852 --- [fixmate-backend] [nio-8081-exec-4] com.fixmate.service.LiveNearbyService    : Partner 35 changed state — refreshing 1 live stream(s)
Hibernate: select sc1_0.id,sc1_0.description,sc1_0.icon_url,sc1_0.is_active,sc1_0.name from service_categories sc1_0 where sc1_0.id=?
Hibernate: select distinct spp1_0.id,spp1_0.current_latitude,spp1_0.current_longitude,spp1_0.experience_years,spp1_0.hourly_rate,spp1_0.is_available,spp1_0.is_online,spp1_0.kyc_document_ref,spp1_0.kyc_status,spp1_0.last_location_update,spp1_0.smart_service_score,spp1_0.total_reviews,spp1_0.user_id from partner_profiles spp1_0 join partner_skills s1_0 on spp1_0.id=s1_0.profile_id where lower(trim(BOTH from s1_0.skill))=lower(trim(BOTH from ?)) and spp1_0.kyc_status='APPROVED' and spp1_0.is_online=1 and spp1_0.is_available=1 and spp1_0.current_latitude is not null and spp1_0.current_longitude is not null and spp1_0.last_location_update is not null and spp1_0.last_location_update>=?
Hibernate: select u1_0.id,u1_0.email,u1_0.first_name,u1_0.last_name,u1_0.password,u1_0.phone,u1_0.role from users u1_0 where u1_0.id=?
Hibernate: select u1_0.id,u1_0.email,u1_0.first_name,u1_0.last_name,u1_0.password,u1_0.phone,u1_0.role from users u1_0 where u1_0.id=?
Hibernate: select s1_0.profile_id,s1_0.skill from partner_skills s1_0 where s1_0.profile_id=?
Hibernate: select s1_0.profile_id,s1_0.skill from partner_skills s1_0 where s1_0.profile_id=?
Hibernate: select u1_0.id,u1_0.email,u1_0.first_name,u1_0.last_name,u1_0.password,u1_0.phone,u1_0.role from users u1_0 where u1_0.email=?
Hibernate: select u1_0.id,u1_0.email,u1_0.first_name,u1_0.last_name,u1_0.password,u1_0.phone,u1_0.role from users u1_0 where u1_0.email=?
Hibernate: select u1_0.id,u1_0.email,u1_0.first_name,u1_0.last_name,u1_0.password,u1_0.phone,u1_0.role from users u1_0 where u1_0.email=?
Hibernate: select u1_0.id,u1_0.email,u1_0.first_name,u1_0.last_name,u1_0.password,u1_0.phone,u1_0.role from users u1_0 where u1_0.email=?
Hibernate: select u1_0.id,u1_0.email,u1_0.first_name,u1_0.last_name,u1_0.password,u1_0.phone,u1_0.role from users u1_0 where u1_0.email=?
Hibernate: select b1_0.id,b1_0.address_id,b1_0.category_id,b1_0.customer_id,b1_0.customer_latitude,b1_0.customer_longitude,b1_0.is_emergency,b1_0.notes,b1_0.partner_id,b1_0.partner_latitude,b1_0.partner_longitude,b1_0.scheduled_date,b1_0.status,b1_0.total_amount from bookings b1_0 where b1_0.customer_id=?
Hibernate: select sc1_0.id,sc1_0.description,sc1_0.icon_url,sc1_0.is_active,sc1_0.name from service_categories sc1_0
Hibernate: select u1_0.id,u1_0.email,u1_0.first_name,u1_0.last_name,u1_0.password,u1_0.phone,u1_0.role from users u1_0 where u1_0.id=?
Hibernate: select u1_0.id,u1_0.email,u1_0.first_name,u1_0.last_name,u1_0.password,u1_0.phone,u1_0.role from users u1_0 where u1_0.id=?
Hibernate: select sc1_0.id,sc1_0.description,sc1_0.icon_url,sc1_0.is_active,sc1_0.name from service_categories sc1_0 where sc1_0.id=?
Hibernate: select a1_0.id,a1_0.city,a1_0.country,a1_0.is_default,a1_0.latitude,a1_0.longitude,a1_0.state,a1_0.street,a1_0.user_id,a1_0.zip_code from addresses a1_0 where a1_0.id=?
Hibernate: select u1_0.id,u1_0.email,u1_0.first_name,u1_0.last_name,u1_0.password,u1_0.phone,u1_0.role from users u1_0 where u1_0.id=?
Hibernate: select u1_0.id,u1_0.email,u1_0.first_name,u1_0.last_name,u1_0.password,u1_0.phone,u1_0.role from users u1_0 where u1_0.email=?
Hibernate: select u1_0.id,u1_0.email,u1_0.first_name,u1_0.last_name,u1_0.password,u1_0.phone,u1_0.role from users u1_0 where u1_0.email=?
Hibernate: select sc1_0.id,sc1_0.description,sc1_0.icon_url,sc1_0.is_active,sc1_0.name from service_categories sc1_0
Hibernate: select u1_0.id,u1_0.email,u1_0.first_name,u1_0.last_name,u1_0.password,u1_0.phone,u1_0.role from users u1_0 where u1_0.email=?
Hibernate: select b1_0.id,b1_0.address_id,b1_0.category_id,b1_0.customer_id,b1_0.customer_latitude,b1_0.customer_longitude,b1_0.is_emergency,b1_0.notes,b1_0.partner_id,b1_0.partner_latitude,b1_0.partner_longitude,b1_0.scheduled_date,b1_0.status,b1_0.total_amount from bookings b1_0 where b1_0.customer_id=?
Hibernate: select count(n1_0.id) from notifications n1_0 where n1_0.user_id=? and not(n1_0.is_read)
Hibernate: select u1_0.id,u1_0.email,u1_0.first_name,u1_0.last_name,u1_0.password,u1_0.phone,u1_0.role from users u1_0 where u1_0.id=?
Hibernate: select u1_0.id,u1_0.email,u1_0.first_name,u1_0.last_name,u1_0.password,u1_0.phone,u1_0.role from users u1_0 where u1_0.id=?
Hibernate: select sc1_0.id,sc1_0.description,sc1_0.icon_url,sc1_0.is_active,sc1_0.name from service_categories sc1_0 where sc1_0.id=?
Hibernate: select a1_0.id,a1_0.city,a1_0.country,a1_0.is_default,a1_0.latitude,a1_0.longitude,a1_0.state,a1_0.street,a1_0.user_id,a1_0.zip_code from addresses a1_0 where a1_0.id=?
Hibernate: select u1_0.id,u1_0.email,u1_0.first_name,u1_0.last_name,u1_0.password,u1_0.phone,u1_0.role from users u1_0 where u1_0.id=?
Hibernate: select u1_0.id,u1_0.email,u1_0.first_name,u1_0.last_name,u1_0.password,u1_0.phone,u1_0.role from users u1_0 where u1_0.email=?
Hibernate: select u1_0.id,u1_0.email,u1_0.first_name,u1_0.last_name,u1_0.password,u1_0.phone,u1_0.role from users u1_0 where u1_0.email=?
Hibernate: select a1_0.id,a1_0.city,a1_0.country,a1_0.is_default,a1_0.latitude,a1_0.longitude,a1_0.state,a1_0.street,a1_0.user_id,a1_0.zip_code from addresses a1_0 where a1_0.user_id=?
Hibernate: select sc1_0.id,sc1_0.description,sc1_0.icon_url,sc1_0.is_active,sc1_0.name from service_categories sc1_0
Hibernate: select u1_0.id,u1_0.email,u1_0.first_name,u1_0.last_name,u1_0.password,u1_0.phone,u1_0.role from users u1_0 where u1_0.email=?
Hibernate: select count(n1_0.id) from notifications n1_0 where n1_0.user_id=? and not(n1_0.is_read)
Hibernate: select u1_0.id,u1_0.email,u1_0.first_name,u1_0.last_name,u1_0.password,u1_0.phone,u1_0.role from users u1_0 where u1_0.email=?
Hibernate: select count(n1_0.id) from notifications n1_0 where n1_0.user_id=? and not(n1_0.is_read)
Hibernate: select u1_0.id,u1_0.email,u1_0.first_name,u1_0.last_name,u1_0.password,u1_0.phone,u1_0.role from users u1_0 where u1_0.email=?
Hibernate: select u1_0.id,u1_0.email,u1_0.first_name,u1_0.last_name,u1_0.password,u1_0.phone,u1_0.role from users u1_0 where u1_0.email=?
Hibernate: select count(n1_0.id) from notifications n1_0 where n1_0.user_id=? and not(n1_0.is_read)
Hibernate: select u1_0.id,u1_0.email,u1_0.first_name,u1_0.last_name,u1_0.password,u1_0.phone,u1_0.role from users u1_0 where u1_0.email=?
Hibernate: select sc1_0.id,sc1_0.description,sc1_0.icon_url,sc1_0.is_active,sc1_0.name from service_categories sc1_0 where sc1_0.id=?
Hibernate: select distinct spp1_0.id,spp1_0.current_latitude,spp1_0.current_longitude,spp1_0.experience_years,spp1_0.hourly_rate,spp1_0.is_available,spp1_0.is_online,spp1_0.kyc_document_ref,spp1_0.kyc_status,spp1_0.last_location_update,spp1_0.smart_service_score,spp1_0.total_reviews,spp1_0.user_id from partner_profiles spp1_0 join partner_skills s1_0 on spp1_0.id=s1_0.profile_id where lower(trim(BOTH from s1_0.skill))=lower(trim(BOTH from ?)) and spp1_0.kyc_status='APPROVED' and spp1_0.is_online=1 and spp1_0.is_available=1 and spp1_0.current_latitude is not null and spp1_0.current_longitude is not null and spp1_0.last_location_update is not null and spp1_0.last_location_update>=?
Hibernate: select u1_0.id,u1_0.email,u1_0.first_name,u1_0.last_name,u1_0.password,u1_0.phone,u1_0.role from users u1_0 where u1_0.id=?
Hibernate: select u1_0.id,u1_0.email,u1_0.first_name,u1_0.last_name,u1_0.password,u1_0.phone,u1_0.role from users u1_0 where u1_0.id=?
Hibernate: select s1_0.profile_id,s1_0.skill from partner_skills s1_0 where s1_0.profile_id=?
Hibernate: select s1_0.profile_id,s1_0.skill from partner_skills s1_0 where s1_0.profile_id=?
Hibernate: select u1_0.id,u1_0.email,u1_0.first_name,u1_0.last_name,u1_0.password,u1_0.phone,u1_0.role from users u1_0 where u1_0.email=?
Hibernate: select sc1_0.id,sc1_0.description,sc1_0.icon_url,sc1_0.is_active,sc1_0.name from service_categories sc1_0 where sc1_0.id=?
Hibernate: select distinct spp1_0.id,spp1_0.current_latitude,spp1_0.current_longitude,spp1_0.experience_years,spp1_0.hourly_rate,spp1_0.is_available,spp1_0.is_online,spp1_0.kyc_document_ref,spp1_0.kyc_status,spp1_0.last_location_update,spp1_0.smart_service_score,spp1_0.total_reviews,spp1_0.user_id from partner_profiles spp1_0 join partner_skills s1_0 on spp1_0.id=s1_0.profile_id where lower(trim(BOTH from s1_0.skill))=lower(trim(BOTH from ?)) and spp1_0.kyc_status='APPROVED' and spp1_0.is_online=1 and spp1_0.is_available=1 and spp1_0.current_latitude is not null and spp1_0.current_longitude is not null and spp1_0.last_location_update is not null and spp1_0.last_location_update>=?
Hibernate: select u1_0.id,u1_0.email,u1_0.first_name,u1_0.last_name,u1_0.password,u1_0.phone,u1_0.role from users u1_0 where u1_0.id=?
Hibernate: select u1_0.id,u1_0.email,u1_0.first_name,u1_0.last_name,u1_0.password,u1_0.phone,u1_0.role from users u1_0 where u1_0.id=?
Hibernate: select s1_0.profile_id,s1_0.skill from partner_skills s1_0 where s1_0.profile_id=?
Hibernate: select s1_0.profile_id,s1_0.skill from partner_skills s1_0 where s1_0.profile_id=?
Hibernate: select u1_0.id,u1_0.email,u1_0.first_name,u1_0.last_name,u1_0.password,u1_0.phone,u1_0.role from users u1_0 where u1_0.email=?
Hibernate: select u1_0.id,u1_0.email,u1_0.first_name,u1_0.last_name,u1_0.password,u1_0.phone,u1_0.role from users u1_0 where u1_0.email=?
Hibernate: select count(n1_0.id) from notifications n1_0 where n1_0.user_id=? and not(n1_0.is_read)
Hibernate: select u1_0.id,u1_0.email,u1_0.first_name,u1_0.last_name,u1_0.password,u1_0.phone,u1_0.role from users u1_0 where u1_0.email=?
Hibernate: select count(n1_0.id) from notifications n1_0 where n1_0.user_id=? and not(n1_0.is_read)
Hibernate: select u1_0.id,u1_0.email,u1_0.first_name,u1_0.last_name,u1_0.password,u1_0.phone,u1_0.role from users u1_0 where u1_0.email=?
Hibernate: select count(n1_0.id) from notifications n1_0 where n1_0.user_id=? and not(n1_0.is_read)
Hibernate: select u1_0.id,u1_0.email,u1_0.first_name,u1_0.last_name,u1_0.password,u1_0.phone,u1_0.role from users u1_0 where u1_0.email=?
Hibernate: select count(n1_0.id) from notifications n1_0 where n1_0.user_id=? and not(n1_0.is_read)
Hibernate: select u1_0.id,u1_0.email,u1_0.first_name,u1_0.last_name,u1_0.password,u1_0.phone,u1_0.role from users u1_0 where u1_0.email=?
Hibernate: select count(n1_0.id) from notifications n1_0 where n1_0.user_id=? and not(n1_0.is_read)
Hibernate: select u1_0.id,u1_0.email,u1_0.first_name,u1_0.last_name,u1_0.password,u1_0.phone,u1_0.role from users u1_0 where u1_0.email=?
Hibernate: select u1_0.id,u1_0.email,u1_0.first_name,u1_0.last_name,u1_0.password,u1_0.phone,u1_0.role from users u1_0 where u1_0.email=?
Hibernate: select sc1_0.id,sc1_0.description,sc1_0.icon_url,sc1_0.is_active,sc1_0.name from service_categories sc1_0 where sc1_0.id=?
Hibernate: select distinct spp1_0.id,spp1_0.current_latitude,spp1_0.current_longitude,spp1_0.experience_years,spp1_0.hourly_rate,spp1_0.is_available,spp1_0.is_online,spp1_0.kyc_document_ref,spp1_0.kyc_status,spp1_0.last_location_update,spp1_0.smart_service_score,spp1_0.total_reviews,spp1_0.user_id from partner_profiles spp1_0 join partner_skills s1_0 on spp1_0.id=s1_0.profile_id where lower(trim(BOTH from s1_0.skill))=lower(trim(BOTH from ?)) and spp1_0.kyc_status='APPROVED' and spp1_0.is_online=1 and spp1_0.is_available=1 and spp1_0.current_latitude is not null and spp1_0.current_longitude is not null and spp1_0.last_location_update is not null and spp1_0.last_location_update>=?
Hibernate: select u1_0.id,u1_0.email,u1_0.first_name,u1_0.last_name,u1_0.password,u1_0.phone,u1_0.role from users u1_0 where u1_0.id=?
Hibernate: select u1_0.id,u1_0.email,u1_0.first_name,u1_0.last_name,u1_0.password,u1_0.phone,u1_0.role from users u1_0 where u1_0.id=?
Hibernate: select s1_0.profile_id,s1_0.skill from partner_skills s1_0 where s1_0.profile_id=?
Hibernate: select s1_0.profile_id,s1_0.skill from partner_skills s1_0 where s1_0.profile_id=?
Hibernate: select u1_0.id,u1_0.email,u1_0.first_name,u1_0.last_name,u1_0.password,u1_0.phone,u1_0.role from users u1_0 where u1_0.email=?
Hibernate: select count(n1_0.id) from notifications n1_0 where n1_0.user_id=? and not(n1_0.is_read)
Hibernate: select u1_0.id,u1_0.email,u1_0.first_name,u1_0.last_name,u1_0.password,u1_0.phone,u1_0.role from users u1_0 where u1_0.email=?
Hibernate: select sc1_0.id,sc1_0.description,sc1_0.icon_url,sc1_0.is_active,sc1_0.name from service_categories sc1_0 where sc1_0.id=?
Hibernate: select distinct spp1_0.id,spp1_0.current_latitude,spp1_0.current_longitude,spp1_0.experience_years,spp1_0.hourly_rate,spp1_0.is_available,spp1_0.is_online,spp1_0.kyc_document_ref,spp1_0.kyc_status,spp1_0.last_location_update,spp1_0.smart_service_score,spp1_0.total_reviews,spp1_0.user_id from partner_profiles spp1_0 join partner_skills s1_0 on spp1_0.id=s1_0.profile_id where lower(trim(BOTH from s1_0.skill))=lower(trim(BOTH from ?)) and spp1_0.kyc_status='APPROVED' and spp1_0.is_online=1 and spp1_0.is_available=1 and spp1_0.current_latitude is not null and spp1_0.current_longitude is not null and spp1_0.last_location_update is not null and spp1_0.last_location_update>=?
Hibernate: select u1_0.id,u1_0.email,u1_0.first_name,u1_0.last_name,u1_0.password,u1_0.phone,u1_0.role from users u1_0 where u1_0.id=?
Hibernate: select u1_0.id,u1_0.email,u1_0.first_name,u1_0.last_name,u1_0.password,u1_0.phone,u1_0.role from users u1_0 where u1_0.id=?
Hibernate: select s1_0.profile_id,s1_0.skill from partner_skills s1_0 where s1_0.profile_id=?
Hibernate: select s1_0.profile_id,s1_0.skill from partner_skills s1_0 where s1_0.profile_id=?
Hibernate: select u1_0.id,u1_0.email,u1_0.first_name,u1_0.last_name,u1_0.password,u1_0.phone,u1_0.role from users u1_0 where u1_0.email=?
Hibernate: select u1_0.id,u1_0.email,u1_0.first_name,u1_0.last_name,u1_0.password,u1_0.phone,u1_0.role from users u1_0 where u1_0.id=?
Hibernate: select sc1_0.id,sc1_0.description,sc1_0.icon_url,sc1_0.is_active,sc1_0.name from service_categories sc1_0 where sc1_0.id=?
Hibernate: select a1_0.id,a1_0.city,a1_0.country,a1_0.is_default,a1_0.latitude,a1_0.longitude,a1_0.state,a1_0.street,a1_0.user_id,a1_0.zip_code from addresses a1_0 where a1_0.id=?
Hibernate: select spp1_0.id,spp1_0.current_latitude,spp1_0.current_longitude,spp1_0.experience_years,spp1_0.hourly_rate,spp1_0.is_available,spp1_0.is_online,spp1_0.kyc_document_ref,spp1_0.kyc_status,spp1_0.last_location_update,spp1_0.smart_service_score,spp1_0.total_reviews,spp1_0.user_id from partner_profiles spp1_0 where spp1_0.user_id=?
Hibernate: select s1_0.profile_id,s1_0.skill from partner_skills s1_0 where s1_0.profile_id=?
Hibernate: insert into bookings (address_id,category_id,customer_id,customer_latitude,customer_longitude,is_emergency,notes,partner_id,partner_latitude,partner_longitude,scheduled_date,status,total_amount) values (?,?,?,?,?,?,?,?,?,?,?,?,?)
Hibernate: insert into notifications (booking_id,created_at,is_read,message,title,type,user_id) values (?,?,?,?,?,?,?)
Hibernate: select u1_0.id,u1_0.email,u1_0.first_name,u1_0.last_name,u1_0.password,u1_0.phone,u1_0.role from users u1_0 where u1_0.email=?
Hibernate: select count(n1_0.id) from notifications n1_0 where n1_0.user_id=? and not(n1_0.is_read)
Hibernate: select u1_0.id,u1_0.email,u1_0.first_name,u1_0.last_name,u1_0.password,u1_0.phone,u1_0.role from users u1_0 where u1_0.email=?
Hibernate: select b1_0.id,b1_0.address_id,b1_0.category_id,b1_0.customer_id,b1_0.customer_latitude,b1_0.customer_longitude,b1_0.is_emergency,b1_0.notes,b1_0.partner_id,b1_0.partner_latitude,b1_0.partner_longitude,b1_0.scheduled_date,b1_0.status,b1_0.total_amount from bookings b1_0 where b1_0.customer_id=?
Hibernate: select u1_0.id,u1_0.email,u1_0.first_name,u1_0.last_name,u1_0.password,u1_0.phone,u1_0.role from users u1_0 where u1_0.id=?
Hibernate: select u1_0.id,u1_0.email,u1_0.first_name,u1_0.last_name,u1_0.password,u1_0.phone,u1_0.role from users u1_0 where u1_0.id=?
Hibernate: select sc1_0.id,sc1_0.description,sc1_0.icon_url,sc1_0.is_active,sc1_0.name from service_categories sc1_0 where sc1_0.id=?
Hibernate: select a1_0.id,a1_0.city,a1_0.country,a1_0.is_default,a1_0.latitude,a1_0.longitude,a1_0.state,a1_0.street,a1_0.user_id,a1_0.zip_code from addresses a1_0 where a1_0.id=?
Hibernate: select u1_0.id,u1_0.email,u1_0.first_name,u1_0.last_name,u1_0.password,u1_0.phone,u1_0.role from users u1_0 where u1_0.id=?
Hibernate: select u1_0.id,u1_0.email,u1_0.first_name,u1_0.last_name,u1_0.password,u1_0.phone,u1_0.role from users u1_0 where u1_0.id=?
Failed to send email to batta@gmail.com: Authentication failed
Hibernate: select u1_0.id,u1_0.email,u1_0.first_name,u1_0.last_name,u1_0.password,u1_0.phone,u1_0.role from users u1_0 where u1_0.email=?
Hibernate: select count(n1_0.id) from notifications n1_0 where n1_0.user_id=? and not(n1_0.is_read)
Hibernate: select u1_0.id,u1_0.email,u1_0.first_name,u1_0.last_name,u1_0.password,u1_0.phone,u1_0.role from users u1_0 where u1_0.email=?
Hibernate: select count(n1_0.id) from notifications n1_0 where n1_0.user_id=? and not(n1_0.is_read)
Hibernate: select u1_0.id,u1_0.email,u1_0.first_name,u1_0.last_name,u1_0.password,u1_0.phone,u1_0.role from users u1_0 where u1_0.email=?
Hibernate: select u1_0.id,u1_0.email,u1_0.first_name,u1_0.last_name,u1_0.password,u1_0.phone,u1_0.role from users u1_0 where u1_0.email=?
Hibernate: select count(n1_0.id) from notifications n1_0 where n1_0.user_id=? and not(n1_0.is_read)
Hibernate: select n1_0.id,n1_0.booking_id,n1_0.created_at,n1_0.is_read,n1_0.message,n1_0.title,n1_0.type,n1_0.user_id from notifications n1_0 where n1_0.user_id=? order by n1_0.created_at desc
Hibernate: select u1_0.id,u1_0.email,u1_0.first_name,u1_0.last_name,u1_0.password,u1_0.phone,u1_0.role from users u1_0 where u1_0.email=?
Hibernate: select count(n1_0.id) from notifications n1_0 where n1_0.user_id=? and not(n1_0.is_read)
Hibernate: select u1_0.id,u1_0.email,u1_0.first_name,u1_0.last_name,u1_0.password,u1_0.phone,u1_0.role from users u1_0 where u1_0.email=?
Hibernate: select count(n1_0.id) from notifications n1_0 where n1_0.user_id=? and not(n1_0.is_read)
Hibernate: select u1_0.id,u1_0.email,u1_0.first_name,u1_0.last_name,u1_0.password,u1_0.phone,u1_0.role from users u1_0 where u1_0.email=?
Hibernate: select u1_0.id,u1_0.email,u1_0.first_name,u1_0.last_name,u1_0.password,u1_0.phone,u1_0.role from users u1_0 where u1_0.email=?
Hibernate: select count(n1_0.id) from notifications n1_0 where n1_0.user_id=? and not(n1_0.is_read)
Hibernate: select n1_0.id,n1_0.booking_id,n1_0.created_at,n1_0.is_read,n1_0.message,n1_0.title,n1_0.type,n1_0.user_id from notifications n1_0 where n1_0.user_id=? order by n1_0.created_at desc
Hibernate: select u1_0.id,u1_0.email,u1_0.first_name,u1_0.last_name,u1_0.password,u1_0.phone,u1_0.role from users u1_0 where u1_0.email=?
Hibernate: select u1_0.id,u1_0.email,u1_0.first_name,u1_0.last_name,u1_0.password,u1_0.phone,u1_0.role from users u1_0 where u1_0.email=?
Hibernate: select u1_0.id,u1_0.email,u1_0.first_name,u1_0.last_name,u1_0.password,u1_0.phone,u1_0.role from users u1_0 where u1_0.email=?
Hibernate: select count(n1_0.id) from notifications n1_0 where n1_0.user_id=? and not(n1_0.is_read)
Hibernate: select n1_0.id,n1_0.booking_id,n1_0.created_at,n1_0.is_read,n1_0.message,n1_0.title,n1_0.type,n1_0.user_id from notifications n1_0 where n1_0.user_id=? order by n1_0.created_at desc
Hibernate: select u1_0.id,u1_0.email,u1_0.first_name,u1_0.last_name,u1_0.password,u1_0.phone,u1_0.role from users u1_0 where u1_0.email=?
Hibernate: select count(n1_0.id) from notifications n1_0 where n1_0.user_id=? and not(n1_0.is_read)
Hibernate: select u1_0.id,u1_0.email,u1_0.first_name,u1_0.last_name,u1_0.password,u1_0.phone,u1_0.role from users u1_0 where u1_0.email=?
Hibernate: select count(n1_0.id) from notifications n1_0 where n1_0.user_id=? and not(n1_0.is_read)
Hibernate: select u1_0.id,u1_0.email,u1_0.first_name,u1_0.last_name,u1_0.password,u1_0.phone,u1_0.role from users u1_0 where u1_0.email=?
Hibernate: select u1_0.id,u1_0.email,u1_0.first_name,u1_0.last_name,u1_0.password,u1_0.phone,u1_0.role from users u1_0 where u1_0.email=?
Hibernate: select count(n1_0.id) from notifications n1_0 where n1_0.user_id=? and not(n1_0.is_read)
Hibernate: select n1_0.id,n1_0.booking_id,n1_0.created_at,n1_0.is_read,n1_0.message,n1_0.title,n1_0.type,n1_0.user_id from notifications n1_0 where n1_0.user_id=? order by n1_0.created_at desc
Hibernate: select u1_0.id,u1_0.email,u1_0.first_name,u1_0.last_name,u1_0.password,u1_0.phone,u1_0.role from users u1_0 where u1_0.email=?
Hibernate: select count(n1_0.id) from notifications n1_0 where n1_0.user_id=? and not(n1_0.is_read)
Hibernate: select u1_0.id,u1_0.email,u1_0.first_name,u1_0.last_name,u1_0.password,u1_0.phone,u1_0.role from users u1_0 where u1_0.email=?
Hibernate: select count(n1_0.id) from notifications n1_0 where n1_0.user_id=? and not(n1_0.is_read)
Hibernate: select u1_0.id,u1_0.email,u1_0.first_name,u1_0.last_name,u1_0.password,u1_0.phone,u1_0.role from users u1_0 where u1_0.email=?
Hibernate: select u1_0.id,u1_0.email,u1_0.first_name,u1_0.last_name,u1_0.password,u1_0.phone,u1_0.role from users u1_0 where u1_0.email=?
Hibernate: select count(n1_0.id) from notifications n1_0 where n1_0.user_id=? and not(n1_0.is_read)
Hibernate: select n1_0.id,n1_0.booking_id,n1_0.created_at,n1_0.is_read,n1_0.message,n1_0.title,n1_0.type,n1_0.user_id from notifications n1_0 where n1_0.user_id=? order by n1_0.created_at desc
Hibernate: select u1_0.id,u1_0.email,u1_0.first_name,u1_0.last_name,u1_0.password,u1_0.phone,u1_0.role from users u1_0 where u1_0.email=?
Hibernate: select count(n1_0.id) from notifications n1_0 where n1_0.user_id=? and not(n1_0.is_read)
Hibernate: select u1_0.id,u1_0.email,u1_0.first_name,u1_0.last_name,u1_0.password,u1_0.phone,u1_0.role from users u1_0 where u1_0.email=?
Hibernate: select count(n1_0.id) from notifications n1_0 where n1_0.user_id=? and not(n1_0.is_read)
Hibernate: select u1_0.id,u1_0.email,u1_0.first_name,u1_0.last_name,u1_0.password,u1_0.phone,u1_0.role from users u1_0 where u1_0.email=?
Hibernate: select count(n1_0.id) from notifications n1_0 where n1_0.user_id=? and not(n1_0.is_read)
Hibernate: select u1_0.id,u1_0.email,u1_0.first_name,u1_0.last_name,u1_0.password,u1_0.phone,u1_0.role from users u1_0 where u1_0.email=?
Hibernate: select b1_0.id,b1_0.address_id,b1_0.category_id,b1_0.customer_id,b1_0.customer_latitude,b1_0.customer_longitude,b1_0.is_emergency,b1_0.notes,b1_0.partner_id,b1_0.partner_latitude,b1_0.partner_longitude,b1_0.scheduled_date,b1_0.status,b1_0.total_amount from bookings b1_0 where b1_0.id=?
Hibernate: select u1_0.id,u1_0.email,u1_0.first_name,u1_0.last_name,u1_0.password,u1_0.phone,u1_0.role from users u1_0 where u1_0.email=?
Hibernate: select u1_0.id,u1_0.email,u1_0.first_name,u1_0.last_name,u1_0.password,u1_0.phone,u1_0.role from users u1_0 where u1_0.email=?
Hibernate: select count(n1_0.id) from notifications n1_0 where n1_0.user_id=? and not(n1_0.is_read)
Hibernate: select u1_0.id,u1_0.email,u1_0.first_name,u1_0.last_name,u1_0.password,u1_0.phone,u1_0.role from users u1_0 where u1_0.email=?
Hibernate: select count(n1_0.id) from notifications n1_0 where n1_0.user_id=? and not(n1_0.is_read)
Hibernate: select u1_0.id,u1_0.email,u1_0.first_name,u1_0.last_name,u1_0.password,u1_0.phone,u1_0.role from users u1_0 where u1_0.email=?
Hibernate: select count(n1_0.id) from notifications n1_0 where n1_0.user_id=? and not(n1_0.is_read)
Hibernate: select u1_0.id,u1_0.email,u1_0.first_name,u1_0.last_name,u1_0.password,u1_0.phone,u1_0.role from users u1_0 where u1_0.email=?
Hibernate: select count(n1_0.id) from notifications n1_0 where n1_0.user_id=? and not(n1_0.is_read)
Hibernate: select u1_0.id,u1_0.email,u1_0.first_name,u1_0.last_name,u1_0.password,u1_0.phone,u1_0.role from users u1_0 where u1_0.email=?
Hibernate: select count(n1_0.id) from notifications n1_0 where n1_0.user_id=? and not(n1_0.is_read)
Hibernate: select u1_0.id,u1_0.email,u1_0.first_name,u1_0.last_name,u1_0.password,u1_0.phone,u1_0.role from users u1_0 where u1_0.email=?
Hibernate: select u1_0.id,u1_0.email,u1_0.first_name,u1_0.last_name,u1_0.password,u1_0.phone,u1_0.role from users u1_0 where u1_0.email=?
Hibernate: select count(n1_0.id) from notifications n1_0 where n1_0.user_id=? and not(n1_0.is_read)
Hibernate: select u1_0.id,u1_0.email,u1_0.first_name,u1_0.last_name,u1_0.password,u1_0.phone,u1_0.role from users u1_0 where u1_0.email=?
Hibernate: select count(n1_0.id) from notifications n1_0 where n1_0.user_id=? and not(n1_0.is_read)
Hibernate: select u1_0.id,u1_0.email,u1_0.first_name,u1_0.last_name,u1_0.password,u1_0.phone,u1_0.role from users u1_0 where u1_0.email=?
Hibernate: select count(n1_0.id) from notifications n1_0 where n1_0.user_id=? and not(n1_0.is_read)
Hibernate: select u1_0.id,u1_0.email,u1_0.first_name,u1_0.last_name,u1_0.password,u1_0.phone,u1_0.role from users u1_0 where u1_0.email=?
Hibernate: select count(n1_0.id) from notifications n1_0 where n1_0.user_id=? and not(n1_0.is_read)
Hibernate: select u1_0.id,u1_0.email,u1_0.first_name,u1_0.last_name,u1_0.password,u1_0.phone,u1_0.role from users u1_0 where u1_0.email=?
Hibernate: select u1_0.id,u1_0.email,u1_0.first_name,u1_0.last_name,u1_0.password,u1_0.phone,u1_0.role from users u1_0 where u1_0.email=?
Hibernate: select count(n1_0.id) from notifications n1_0 where n1_0.user_id=? and not(n1_0.is_read)
Hibernate: select u1_0.id,u1_0.email,u1_0.first_name,u1_0.last_name,u1_0.password,u1_0.phone,u1_0.role from users u1_0 where u1_0.email=?
Hibernate: select count(n1_0.id) from notifications n1_0 where n1_0.user_id=? and not(n1_0.is_read)
Hibernate: select u1_0.id,u1_0.email,u1_0.first_name,u1_0.last_name,u1_0.password,u1_0.phone,u1_0.role from users u1_0 where u1_0.email=?
Hibernate: select u1_0.id,u1_0.email,u1_0.first_name,u1_0.last_name,u1_0.password,u1_0.phone,u1_0.role from users u1_0 where u1_0.email=?
Hibernate: select u1_0.id,u1_0.email,u1_0.first_name,u1_0.last_name,u1_0.password,u1_0.phone,u1_0.role from users u1_0 where u1_0.email=?
Hibernate: select u1_0.id,u1_0.email,u1_0.first_name,u1_0.last_name,u1_0.password,u1_0.phone,u1_0.role from users u1_0 where u1_0.email=?
Hibernate: select u1_0.id,u1_0.email,u1_0.first_name,u1_0.last_name,u1_0.password,u1_0.phone,u1_0.role from users u1_0 where u1_0.email=?
Hibernate: select sc1_0.id,sc1_0.description,sc1_0.icon_url,sc1_0.is_active,sc1_0.name from service_categories sc1_0
Hibernate: select b1_0.id,b1_0.address_id,b1_0.category_id,b1_0.customer_id,b1_0.customer_latitude,b1_0.customer_longitude,b1_0.is_emergency,b1_0.notes,b1_0.partner_id,b1_0.partner_latitude,b1_0.partner_longitude,b1_0.scheduled_date,b1_0.status,b1_0.total_amount from bookings b1_0 where b1_0.customer_id=?
Hibernate: select u1_0.id,u1_0.email,u1_0.first_name,u1_0.last_name,u1_0.password,u1_0.phone,u1_0.role from users u1_0 where u1_0.id=?
Hibernate: select u1_0.id,u1_0.email,u1_0.first_name,u1_0.last_name,u1_0.password,u1_0.phone,u1_0.role from users u1_0 where u1_0.id=?
Hibernate: select sc1_0.id,sc1_0.description,sc1_0.icon_url,sc1_0.is_active,sc1_0.name from service_categories sc1_0 where sc1_0.id=?
Hibernate: select a1_0.id,a1_0.city,a1_0.country,a1_0.is_default,a1_0.latitude,a1_0.longitude,a1_0.state,a1_0.street,a1_0.user_id,a1_0.zip_code from addresses a1_0 where a1_0.id=?
Hibernate: select u1_0.id,u1_0.email,u1_0.first_name,u1_0.last_name,u1_0.password,u1_0.phone,u1_0.role from users u1_0 where u1_0.id=?
Hibernate: select u1_0.id,u1_0.email,u1_0.first_name,u1_0.last_name,u1_0.password,u1_0.phone,u1_0.role from users u1_0 where u1_0.email=?
Hibernate: select u1_0.id,u1_0.email,u1_0.first_name,u1_0.last_name,u1_0.password,u1_0.phone,u1_0.role from users u1_0 where u1_0.id=?
Hibernate: select sc1_0.id,sc1_0.description,sc1_0.icon_url,sc1_0.is_active,sc1_0.name from service_categories sc1_0
Hibernate: select u1_0.id,u1_0.email,u1_0.first_name,u1_0.last_name,u1_0.password,u1_0.phone,u1_0.role from users u1_0 where u1_0.email=?
Hibernate: select b1_0.id,b1_0.address_id,b1_0.category_id,b1_0.customer_id,b1_0.customer_latitude,b1_0.customer_longitude,b1_0.is_emergency,b1_0.notes,b1_0.partner_id,b1_0.partner_latitude,b1_0.partner_longitude,b1_0.scheduled_date,b1_0.status,b1_0.total_amount from bookings b1_0 where b1_0.customer_id=?
Hibernate: select u1_0.id,u1_0.email,u1_0.first_name,u1_0.last_name,u1_0.password,u1_0.phone,u1_0.role from users u1_0 where u1_0.id=?
Hibernate: select u1_0.id,u1_0.email,u1_0.first_name,u1_0.last_name,u1_0.password,u1_0.phone,u1_0.role from users u1_0 where u1_0.id=?
Hibernate: select sc1_0.id,sc1_0.description,sc1_0.icon_url,sc1_0.is_active,sc1_0.name from service_categories sc1_0 where sc1_0.id=?
Hibernate: select a1_0.id,a1_0.city,a1_0.country,a1_0.is_default,a1_0.latitude,a1_0.longitude,a1_0.state,a1_0.street,a1_0.user_id,a1_0.zip_code from addresses a1_0 where a1_0.id=?
Hibernate: select u1_0.id,u1_0.email,u1_0.first_name,u1_0.last_name,u1_0.password,u1_0.phone,u1_0.role from users u1_0 where u1_0.id=?
Hibernate: select u1_0.id,u1_0.email,u1_0.first_name,u1_0.last_name,u1_0.password,u1_0.phone,u1_0.role from users u1_0 where u1_0.id=?
Hibernate: select u1_0.id,u1_0.email,u1_0.first_name,u1_0.last_name,u1_0.password,u1_0.phone,u1_0.role from users u1_0 where u1_0.email=?
Hibernate: select u1_0.id,u1_0.email,u1_0.first_name,u1_0.last_name,u1_0.password,u1_0.phone,u1_0.role from users u1_0 where u1_0.email=?
Hibernate: select u1_0.id,u1_0.email,u1_0.first_name,u1_0.last_name,u1_0.password,u1_0.phone,u1_0.role from users u1_0 where u1_0.email=?
Hibernate: select u1_0.id,u1_0.email,u1_0.first_name,u1_0.last_name,u1_0.password,u1_0.phone,u1_0.role from users u1_0 where u1_0.email=?
Hibernate: select u1_0.id,u1_0.email,u1_0.first_name,u1_0.last_name,u1_0.password,u1_0.phone,u1_0.role from users u1_0 where u1_0.email=?
Hibernate: select u1_0.id,u1_0.email,u1_0.first_name,u1_0.last_name,u1_0.password,u1_0.phone,u1_0.role from users u1_0 where u1_0.email=?
Hibernate: select u1_0.id,u1_0.email,u1_0.first_name,u1_0.last_name,u1_0.password,u1_0.phone,u1_0.role from users u1_0 where u1_0.email=?
Hibernate: select count(n1_0.id) from notifications n1_0 where n1_0.user_id=? and not(n1_0.is_read)
Hibernate: select spp1_0.id,spp1_0.current_latitude,spp1_0.current_longitude,spp1_0.experience_years,spp1_0.hourly_rate,spp1_0.is_available,spp1_0.is_online,spp1_0.kyc_document_ref,spp1_0.kyc_status,spp1_0.last_location_update,spp1_0.smart_service_score,spp1_0.total_reviews,spp1_0.user_id from partner_profiles spp1_0 where spp1_0.user_id=?
Hibernate: select b1_0.id,b1_0.address_id,b1_0.category_id,b1_0.customer_id,b1_0.customer_latitude,b1_0.customer_longitude,b1_0.is_emergency,b1_0.notes,b1_0.partner_id,b1_0.partner_latitude,b1_0.partner_longitude,b1_0.scheduled_date,b1_0.status,b1_0.total_amount from bookings b1_0 where b1_0.partner_id=?
Hibernate: select s1_0.profile_id,s1_0.skill from partner_skills s1_0 where s1_0.profile_id=?
Hibernate: select sc1_0.id,sc1_0.description,sc1_0.icon_url,sc1_0.is_active,sc1_0.name from service_categories sc1_0
Hibernate: select u1_0.id,u1_0.email,u1_0.first_name,u1_0.last_name,u1_0.password,u1_0.phone,u1_0.role from users u1_0 where u1_0.id=?
Hibernate: select u1_0.id,u1_0.email,u1_0.first_name,u1_0.last_name,u1_0.password,u1_0.phone,u1_0.role from users u1_0 where u1_0.id=?
Hibernate: select sc1_0.id,sc1_0.description,sc1_0.icon_url,sc1_0.is_active,sc1_0.name from service_categories sc1_0 where sc1_0.id=?
Hibernate: select a1_0.id,a1_0.city,a1_0.country,a1_0.is_default,a1_0.latitude,a1_0.longitude,a1_0.state,a1_0.street,a1_0.user_id,a1_0.zip_code from addresses a1_0 where a1_0.id=?
Hibernate: select u1_0.id,u1_0.email,u1_0.first_name,u1_0.last_name,u1_0.password,u1_0.phone,u1_0.role from users u1_0 where u1_0.email=?
Hibernate: select u1_0.id,u1_0.email,u1_0.first_name,u1_0.last_name,u1_0.password,u1_0.phone,u1_0.role from users u1_0 where u1_0.email=?
Hibernate: select n1_0.id,n1_0.booking_id,n1_0.created_at,n1_0.is_read,n1_0.message,n1_0.title,n1_0.type,n1_0.user_id from notifications n1_0 where n1_0.user_id=? order by n1_0.created_at desc
Hibernate: select u1_0.id,u1_0.email,u1_0.first_name,u1_0.last_name,u1_0.password,u1_0.phone,u1_0.role from users u1_0 where u1_0.email=?
Hibernate: select count(n1_0.id) from notifications n1_0 where n1_0.user_id=? and not(n1_0.is_read)
Hibernate: select u1_0.id,u1_0.email,u1_0.first_name,u1_0.last_name,u1_0.password,u1_0.phone,u1_0.role from users u1_0 where u1_0.email=?
Hibernate: select spp1_0.id,spp1_0.current_latitude,spp1_0.current_longitude,spp1_0.experience_years,spp1_0.hourly_rate,spp1_0.is_available,spp1_0.is_online,spp1_0.kyc_document_ref,spp1_0.kyc_status,spp1_0.last_location_update,spp1_0.smart_service_score,spp1_0.total_reviews,spp1_0.user_id from partner_profiles spp1_0 where spp1_0.user_id=?
Hibernate: select sc1_0.id,sc1_0.description,sc1_0.icon_url,sc1_0.is_active,sc1_0.name from service_categories sc1_0
Hibernate: select u1_0.id,u1_0.email,u1_0.first_name,u1_0.last_name,u1_0.password,u1_0.phone,u1_0.role from users u1_0 where u1_0.email=?
Hibernate: select s1_0.profile_id,s1_0.skill from partner_skills s1_0 where s1_0.profile_id=?
Hibernate: select b1_0.id,b1_0.address_id,b1_0.category_id,b1_0.customer_id,b1_0.customer_latitude,b1_0.customer_longitude,b1_0.is_emergency,b1_0.notes,b1_0.partner_id,b1_0.partner_latitude,b1_0.partner_longitude,b1_0.scheduled_date,b1_0.status,b1_0.total_amount from bookings b1_0 where b1_0.partner_id=?
Hibernate: select u1_0.id,u1_0.email,u1_0.first_name,u1_0.last_name,u1_0.password,u1_0.phone,u1_0.role from users u1_0 where u1_0.id=?
Hibernate: select n1_0.id,n1_0.booking_id,n1_0.created_at,n1_0.is_read,n1_0.message,n1_0.title,n1_0.type,n1_0.user_id from notifications n1_0 where n1_0.user_id=? order by n1_0.created_at desc
Hibernate: select u1_0.id,u1_0.email,u1_0.first_name,u1_0.last_name,u1_0.password,u1_0.phone,u1_0.role from users u1_0 where u1_0.id=?
Hibernate: select sc1_0.id,sc1_0.description,sc1_0.icon_url,sc1_0.is_active,sc1_0.name from service_categories sc1_0 where sc1_0.id=?
Hibernate: select a1_0.id,a1_0.city,a1_0.country,a1_0.is_default,a1_0.latitude,a1_0.longitude,a1_0.state,a1_0.street,a1_0.user_id,a1_0.zip_code from addresses a1_0 where a1_0.id=?
2026-08-18T17:21:49.145+05:30  INFO 20852 --- [fixmate-backend] [trap-executor-0] c.n.d.s.r.aws.ConfigClusterResolver      : Resolving eureka endpoints via configuration
Hibernate: select u1_0.id,u1_0.email,u1_0.first_name,u1_0.last_name,u1_0.password,u1_0.phone,u1_0.role from users u1_0 where u1_0.email=?
Hibernate: select spp1_0.id,spp1_0.current_latitude,spp1_0.current_longitude,spp1_0.experience_years,spp1_0.hourly_rate,spp1_0.is_available,spp1_0.is_online,spp1_0.kyc_document_ref,spp1_0.kyc_status,spp1_0.last_location_update,spp1_0.smart_service_score,spp1_0.total_reviews,spp1_0.user_id from partner_profiles spp1_0 where spp1_0.user_id=?
Hibernate: update partner_profiles set current_latitude=?,current_longitude=?,experience_years=?,hourly_rate=?,is_available=?,is_online=?,kyc_document_ref=?,kyc_status=?,last_location_update=?,smart_service_score=?,total_reviews=?,user_id=? where id=?
Hibernate: select s1_0.profile_id,s1_0.skill from partner_skills s1_0 where s1_0.profile_id=?
Hibernate: select u1_0.id,u1_0.email,u1_0.first_name,u1_0.last_name,u1_0.password,u1_0.phone,u1_0.role from users u1_0 where u1_0.email=?
Hibernate: select count(n1_0.id) from notifications n1_0 where n1_0.user_id=? and not(n1_0.is_read)
Hibernate: select u1_0.id,u1_0.email,u1_0.first_name,u1_0.last_name,u1_0.password,u1_0.phone,u1_0.role from users u1_0 where u1_0.email=?
Hibernate: select u1_0.id,u1_0.email,u1_0.first_name,u1_0.last_name,u1_0.password,u1_0.phone,u1_0.role from users u1_0 where u1_0.email=?
Hibernate: select count(n1_0.id) from notifications n1_0 where n1_0.user_id=? and not(n1_0.is_read)
Hibernate: select n1_0.id,n1_0.booking_id,n1_0.created_at,n1_0.is_read,n1_0.message,n1_0.title,n1_0.type,n1_0.user_id from notifications n1_0 where n1_0.user_id=? order by n1_0.created_at desc
Hibernate: select u1_0.id,u1_0.email,u1_0.first_name,u1_0.last_name,u1_0.password,u1_0.phone,u1_0.role from users u1_0 where u1_0.email=?
Hibernate: select u1_0.id,u1_0.email,u1_0.first_name,u1_0.last_name,u1_0.password,u1_0.phone,u1_0.role from users u1_0 where u1_0.email=?
Hibernate: select n1_0.id,n1_0.booking_id,n1_0.created_at,n1_0.is_read,n1_0.message,n1_0.title,n1_0.type,n1_0.user_id from notifications n1_0 where n1_0.user_id=? order by n1_0.created_at desc
Hibernate: select count(n1_0.id) from notifications n1_0 where n1_0.user_id=? and not(n1_0.is_read)
Hibernate: select u1_0.id,u1_0.email,u1_0.first_name,u1_0.last_name,u1_0.password,u1_0.phone,u1_0.role from users u1_0 where u1_0.email=?
Hibernate: select n1_0.id,n1_0.booking_id,n1_0.created_at,n1_0.is_read,n1_0.message,n1_0.title,n1_0.type,n1_0.user_id from notifications n1_0 where n1_0.id=?
Hibernate: update notifications set booking_id=?,created_at=?,is_read=?,message=?,title=?,type=?,user_id=? where id=?
Hibernate: select u1_0.id,u1_0.email,u1_0.first_name,u1_0.last_name,u1_0.password,u1_0.phone,u1_0.role from users u1_0 where u1_0.email=?
Hibernate: select count(n1_0.id) from notifications n1_0 where n1_0.user_id=? and not(n1_0.is_read)
Hibernate: select u1_0.id,u1_0.email,u1_0.first_name,u1_0.last_name,u1_0.password,u1_0.phone,u1_0.role from users u1_0 where u1_0.email=?
Hibernate: select count(n1_0.id) from notifications n1_0 where n1_0.user_id=? and not(n1_0.is_read)
Hibernate: select u1_0.id,u1_0.email,u1_0.first_name,u1_0.last_name,u1_0.password,u1_0.phone,u1_0.role from users u1_0 where u1_0.email=?
Hibernate: select count(n1_0.id) from notifications n1_0 where n1_0.user_id=? and not(n1_0.is_read)
Hibernate: select u1_0.id,u1_0.email,u1_0.first_name,u1_0.last_name,u1_0.password,u1_0.phone,u1_0.role from users u1_0 where u1_0.email=?
Hibernate: select count(n1_0.id) from notifications n1_0 where n1_0.user_id=? and not(n1_0.is_read)
Hibernate: select u1_0.id,u1_0.email,u1_0.first_name,u1_0.last_name,u1_0.password,u1_0.phone,u1_0.role from users u1_0 where u1_0.email=?
Hibernate: select count(n1_0.id) from notifications n1_0 where n1_0.user_id=? and not(n1_0.is_read)
Hibernate: select u1_0.id,u1_0.email,u1_0.first_name,u1_0.last_name,u1_0.password,u1_0.phone,u1_0.role from users u1_0 where u1_0.email=?
Hibernate: select b1_0.id,b1_0.address_id,b1_0.category_id,b1_0.customer_id,b1_0.customer_latitude,b1_0.customer_longitude,b1_0.is_emergency,b1_0.notes,b1_0.partner_id,b1_0.partner_latitude,b1_0.partner_longitude,b1_0.scheduled_date,b1_0.status,b1_0.total_amount from bookings b1_0 where b1_0.id=?
Hibernate: update bookings set address_id=?,category_id=?,customer_id=?,customer_latitude=?,customer_longitude=?,is_emergency=?,notes=?,partner_id=?,partner_latitude=?,partner_longitude=?,scheduled_date=?,status=?,total_amount=? where id=?
Hibernate: select sc1_0.id,sc1_0.description,sc1_0.icon_url,sc1_0.is_active,sc1_0.name from service_categories sc1_0 where sc1_0.id=?
Hibernate: insert into notifications (booking_id,created_at,is_read,message,title,type,user_id) values (?,?,?,?,?,?,?)
Hibernate: select u1_0.id,u1_0.email,u1_0.first_name,u1_0.last_name,u1_0.password,u1_0.phone,u1_0.role from users u1_0 where u1_0.id=?
Hibernate: select u1_0.id,u1_0.email,u1_0.first_name,u1_0.last_name,u1_0.password,u1_0.phone,u1_0.role from users u1_0 where u1_0.id=?
Hibernate: select a1_0.id,a1_0.city,a1_0.country,a1_0.is_default,a1_0.latitude,a1_0.longitude,a1_0.state,a1_0.street,a1_0.user_id,a1_0.zip_code from addresses a1_0 where a1_0.id=?
Hibernate: select u1_0.id,u1_0.email,u1_0.first_name,u1_0.last_name,u1_0.password,u1_0.phone,u1_0.role from users u1_0 where u1_0.email=?
Hibernate: select b1_0.id,b1_0.address_id,b1_0.category_id,b1_0.customer_id,b1_0.customer_latitude,b1_0.customer_longitude,b1_0.is_emergency,b1_0.notes,b1_0.partner_id,b1_0.partner_latitude,b1_0.partner_longitude,b1_0.scheduled_date,b1_0.status,b1_0.total_amount from bookings b1_0 where b1_0.partner_id=?
Hibernate: select u1_0.id,u1_0.email,u1_0.first_name,u1_0.last_name,u1_0.password,u1_0.phone,u1_0.role from users u1_0 where u1_0.id=?
Hibernate: select u1_0.id,u1_0.email,u1_0.first_name,u1_0.last_name,u1_0.password,u1_0.phone,u1_0.role from users u1_0 where u1_0.id=?
Hibernate: select sc1_0.id,sc1_0.description,sc1_0.icon_url,sc1_0.is_active,sc1_0.name from service_categories sc1_0 where sc1_0.id=?
Hibernate: select a1_0.id,a1_0.city,a1_0.country,a1_0.is_default,a1_0.latitude,a1_0.longitude,a1_0.state,a1_0.street,a1_0.user_id,a1_0.zip_code from addresses a1_0 where a1_0.id=?
Failed to send email to mahesh1@gmail.com: Authentication failed
Hibernate: select u1_0.id,u1_0.email,u1_0.first_name,u1_0.last_name,u1_0.password,u1_0.phone,u1_0.role from users u1_0 where u1_0.email=?
Hibernate: select count(n1_0.id) from notifications n1_0 where n1_0.user_id=? and not(n1_0.is_read)
Hibernate: select u1_0.id,u1_0.email,u1_0.first_name,u1_0.last_name,u1_0.password,u1_0.phone,u1_0.role from users u1_0 where u1_0.email=?
Hibernate: select u1_0.id,u1_0.email,u1_0.first_name,u1_0.last_name,u1_0.password,u1_0.phone,u1_0.role from users u1_0 where u1_0.email=?
Hibernate: select b1_0.id,b1_0.address_id,b1_0.category_id,b1_0.customer_id,b1_0.customer_latitude,b1_0.customer_longitude,b1_0.is_emergency,b1_0.notes,b1_0.partner_id,b1_0.partner_latitude,b1_0.partner_longitude,b1_0.scheduled_date,b1_0.status,b1_0.total_amount from bookings b1_0 where b1_0.customer_id=?
Hibernate: select u1_0.id,u1_0.email,u1_0.first_name,u1_0.last_name,u1_0.password,u1_0.phone,u1_0.role from users u1_0 where u1_0.id=?
Hibernate: select u1_0.id,u1_0.email,u1_0.first_name,u1_0.last_name,u1_0.password,u1_0.phone,u1_0.role from users u1_0 where u1_0.id=?
Hibernate: select sc1_0.id,sc1_0.description,sc1_0.icon_url,sc1_0.is_active,sc1_0.name from service_categories sc1_0
Hibernate: select sc1_0.id,sc1_0.description,sc1_0.icon_url,sc1_0.is_active,sc1_0.name from service_categories sc1_0 where sc1_0.id=?
Hibernate: select a1_0.id,a1_0.city,a1_0.country,a1_0.is_default,a1_0.latitude,a1_0.longitude,a1_0.state,a1_0.street,a1_0.user_id,a1_0.zip_code from addresses a1_0 where a1_0.id=?
Hibernate: select u1_0.id,u1_0.email,u1_0.first_name,u1_0.last_name,u1_0.password,u1_0.phone,u1_0.role from users u1_0 where u1_0.id=?
Hibernate: select u1_0.id,u1_0.email,u1_0.first_name,u1_0.last_name,u1_0.password,u1_0.phone,u1_0.role from users u1_0 where u1_0.id=?
Hibernate: select u1_0.id,u1_0.email,u1_0.first_name,u1_0.last_name,u1_0.password,u1_0.phone,u1_0.role from users u1_0 where u1_0.email=?
Hibernate: select u1_0.id,u1_0.email,u1_0.first_name,u1_0.last_name,u1_0.password,u1_0.phone,u1_0.role from users u1_0 where u1_0.email=?
Hibernate: select sc1_0.id,sc1_0.description,sc1_0.icon_url,sc1_0.is_active,sc1_0.name from service_categories sc1_0
Hibernate: select b1_0.id,b1_0.address_id,b1_0.category_id,b1_0.customer_id,b1_0.customer_latitude,b1_0.customer_longitude,b1_0.is_emergency,b1_0.notes,b1_0.partner_id,b1_0.partner_latitude,b1_0.partner_longitude,b1_0.scheduled_date,b1_0.status,b1_0.total_amount from bookings b1_0 where b1_0.customer_id=?
Hibernate: select u1_0.id,u1_0.email,u1_0.first_name,u1_0.last_name,u1_0.password,u1_0.phone,u1_0.role from users u1_0 where u1_0.id=?
Hibernate: select u1_0.id,u1_0.email,u1_0.first_name,u1_0.last_name,u1_0.password,u1_0.phone,u1_0.role from users u1_0 where u1_0.id=?
Hibernate: select sc1_0.id,sc1_0.description,sc1_0.icon_url,sc1_0.is_active,sc1_0.name from service_categories sc1_0 where sc1_0.id=?
Hibernate: select a1_0.id,a1_0.city,a1_0.country,a1_0.is_default,a1_0.latitude,a1_0.longitude,a1_0.state,a1_0.street,a1_0.user_id,a1_0.zip_code from addresses a1_0 where a1_0.id=?
Hibernate: select u1_0.id,u1_0.email,u1_0.first_name,u1_0.last_name,u1_0.password,u1_0.phone,u1_0.role from users u1_0 where u1_0.id=?
Hibernate: select u1_0.id,u1_0.email,u1_0.first_name,u1_0.last_name,u1_0.password,u1_0.phone,u1_0.role from users u1_0 where u1_0.id=?
Hibernate: select u1_0.id,u1_0.email,u1_0.first_name,u1_0.last_name,u1_0.password,u1_0.phone,u1_0.role from users u1_0 where u1_0.email=?
Hibernate: select count(n1_0.id) from notifications n1_0 where n1_0.user_id=? and not(n1_0.is_read)
Hibernate: select u1_0.id,u1_0.email,u1_0.first_name,u1_0.last_name,u1_0.password,u1_0.phone,u1_0.role from users u1_0 where u1_0.email=?
Hibernate: select count(n1_0.id) from notifications n1_0 where n1_0.user_id=? and not(n1_0.is_read)
Hibernate: select u1_0.id,u1_0.email,u1_0.first_name,u1_0.last_name,u1_0.password,u1_0.phone,u1_0.role from users u1_0 where u1_0.email=?
Hibernate: select count(n1_0.id) from notifications n1_0 where n1_0.user_id=? and not(n1_0.is_read)
Hibernate: select u1_0.id,u1_0.email,u1_0.first_name,u1_0.last_name,u1_0.password,u1_0.phone,u1_0.role from users u1_0 where u1_0.email=?
Hibernate: select count(n1_0.id) from notifications n1_0 where n1_0.user_id=? and not(n1_0.is_read)
Hibernate: select u1_0.id,u1_0.email,u1_0.first_name,u1_0.last_name,u1_0.password,u1_0.phone,u1_0.role from users u1_0 where u1_0.email=?
Hibernate: select count(n1_0.id) from notifications n1_0 where n1_0.user_id=? and not(n1_0.is_read)
Hibernate: select u1_0.id,u1_0.email,u1_0.first_name,u1_0.last_name,u1_0.password,u1_0.phone,u1_0.role from users u1_0 where u1_0.email=?
Hibernate: select count(n1_0.id) from notifications n1_0 where n1_0.user_id=? and not(n1_0.is_read)
Hibernate: select u1_0.id,u1_0.email,u1_0.first_name,u1_0.last_name,u1_0.password,u1_0.phone,u1_0.role from users u1_0 where u1_0.email=?
Hibernate: select b1_0.id,b1_0.address_id,b1_0.category_id,b1_0.customer_id,b1_0.customer_latitude,b1_0.customer_longitude,b1_0.is_emergency,b1_0.notes,b1_0.partner_id,b1_0.partner_latitude,b1_0.partner_longitude,b1_0.scheduled_date,b1_0.status,b1_0.total_amount from bookings b1_0 where b1_0.id=?
Hibernate: update bookings set address_id=?,category_id=?,customer_id=?,customer_latitude=?,customer_longitude=?,is_emergency=?,notes=?,partner_id=?,partner_latitude=?,partner_longitude=?,scheduled_date=?,status=?,total_amount=? where id=?
Hibernate: select sc1_0.id,sc1_0.description,sc1_0.icon_url,sc1_0.is_active,sc1_0.name from service_categories sc1_0 where sc1_0.id=?
Hibernate: insert into notifications (booking_id,created_at,is_read,message,title,type,user_id) values (?,?,?,?,?,?,?)
Hibernate: select u1_0.id,u1_0.email,u1_0.first_name,u1_0.last_name,u1_0.password,u1_0.phone,u1_0.role from users u1_0 where u1_0.id=?
Hibernate: select u1_0.id,u1_0.email,u1_0.first_name,u1_0.last_name,u1_0.password,u1_0.phone,u1_0.role from users u1_0 where u1_0.id=?
Hibernate: select a1_0.id,a1_0.city,a1_0.country,a1_0.is_default,a1_0.latitude,a1_0.longitude,a1_0.state,a1_0.street,a1_0.user_id,a1_0.zip_code from addresses a1_0 where a1_0.id=?
Hibernate: select u1_0.id,u1_0.email,u1_0.first_name,u1_0.last_name,u1_0.password,u1_0.phone,u1_0.role from users u1_0 where u1_0.email=?
Hibernate: select b1_0.id,b1_0.address_id,b1_0.category_id,b1_0.customer_id,b1_0.customer_latitude,b1_0.customer_longitude,b1_0.is_emergency,b1_0.notes,b1_0.partner_id,b1_0.partner_latitude,b1_0.partner_longitude,b1_0.scheduled_date,b1_0.status,b1_0.total_amount from bookings b1_0 where b1_0.partner_id=?
Hibernate: select u1_0.id,u1_0.email,u1_0.first_name,u1_0.last_name,u1_0.password,u1_0.phone,u1_0.role from users u1_0 where u1_0.id=?
Hibernate: select u1_0.id,u1_0.email,u1_0.first_name,u1_0.last_name,u1_0.password,u1_0.phone,u1_0.role from users u1_0 where u1_0.id=?
Hibernate: select sc1_0.id,sc1_0.description,sc1_0.icon_url,sc1_0.is_active,sc1_0.name from service_categories sc1_0 where sc1_0.id=?
Hibernate: select a1_0.id,a1_0.city,a1_0.country,a1_0.is_default,a1_0.latitude,a1_0.longitude,a1_0.state,a1_0.street,a1_0.user_id,a1_0.zip_code from addresses a1_0 where a1_0.id=?
Failed to send email to mahesh1@gmail.com: Authentication failed
Hibernate: select u1_0.id,u1_0.email,u1_0.first_name,u1_0.last_name,u1_0.password,u1_0.phone,u1_0.role from users u1_0 where u1_0.email=?
Hibernate: select count(n1_0.id) from notifications n1_0 where n1_0.user_id=? and not(n1_0.is_read)
Hibernate: select u1_0.id,u1_0.email,u1_0.first_name,u1_0.last_name,u1_0.password,u1_0.phone,u1_0.role from users u1_0 where u1_0.email=?
Hibernate: select u1_0.id,u1_0.email,u1_0.first_name,u1_0.last_name,u1_0.password,u1_0.phone,u1_0.role from users u1_0 where u1_0.email=?
Hibernate: select b1_0.id,b1_0.address_id,b1_0.category_id,b1_0.customer_id,b1_0.customer_latitude,b1_0.customer_longitude,b1_0.is_emergency,b1_0.notes,b1_0.partner_id,b1_0.partner_latitude,b1_0.partner_longitude,b1_0.scheduled_date,b1_0.status,b1_0.total_amount from bookings b1_0 where b1_0.customer_id=?
Hibernate: select sc1_0.id,sc1_0.description,sc1_0.icon_url,sc1_0.is_active,sc1_0.name from service_categories sc1_0
Hibernate: select u1_0.id,u1_0.email,u1_0.first_name,u1_0.last_name,u1_0.password,u1_0.phone,u1_0.role from users u1_0 where u1_0.id=?
Hibernate: select u1_0.id,u1_0.email,u1_0.first_name,u1_0.last_name,u1_0.password,u1_0.phone,u1_0.role from users u1_0 where u1_0.id=?
Hibernate: select sc1_0.id,sc1_0.description,sc1_0.icon_url,sc1_0.is_active,sc1_0.name from service_categories sc1_0 where sc1_0.id=?
Hibernate: select a1_0.id,a1_0.city,a1_0.country,a1_0.is_default,a1_0.latitude,a1_0.longitude,a1_0.state,a1_0.street,a1_0.user_id,a1_0.zip_code from addresses a1_0 where a1_0.id=?
Hibernate: select u1_0.id,u1_0.email,u1_0.first_name,u1_0.last_name,u1_0.password,u1_0.phone,u1_0.role from users u1_0 where u1_0.id=?
Hibernate: select u1_0.id,u1_0.email,u1_0.first_name,u1_0.last_name,u1_0.password,u1_0.phone,u1_0.role from users u1_0 where u1_0.id=?
Hibernate: select u1_0.id,u1_0.email,u1_0.first_name,u1_0.last_name,u1_0.password,u1_0.phone,u1_0.role from users u1_0 where u1_0.email=?
Hibernate: select u1_0.id,u1_0.email,u1_0.first_name,u1_0.last_name,u1_0.password,u1_0.phone,u1_0.role from users u1_0 where u1_0.email=?
Hibernate: select b1_0.id,b1_0.address_id,b1_0.category_id,b1_0.customer_id,b1_0.customer_latitude,b1_0.customer_longitude,b1_0.is_emergency,b1_0.notes,b1_0.partner_id,b1_0.partner_latitude,b1_0.partner_longitude,b1_0.scheduled_date,b1_0.status,b1_0.total_amount from bookings b1_0 where b1_0.customer_id=?
Hibernate: select sc1_0.id,sc1_0.description,sc1_0.icon_url,sc1_0.is_active,sc1_0.name from service_categories sc1_0
Hibernate: select u1_0.id,u1_0.email,u1_0.first_name,u1_0.last_name,u1_0.password,u1_0.phone,u1_0.role from users u1_0 where u1_0.id=?
Hibernate: select u1_0.id,u1_0.email,u1_0.first_name,u1_0.last_name,u1_0.password,u1_0.phone,u1_0.role from users u1_0 where u1_0.id=?
Hibernate: select sc1_0.id,sc1_0.description,sc1_0.icon_url,sc1_0.is_active,sc1_0.name from service_categories sc1_0 where sc1_0.id=?
Hibernate: select a1_0.id,a1_0.city,a1_0.country,a1_0.is_default,a1_0.latitude,a1_0.longitude,a1_0.state,a1_0.street,a1_0.user_id,a1_0.zip_code from addresses a1_0 where a1_0.id=?
Hibernate: select u1_0.id,u1_0.email,u1_0.first_name,u1_0.last_name,u1_0.password,u1_0.phone,u1_0.role from users u1_0 where u1_0.id=?
Hibernate: select u1_0.id,u1_0.email,u1_0.first_name,u1_0.last_name,u1_0.password,u1_0.phone,u1_0.role from users u1_0 where u1_0.id=?
Hibernate: select u1_0.id,u1_0.email,u1_0.first_name,u1_0.last_name,u1_0.password,u1_0.phone,u1_0.role from users u1_0 where u1_0.email=?
Hibernate: select count(n1_0.id) from notifications n1_0 where n1_0.user_id=? and not(n1_0.is_read)
Hibernate: select u1_0.id,u1_0.email,u1_0.first_name,u1_0.last_name,u1_0.password,u1_0.phone,u1_0.role from users u1_0 where u1_0.email=?
Hibernate: select count(n1_0.id) from notifications n1_0 where n1_0.user_id=? and not(n1_0.is_read)
Hibernate: select u1_0.id,u1_0.email,u1_0.first_name,u1_0.last_name,u1_0.password,u1_0.phone,u1_0.role from users u1_0 where u1_0.email=?
Hibernate: select b1_0.id,b1_0.address_id,b1_0.category_id,b1_0.customer_id,b1_0.customer_latitude,b1_0.customer_longitude,b1_0.is_emergency,b1_0.notes,b1_0.partner_id,b1_0.partner_latitude,b1_0.partner_longitude,b1_0.scheduled_date,b1_0.status,b1_0.total_amount from bookings b1_0 where b1_0.id=?
Hibernate: update bookings set address_id=?,category_id=?,customer_id=?,customer_latitude=?,customer_longitude=?,is_emergency=?,notes=?,partner_id=?,partner_latitude=?,partner_longitude=?,scheduled_date=?,status=?,total_amount=? where id=?
Hibernate: select sc1_0.id,sc1_0.description,sc1_0.icon_url,sc1_0.is_active,sc1_0.name from service_categories sc1_0 where sc1_0.id=?
Hibernate: insert into notifications (booking_id,created_at,is_read,message,title,type,user_id) values (?,?,?,?,?,?,?)
Hibernate: select u1_0.id,u1_0.email,u1_0.first_name,u1_0.last_name,u1_0.password,u1_0.phone,u1_0.role from users u1_0 where u1_0.id=?
Hibernate: select u1_0.id,u1_0.email,u1_0.first_name,u1_0.last_name,u1_0.password,u1_0.phone,u1_0.role from users u1_0 where u1_0.id=?
Hibernate: select a1_0.id,a1_0.city,a1_0.country,a1_0.is_default,a1_0.latitude,a1_0.longitude,a1_0.state,a1_0.street,a1_0.user_id,a1_0.zip_code from addresses a1_0 where a1_0.id=?
Hibernate: select u1_0.id,u1_0.email,u1_0.first_name,u1_0.last_name,u1_0.password,u1_0.phone,u1_0.role from users u1_0 where u1_0.email=?
Hibernate: select b1_0.id,b1_0.address_id,b1_0.category_id,b1_0.customer_id,b1_0.customer_latitude,b1_0.customer_longitude,b1_0.is_emergency,b1_0.notes,b1_0.partner_id,b1_0.partner_latitude,b1_0.partner_longitude,b1_0.scheduled_date,b1_0.status,b1_0.total_amount from bookings b1_0 where b1_0.partner_id=?
Hibernate: select u1_0.id,u1_0.email,u1_0.first_name,u1_0.last_name,u1_0.password,u1_0.phone,u1_0.role from users u1_0 where u1_0.id=?
Hibernate: select u1_0.id,u1_0.email,u1_0.first_name,u1_0.last_name,u1_0.password,u1_0.phone,u1_0.role from users u1_0 where u1_0.id=?
Hibernate: select sc1_0.id,sc1_0.description,sc1_0.icon_url,sc1_0.is_active,sc1_0.name from service_categories sc1_0 where sc1_0.id=?
Hibernate: select a1_0.id,a1_0.city,a1_0.country,a1_0.is_default,a1_0.latitude,a1_0.longitude,a1_0.state,a1_0.street,a1_0.user_id,a1_0.zip_code from addresses a1_0 where a1_0.id=?
Failed to send email to mahesh1@gmail.com: Authentication failed
Hibernate: select u1_0.id,u1_0.email,u1_0.first_name,u1_0.last_name,u1_0.password,u1_0.phone,u1_0.role from users u1_0 where u1_0.email=?
Hibernate: select u1_0.id,u1_0.email,u1_0.first_name,u1_0.last_name,u1_0.password,u1_0.phone,u1_0.role from users u1_0 where u1_0.email=?
Hibernate: select b1_0.id,b1_0.address_id,b1_0.category_id,b1_0.customer_id,b1_0.customer_latitude,b1_0.customer_longitude,b1_0.is_emergency,b1_0.notes,b1_0.partner_id,b1_0.partner_latitude,b1_0.partner_longitude,b1_0.scheduled_date,b1_0.status,b1_0.total_amount from bookings b1_0 where b1_0.customer_id=?
Hibernate: select u1_0.id,u1_0.email,u1_0.first_name,u1_0.last_name,u1_0.password,u1_0.phone,u1_0.role from users u1_0 where u1_0.id=?
Hibernate: select u1_0.id,u1_0.email,u1_0.first_name,u1_0.last_name,u1_0.password,u1_0.phone,u1_0.role from users u1_0 where u1_0.id=?
Hibernate: select sc1_0.id,sc1_0.description,sc1_0.icon_url,sc1_0.is_active,sc1_0.name from service_categories sc1_0 where sc1_0.id=?
Hibernate: select a1_0.id,a1_0.city,a1_0.country,a1_0.is_default,a1_0.latitude,a1_0.longitude,a1_0.state,a1_0.street,a1_0.user_id,a1_0.zip_code from addresses a1_0 where a1_0.id=?
Hibernate: select sc1_0.id,sc1_0.description,sc1_0.icon_url,sc1_0.is_active,sc1_0.name from service_categories sc1_0
Hibernate: select u1_0.id,u1_0.email,u1_0.first_name,u1_0.last_name,u1_0.password,u1_0.phone,u1_0.role from users u1_0 where u1_0.id=?
Hibernate: select u1_0.id,u1_0.email,u1_0.first_name,u1_0.last_name,u1_0.password,u1_0.phone,u1_0.role from users u1_0 where u1_0.id=?
Hibernate: select u1_0.id,u1_0.email,u1_0.first_name,u1_0.last_name,u1_0.password,u1_0.phone,u1_0.role from users u1_0 where u1_0.email=?
Hibernate: select u1_0.id,u1_0.email,u1_0.first_name,u1_0.last_name,u1_0.password,u1_0.phone,u1_0.role from users u1_0 where u1_0.email=?
Hibernate: select sc1_0.id,sc1_0.description,sc1_0.icon_url,sc1_0.is_active,sc1_0.name from service_categories sc1_0
Hibernate: select b1_0.id,b1_0.address_id,b1_0.category_id,b1_0.customer_id,b1_0.customer_latitude,b1_0.customer_longitude,b1_0.is_emergency,b1_0.notes,b1_0.partner_id,b1_0.partner_latitude,b1_0.partner_longitude,b1_0.scheduled_date,b1_0.status,b1_0.total_amount from bookings b1_0 where b1_0.customer_id=?
Hibernate: select u1_0.id,u1_0.email,u1_0.first_name,u1_0.last_name,u1_0.password,u1_0.phone,u1_0.role from users u1_0 where u1_0.id=?
Hibernate: select u1_0.id,u1_0.email,u1_0.first_name,u1_0.last_name,u1_0.password,u1_0.phone,u1_0.role from users u1_0 where u1_0.id=?
Hibernate: select sc1_0.id,sc1_0.description,sc1_0.icon_url,sc1_0.is_active,sc1_0.name from service_categories sc1_0 where sc1_0.id=?
Hibernate: select a1_0.id,a1_0.city,a1_0.country,a1_0.is_default,a1_0.latitude,a1_0.longitude,a1_0.state,a1_0.street,a1_0.user_id,a1_0.zip_code from addresses a1_0 where a1_0.id=?
Hibernate: select u1_0.id,u1_0.email,u1_0.first_name,u1_0.last_name,u1_0.password,u1_0.phone,u1_0.role from users u1_0 where u1_0.id=?
Hibernate: select u1_0.id,u1_0.email,u1_0.first_name,u1_0.last_name,u1_0.password,u1_0.phone,u1_0.role from users u1_0 where u1_0.id=?
Hibernate: select u1_0.id,u1_0.email,u1_0.first_name,u1_0.last_name,u1_0.password,u1_0.phone,u1_0.role from users u1_0 where u1_0.email=?
Hibernate: select count(n1_0.id) from notifications n1_0 where n1_0.user_id=? and not(n1_0.is_read)
Hibernate: select u1_0.id,u1_0.email,u1_0.first_name,u1_0.last_name,u1_0.password,u1_0.phone,u1_0.role from users u1_0 where u1_0.email=?
Hibernate: select count(n1_0.id) from notifications n1_0 where n1_0.user_id=? and not(n1_0.is_read)
Hibernate: select u1_0.id,u1_0.email,u1_0.first_name,u1_0.last_name,u1_0.password,u1_0.phone,u1_0.role from users u1_0 where u1_0.email=?
Hibernate: select count(n1_0.id) from notifications n1_0 where n1_0.user_id=? and not(n1_0.is_read)
Hibernate: select u1_0.id,u1_0.email,u1_0.first_name,u1_0.last_name,u1_0.password,u1_0.phone,u1_0.role from users u1_0 where u1_0.email=?
Hibernate: select count(n1_0.id) from notifications n1_0 where n1_0.user_id=? and not(n1_0.is_read)
Hibernate: select u1_0.id,u1_0.email,u1_0.first_name,u1_0.last_name,u1_0.password,u1_0.phone,u1_0.role from users u1_0 where u1_0.email=?
Hibernate: select b1_0.id,b1_0.address_id,b1_0.category_id,b1_0.customer_id,b1_0.customer_latitude,b1_0.customer_longitude,b1_0.is_emergency,b1_0.notes,b1_0.partner_id,b1_0.partner_latitude,b1_0.partner_longitude,b1_0.scheduled_date,b1_0.status,b1_0.total_amount from bookings b1_0 where b1_0.id=?
Hibernate: select r1_0.id from reviews r1_0 where r1_0.booking_id=? limit ?
Hibernate: insert into reviews (booking_id,comment,customer_id,partner_id,rating) values (?,?,?,?,?)
Hibernate: select spp1_0.id,spp1_0.current_latitude,spp1_0.current_longitude,spp1_0.experience_years,spp1_0.hourly_rate,spp1_0.is_available,spp1_0.is_online,spp1_0.kyc_document_ref,spp1_0.kyc_status,spp1_0.last_location_update,spp1_0.smart_service_score,spp1_0.total_reviews,spp1_0.user_id from partner_profiles spp1_0 where spp1_0.user_id=?
Hibernate: update partner_profiles set current_latitude=?,current_longitude=?,experience_years=?,hourly_rate=?,is_available=?,is_online=?,kyc_document_ref=?,kyc_status=?,last_location_update=?,smart_service_score=?,total_reviews=?,user_id=? where id=?
Hibernate: select u1_0.id,u1_0.email,u1_0.first_name,u1_0.last_name,u1_0.password,u1_0.phone,u1_0.role from users u1_0 where u1_0.id=?
Hibernate: select u1_0.id,u1_0.email,u1_0.first_name,u1_0.last_name,u1_0.password,u1_0.phone,u1_0.role from users u1_0 where u1_0.email=?
Hibernate: select count(n1_0.id) from notifications n1_0 where n1_0.user_id=? and not(n1_0.is_read)
Hibernate: select u1_0.id,u1_0.email,u1_0.first_name,u1_0.last_name,u1_0.password,u1_0.phone,u1_0.role from users u1_0 where u1_0.email=?
Hibernate: select count(n1_0.id) from notifications n1_0 where n1_0.user_id=? and not(n1_0.is_read)
Hibernate: select u1_0.id,u1_0.email,u1_0.first_name,u1_0.last_name,u1_0.password,u1_0.phone,u1_0.role from users u1_0 where u1_0.email=?
Hibernate: select u1_0.id,u1_0.email,u1_0.first_name,u1_0.last_name,u1_0.password,u1_0.phone,u1_0.role from users u1_0 where u1_0.email=?
Hibernate: select u1_0.id,u1_0.email,u1_0.first_name,u1_0.last_name,u1_0.password,u1_0.phone,u1_0.role from users u1_0 where u1_0.email=?
Hibernate: select u1_0.id,u1_0.email,u1_0.first_name,u1_0.last_name,u1_0.password,u1_0.phone,u1_0.role from users u1_0 where u1_0.email=?
Hibernate: select u1_0.id,u1_0.email,u1_0.first_name,u1_0.last_name,u1_0.password,u1_0.phone,u1_0.role from users u1_0 where u1_0.email=?
Hibernate: select spp1_0.id,spp1_0.current_latitude,spp1_0.current_longitude,spp1_0.experience_years,spp1_0.hourly_rate,spp1_0.is_available,spp1_0.is_online,spp1_0.kyc_document_ref,spp1_0.kyc_status,spp1_0.last_location_update,spp1_0.smart_service_score,spp1_0.total_reviews,spp1_0.user_id from partner_profiles spp1_0 where spp1_0.user_id=?
Hibernate: select sc1_0.id,sc1_0.description,sc1_0.icon_url,sc1_0.is_active,sc1_0.name from service_categories sc1_0
Hibernate: select count(n1_0.id) from notifications n1_0 where n1_0.user_id=? and not(n1_0.is_read)
Hibernate: select n1_0.id,n1_0.booking_id,n1_0.created_at,n1_0.is_read,n1_0.message,n1_0.title,n1_0.type,n1_0.user_id from notifications n1_0 where n1_0.user_id=? order by n1_0.created_at desc
Hibernate: select b1_0.id,b1_0.address_id,b1_0.category_id,b1_0.customer_id,b1_0.customer_latitude,b1_0.customer_longitude,b1_0.is_emergency,b1_0.notes,b1_0.partner_id,b1_0.partner_latitude,b1_0.partner_longitude,b1_0.scheduled_date,b1_0.status,b1_0.total_amount from bookings b1_0 where b1_0.partner_id=?
Hibernate: select s1_0.profile_id,s1_0.skill from partner_skills s1_0 where s1_0.profile_id=?
Hibernate: select u1_0.id,u1_0.email,u1_0.first_name,u1_0.last_name,u1_0.password,u1_0.phone,u1_0.role from users u1_0 where u1_0.id=?
Hibernate: select u1_0.id,u1_0.email,u1_0.first_name,u1_0.last_name,u1_0.password,u1_0.phone,u1_0.role from users u1_0 where u1_0.id=?
Hibernate: select sc1_0.id,sc1_0.description,sc1_0.icon_url,sc1_0.is_active,sc1_0.name from service_categories sc1_0 where sc1_0.id=?
Hibernate: select a1_0.id,a1_0.city,a1_0.country,a1_0.is_default,a1_0.latitude,a1_0.longitude,a1_0.state,a1_0.street,a1_0.user_id,a1_0.zip_code from addresses a1_0 where a1_0.id=?
Hibernate: select u1_0.id,u1_0.email,u1_0.first_name,u1_0.last_name,u1_0.password,u1_0.phone,u1_0.role from users u1_0 where u1_0.email=?
Hibernate: select u1_0.id,u1_0.email,u1_0.first_name,u1_0.last_name,u1_0.password,u1_0.phone,u1_0.role from users u1_0 where u1_0.email=?
Hibernate: select u1_0.id,u1_0.email,u1_0.first_name,u1_0.last_name,u1_0.password,u1_0.phone,u1_0.role from users u1_0 where u1_0.email=?
Hibernate: select u1_0.id,u1_0.email,u1_0.first_name,u1_0.last_name,u1_0.password,u1_0.phone,u1_0.role from users u1_0 where u1_0.email=?
Hibernate: select spp1_0.id,spp1_0.current_latitude,spp1_0.current_longitude,spp1_0.experience_years,spp1_0.hourly_rate,spp1_0.is_available,spp1_0.is_online,spp1_0.kyc_document_ref,spp1_0.kyc_status,spp1_0.last_location_update,spp1_0.smart_service_score,spp1_0.total_reviews,spp1_0.user_id from partner_profiles spp1_0 where spp1_0.user_id=?
Hibernate: select count(n1_0.id) from notifications n1_0 where n1_0.user_id=? and not(n1_0.is_read)
Hibernate: select u1_0.id,u1_0.email,u1_0.first_name,u1_0.last_name,u1_0.password,u1_0.phone,u1_0.role from users u1_0 where u1_0.email=?
Hibernate: select n1_0.id,n1_0.booking_id,n1_0.created_at,n1_0.is_read,n1_0.message,n1_0.title,n1_0.type,n1_0.user_id from notifications n1_0 where n1_0.user_id=? order by n1_0.created_at desc
Hibernate: select s1_0.profile_id,s1_0.skill from partner_skills s1_0 where s1_0.profile_id=?
Hibernate: select sc1_0.id,sc1_0.description,sc1_0.icon_url,sc1_0.is_active,sc1_0.name from service_categories sc1_0
Hibernate: select b1_0.id,b1_0.address_id,b1_0.category_id,b1_0.customer_id,b1_0.customer_latitude,b1_0.customer_longitude,b1_0.is_emergency,b1_0.notes,b1_0.partner_id,b1_0.partner_latitude,b1_0.partner_longitude,b1_0.scheduled_date,b1_0.status,b1_0.total_amount from bookings b1_0 where b1_0.partner_id=?
Hibernate: select u1_0.id,u1_0.email,u1_0.first_name,u1_0.last_name,u1_0.password,u1_0.phone,u1_0.role from users u1_0 where u1_0.id=?
Hibernate: select u1_0.id,u1_0.email,u1_0.first_name,u1_0.last_name,u1_0.password,u1_0.phone,u1_0.role from users u1_0 where u1_0.id=?
Hibernate: select sc1_0.id,sc1_0.description,sc1_0.icon_url,sc1_0.is_active,sc1_0.name from service_categories sc1_0 where sc1_0.id=?
Hibernate: select a1_0.id,a1_0.city,a1_0.country,a1_0.is_default,a1_0.latitude,a1_0.longitude,a1_0.state,a1_0.street,a1_0.user_id,a1_0.zip_code from addresses a1_0 where a1_0.id=?
Hibernate: select u1_0.id,u1_0.email,u1_0.first_name,u1_0.last_name,u1_0.password,u1_0.phone,u1_0.role from users u1_0 where u1_0.email=?
Hibernate: select count(n1_0.id) from notifications n1_0 where n1_0.user_id=? and not(n1_0.is_read)
Hibernate: select u1_0.id,u1_0.email,u1_0.first_name,u1_0.last_name,u1_0.password,u1_0.phone,u1_0.role from users u1_0 where u1_0.email=?
Hibernate: select count(n1_0.id) from notifications n1_0 where n1_0.user_id=? and not(n1_0.is_read)
Hibernate: select u1_0.id,u1_0.email,u1_0.first_name,u1_0.last_name,u1_0.password,u1_0.phone,u1_0.role from users u1_0 where u1_0.email=?
Hibernate: select count(n1_0.id) from notifications n1_0 where n1_0.user_id=? and not(n1_0.is_read)
Hibernate: select u1_0.id,u1_0.email,u1_0.first_name,u1_0.last_name,u1_0.password,u1_0.phone,u1_0.role from users u1_0 where u1_0.email=?
Hibernate: select u1_0.id,u1_0.email,u1_0.first_name,u1_0.last_name,u1_0.password,u1_0.phone,u1_0.role from users u1_0 where u1_0.email=?
Hibernate: select count(n1_0.id) from notifications n1_0 where n1_0.user_id=? and not(n1_0.is_read)
Hibernate: select n1_0.id,n1_0.booking_id,n1_0.created_at,n1_0.is_read,n1_0.message,n1_0.title,n1_0.type,n1_0.user_id from notifications n1_0 where n1_0.user_id=? order by n1_0.created_at desc
Hibernate: select u1_0.id,u1_0.email,u1_0.first_name,u1_0.last_name,u1_0.password,u1_0.phone,u1_0.role from users u1_0 where u1_0.email=?
Hibernate: select count(n1_0.id) from notifications n1_0 where n1_0.user_id=? and not(n1_0.is_read)
Hibernate: select u1_0.id,u1_0.email,u1_0.first_name,u1_0.last_name,u1_0.password,u1_0.phone,u1_0.role from users u1_0 where u1_0.email=?
Hibernate: select count(n1_0.id) from notifications n1_0 where n1_0.user_id=? and not(n1_0.is_read)
Hibernate: select u1_0.id,u1_0.email,u1_0.first_name,u1_0.last_name,u1_0.password,u1_0.phone,u1_0.role from users u1_0 where u1_0.email=?
Hibernate: select count(n1_0.id) from notifications n1_0 where n1_0.user_id=? and not(n1_0.is_read)
Hibernate: select u1_0.id,u1_0.email,u1_0.first_name,u1_0.last_name,u1_0.password,u1_0.phone,u1_0.role from users u1_0 where u1_0.email=?
Hibernate: select count(n1_0.id) from notifications n1_0 where n1_0.user_id=? and not(n1_0.is_read)
Hibernate: select u1_0.id,u1_0.email,u1_0.first_name,u1_0.last_name,u1_0.password,u1_0.phone,u1_0.role from users u1_0 where u1_0.email=?
Hibernate: select count(n1_0.id) from notifications n1_0 where n1_0.user_id=? and not(n1_0.is_read)
Hibernate: select u1_0.id,u1_0.email,u1_0.first_name,u1_0.last_name,u1_0.password,u1_0.phone,u1_0.role from users u1_0 where u1_0.email=?
Hibernate: select count(n1_0.id) from notifications n1_0 where n1_0.user_id=? and not(n1_0.is_read)
Hibernate: select u1_0.id,u1_0.email,u1_0.first_name,u1_0.last_name,u1_0.password,u1_0.phone,u1_0.role from users u1_0 where u1_0.email=?
Hibernate: select count(n1_0.id) from notifications n1_0 where n1_0.user_id=? and not(n1_0.is_read)
Hibernate: select u1_0.id,u1_0.email,u1_0.first_name,u1_0.last_name,u1_0.password,u1_0.phone,u1_0.role from users u1_0 where u1_0.email=?
Hibernate: select count(n1_0.id) from notifications n1_0 where n1_0.user_id=? and not(n1_0.is_read)
Hibernate: select u1_0.id,u1_0.email,u1_0.first_name,u1_0.last_name,u1_0.password,u1_0.phone,u1_0.role from users u1_0 where u1_0.email=?
Hibernate: select count(n1_0.id) from notifications n1_0 where n1_0.user_id=? and not(n1_0.is_read)
Hibernate: select u1_0.id,u1_0.email,u1_0.first_name,u1_0.last_name,u1_0.password,u1_0.phone,u1_0.role from users u1_0 where u1_0.email=?
Hibernate: select count(n1_0.id) from notifications n1_0 where n1_0.user_id=? and not(n1_0.is_read)
Hibernate: select u1_0.id,u1_0.email,u1_0.first_name,u1_0.last_name,u1_0.password,u1_0.phone,u1_0.role from users u1_0 where u1_0.email=?
Hibernate: select count(n1_0.id) from notifications n1_0 where n1_0.user_id=? and not(n1_0.is_read)
Hibernate: select u1_0.id,u1_0.email,u1_0.first_name,u1_0.last_name,u1_0.password,u1_0.phone,u1_0.role from users u1_0 where u1_0.email=?
Hibernate: select count(n1_0.id) from notifications n1_0 where n1_0.user_id=? and not(n1_0.is_read)
2026-08-18T17:26:49.152+05:30  INFO 20852 --- [fixmate-backend] [trap-executor-0] c.n.d.s.r.aws.ConfigClusterResolver      : Resolving eureka endpoints via configuration
Hibernate: select u1_0.id,u1_0.email,u1_0.first_name,u1_0.last_name,u1_0.password,u1_0.phone,u1_0.role from users u1_0 where u1_0.email=?
Hibernate: select count(n1_0.id) from notifications n1_0 where n1_0.user_id=? and not(n1_0.is_read)
Hibernate: select u1_0.id,u1_0.email,u1_0.first_name,u1_0.last_name,u1_0.password,u1_0.phone,u1_0.role from users u1_0 where u1_0.email=?
Hibernate: select count(n1_0.id) from notifications n1_0 where n1_0.user_id=? and not(n1_0.is_read)
Hibernate: select u1_0.id,u1_0.email,u1_0.first_name,u1_0.last_name,u1_0.password,u1_0.phone,u1_0.role from users u1_0 where u1_0.email=?
Hibernate: select count(n1_0.id) from notifications n1_0 where n1_0.user_id=? and not(n1_0.is_read)
Hibernate: select u1_0.id,u1_0.email,u1_0.first_name,u1_0.last_name,u1_0.password,u1_0.phone,u1_0.role from users u1_0 where u1_0.email=?
Hibernate: select count(n1_0.id) from notifications n1_0 where n1_0.user_id=? and not(n1_0.is_read)
Hibernate: select u1_0.id,u1_0.email,u1_0.first_name,u1_0.last_name,u1_0.password,u1_0.phone,u1_0.role from users u1_0 where u1_0.email=?
Hibernate: select count(n1_0.id) from notifications n1_0 where n1_0.user_id=? and not(n1_0.is_read)
Hibernate: select u1_0.id,u1_0.email,u1_0.first_name,u1_0.last_name,u1_0.password,u1_0.phone,u1_0.role from users u1_0 where u1_0.email=?
Hibernate: select count(n1_0.id) from notifications n1_0 where n1_0.user_id=? and not(n1_0.is_read)
Hibernate: select u1_0.id,u1_0.email,u1_0.first_name,u1_0.last_name,u1_0.password,u1_0.phone,u1_0.role from users u1_0 where u1_0.email=?
Hibernate: select count(n1_0.id) from notifications n1_0 where n1_0.user_id=? and not(n1_0.is_read)
Hibernate: select u1_0.id,u1_0.email,u1_0.first_name,u1_0.last_name,u1_0.password,u1_0.phone,u1_0.role from users u1_0 where u1_0.email=?
Hibernate: select count(n1_0.id) from notifications n1_0 where n1_0.user_id=? and not(n1_0.is_read)
2026-08-18T17:31:49.202+05:30  INFO 20852 --- [fixmate-backend] [trap-executor-0] c.n.d.s.r.aws.ConfigClusterResolver      : Resolving eureka endpoints via configuration
2026-08-18T17:36:49.254+05:30  INFO 20852 --- [fixmate-backend] [trap-executor-0] c.n.d.s.r.aws.ConfigClusterResolver      : Resolving eureka endpoints via configuration
Hibernate: select u1_0.id,u1_0.email,u1_0.first_name,u1_0.last_name,u1_0.password,u1_0.phone,u1_0.role from users u1_0 where u1_0.email=?
Hibernate: select b1_0.id,b1_0.address_id,b1_0.category_id,b1_0.customer_id,b1_0.customer_latitude,b1_0.customer_longitude,b1_0.is_emergency,b1_0.notes,b1_0.partner_id,b1_0.partner_latitude,b1_0.partner_longitude,b1_0.scheduled_date,b1_0.status,b1_0.total_amount from bookings b1_0 where b1_0.customer_id=?
Hibernate: select u1_0.id,u1_0.email,u1_0.first_name,u1_0.last_name,u1_0.password,u1_0.phone,u1_0.role from users u1_0 where u1_0.id=?
Hibernate: select u1_0.id,u1_0.email,u1_0.first_name,u1_0.last_name,u1_0.password,u1_0.phone,u1_0.role from users u1_0 where u1_0.email=?
Hibernate: select u1_0.id,u1_0.email,u1_0.first_name,u1_0.last_name,u1_0.password,u1_0.phone,u1_0.role from users u1_0 where u1_0.id=?
Hibernate: select sc1_0.id,sc1_0.description,sc1_0.icon_url,sc1_0.is_active,sc1_0.name from service_categories sc1_0 where sc1_0.id=?
Hibernate: select a1_0.id,a1_0.city,a1_0.country,a1_0.is_default,a1_0.latitude,a1_0.longitude,a1_0.state,a1_0.street,a1_0.user_id,a1_0.zip_code from addresses a1_0 where a1_0.id=?
Hibernate: select u1_0.id,u1_0.email,u1_0.first_name,u1_0.last_name,u1_0.password,u1_0.phone,u1_0.role from users u1_0 where u1_0.id=?
Hibernate: select u1_0.id,u1_0.email,u1_0.first_name,u1_0.last_name,u1_0.password,u1_0.phone,u1_0.role from users u1_0 where u1_0.id=?
Hibernate: select sc1_0.id,sc1_0.description,sc1_0.icon_url,sc1_0.is_active,sc1_0.name from service_categories sc1_0
Hibernate: select u1_0.id,u1_0.email,u1_0.first_name,u1_0.last_name,u1_0.password,u1_0.phone,u1_0.role from users u1_0 where u1_0.email=?
Hibernate: select u1_0.id,u1_0.email,u1_0.first_name,u1_0.last_name,u1_0.password,u1_0.phone,u1_0.role from users u1_0 where u1_0.email=?
Hibernate: select b1_0.id,b1_0.address_id,b1_0.category_id,b1_0.customer_id,b1_0.customer_latitude,b1_0.customer_longitude,b1_0.is_emergency,b1_0.notes,b1_0.partner_id,b1_0.partner_latitude,b1_0.partner_longitude,b1_0.scheduled_date,b1_0.status,b1_0.total_amount from bookings b1_0 where b1_0.customer_id=?
Hibernate: select u1_0.id,u1_0.email,u1_0.first_name,u1_0.last_name,u1_0.password,u1_0.phone,u1_0.role from users u1_0 where u1_0.id=?
Hibernate: select sc1_0.id,sc1_0.description,sc1_0.icon_url,sc1_0.is_active,sc1_0.name from service_categories sc1_0
Hibernate: select u1_0.id,u1_0.email,u1_0.first_name,u1_0.last_name,u1_0.password,u1_0.phone,u1_0.role from users u1_0 where u1_0.id=?
Hibernate: select sc1_0.id,sc1_0.description,sc1_0.icon_url,sc1_0.is_active,sc1_0.name from service_categories sc1_0 where sc1_0.id=?
Hibernate: select a1_0.id,a1_0.city,a1_0.country,a1_0.is_default,a1_0.latitude,a1_0.longitude,a1_0.state,a1_0.street,a1_0.user_id,a1_0.zip_code from addresses a1_0 where a1_0.id=?
Hibernate: select u1_0.id,u1_0.email,u1_0.first_name,u1_0.last_name,u1_0.password,u1_0.phone,u1_0.role from users u1_0 where u1_0.id=?
Hibernate: select u1_0.id,u1_0.email,u1_0.first_name,u1_0.last_name,u1_0.password,u1_0.phone,u1_0.role from users u1_0 where u1_0.id=?
2026-08-18T17:41:53.662+05:30  INFO 20852 --- [fixmate-backend] [trap-executor-0] c.n.d.s.r.aws.ConfigClusterResolver      : Resolving eureka endpoints via configuration
2026-08-18T17:46:53.713+05:30  INFO 20852 --- [fixmate-backend] [trap-executor-0] c.n.d.s.r.aws.ConfigClusterResolver      : Resolving eureka endpoints via configuration
Hibernate: select u1_0.id,u1_0.email,u1_0.first_name,u1_0.last_name,u1_0.password,u1_0.phone,u1_0.role from users u1_0 where u1_0.email=?
Hibernate: select b1_0.id,b1_0.address_id,b1_0.category_id,b1_0.customer_id,b1_0.customer_latitude,b1_0.customer_longitude,b1_0.is_emergency,b1_0.notes,b1_0.partner_id,b1_0.partner_latitude,b1_0.partner_longitude,b1_0.scheduled_date,b1_0.status,b1_0.total_amount from bookings b1_0 where b1_0.customer_id=?
Hibernate: select u1_0.id,u1_0.email,u1_0.first_name,u1_0.last_name,u1_0.password,u1_0.phone,u1_0.role from users u1_0 where u1_0.email=?
Hibernate: select u1_0.id,u1_0.email,u1_0.first_name,u1_0.last_name,u1_0.password,u1_0.phone,u1_0.role from users u1_0 where u1_0.id=?
Hibernate: select u1_0.id,u1_0.email,u1_0.first_name,u1_0.last_name,u1_0.password,u1_0.phone,u1_0.role from users u1_0 where u1_0.id=?
Hibernate: select sc1_0.id,sc1_0.description,sc1_0.icon_url,sc1_0.is_active,sc1_0.name from service_categories sc1_0 where sc1_0.id=?
Hibernate: select a1_0.id,a1_0.city,a1_0.country,a1_0.is_default,a1_0.latitude,a1_0.longitude,a1_0.state,a1_0.street,a1_0.user_id,a1_0.zip_code from addresses a1_0 where a1_0.id=?
Hibernate: select u1_0.id,u1_0.email,u1_0.first_name,u1_0.last_name,u1_0.password,u1_0.phone,u1_0.role from users u1_0 where u1_0.id=?
Hibernate: select sc1_0.id,sc1_0.description,sc1_0.icon_url,sc1_0.is_active,sc1_0.name from service_categories sc1_0
Hibernate: select u1_0.id,u1_0.email,u1_0.first_name,u1_0.last_name,u1_0.password,u1_0.phone,u1_0.role from users u1_0 where u1_0.id=?
Hibernate: select u1_0.id,u1_0.email,u1_0.first_name,u1_0.last_name,u1_0.password,u1_0.phone,u1_0.role from users u1_0 where u1_0.email=?
Hibernate: select u1_0.id,u1_0.email,u1_0.first_name,u1_0.last_name,u1_0.password,u1_0.phone,u1_0.role from users u1_0 where u1_0.email=?
Hibernate: select b1_0.id,b1_0.address_id,b1_0.category_id,b1_0.customer_id,b1_0.customer_latitude,b1_0.customer_longitude,b1_0.is_emergency,b1_0.notes,b1_0.partner_id,b1_0.partner_latitude,b1_0.partner_longitude,b1_0.scheduled_date,b1_0.status,b1_0.total_amount from bookings b1_0 where b1_0.customer_id=?
Hibernate: select u1_0.id,u1_0.email,u1_0.first_name,u1_0.last_name,u1_0.password,u1_0.phone,u1_0.role from users u1_0 where u1_0.id=?
Hibernate: select u1_0.id,u1_0.email,u1_0.first_name,u1_0.last_name,u1_0.password,u1_0.phone,u1_0.role from users u1_0 where u1_0.id=?
Hibernate: select sc1_0.id,sc1_0.description,sc1_0.icon_url,sc1_0.is_active,sc1_0.name from service_categories sc1_0 where sc1_0.id=?
Hibernate: select a1_0.id,a1_0.city,a1_0.country,a1_0.is_default,a1_0.latitude,a1_0.longitude,a1_0.state,a1_0.street,a1_0.user_id,a1_0.zip_code from addresses a1_0 where a1_0.id=?
Hibernate: select sc1_0.id,sc1_0.description,sc1_0.icon_url,sc1_0.is_active,sc1_0.name from service_categories sc1_0
Hibernate: select u1_0.id,u1_0.email,u1_0.first_name,u1_0.last_name,u1_0.password,u1_0.phone,u1_0.role from users u1_0 where u1_0.id=?
Hibernate: select u1_0.id,u1_0.email,u1_0.first_name,u1_0.last_name,u1_0.password,u1_0.phone,u1_0.role from users u1_0 where u1_0.id=?
2026-08-18T17:59:57.485+05:30  WARN 20852 --- [fixmate-backend] [l-1 housekeeper] com.zaxxer.hikari.pool.HikariPool        : HikariPool-1 - Thread starvation or clock leap detected (housekeeper delta=10m8s693ms20µs100ns).
Hibernate: select u1_0.id,u1_0.email,u1_0.first_name,u1_0.last_name,u1_0.password,u1_0.phone,u1_0.role from users u1_0 where u1_0.email=?
Hibernate: select count(n1_0.id) from notifications n1_0 where n1_0.user_id=? and not(n1_0.is_read)
Hibernate: select u1_0.id,u1_0.email,u1_0.first_name,u1_0.last_name,u1_0.password,u1_0.phone,u1_0.role from users u1_0 where u1_0.email=?
Hibernate: select u1_0.id,u1_0.email,u1_0.first_name,u1_0.last_name,u1_0.password,u1_0.phone,u1_0.role from users u1_0 where u1_0.email=?
Hibernate: select u1_0.id,u1_0.email,u1_0.first_name,u1_0.last_name,u1_0.password,u1_0.phone,u1_0.role from users u1_0 where u1_0.email=?
Hibernate: select u1_0.id,u1_0.email,u1_0.first_name,u1_0.last_name,u1_0.password,u1_0.phone,u1_0.role from users u1_0 where u1_0.email=?
Hibernate: select u1_0.id,u1_0.email,u1_0.first_name,u1_0.last_name,u1_0.password,u1_0.phone,u1_0.role from users u1_0 where u1_0.email=?
Hibernate: select b1_0.id,b1_0.address_id,b1_0.category_id,b1_0.customer_id,b1_0.customer_latitude,b1_0.customer_longitude,b1_0.is_emergency,b1_0.notes,b1_0.partner_id,b1_0.partner_latitude,b1_0.partner_longitude,b1_0.scheduled_date,b1_0.status,b1_0.total_amount from bookings b1_0 where b1_0.partner_id=?
Hibernate: select count(n1_0.id) from notifications n1_0 where n1_0.user_id=? and not(n1_0.is_read)
Hibernate: select spp1_0.id,spp1_0.current_latitude,spp1_0.current_longitude,spp1_0.experience_years,spp1_0.hourly_rate,spp1_0.is_available,spp1_0.is_online,spp1_0.kyc_document_ref,spp1_0.kyc_status,spp1_0.last_location_update,spp1_0.smart_service_score,spp1_0.total_reviews,spp1_0.user_id from partner_profiles spp1_0 where spp1_0.user_id=?
Hibernate: select n1_0.id,n1_0.booking_id,n1_0.created_at,n1_0.is_read,n1_0.message,n1_0.title,n1_0.type,n1_0.user_id from notifications n1_0 where n1_0.user_id=? order by n1_0.created_at desc
Hibernate: select u1_0.id,u1_0.email,u1_0.first_name,u1_0.last_name,u1_0.password,u1_0.phone,u1_0.role from users u1_0 where u1_0.id=?
Hibernate: select sc1_0.id,sc1_0.description,sc1_0.icon_url,sc1_0.is_active,sc1_0.name from service_categories sc1_0
Hibernate: select u1_0.id,u1_0.email,u1_0.first_name,u1_0.last_name,u1_0.password,u1_0.phone,u1_0.role from users u1_0 where u1_0.id=?
Hibernate: select sc1_0.id,sc1_0.description,sc1_0.icon_url,sc1_0.is_active,sc1_0.name from service_categories sc1_0 where sc1_0.id=?
Hibernate: select a1_0.id,a1_0.city,a1_0.country,a1_0.is_default,a1_0.latitude,a1_0.longitude,a1_0.state,a1_0.street,a1_0.user_id,a1_0.zip_code from addresses a1_0 where a1_0.id=?
Hibernate: select u1_0.id,u1_0.email,u1_0.first_name,u1_0.last_name,u1_0.password,u1_0.phone,u1_0.role from users u1_0 where u1_0.email=?
Hibernate: select s1_0.profile_id,s1_0.skill from partner_skills s1_0 where s1_0.profile_id=?
Hibernate: select u1_0.id,u1_0.email,u1_0.first_name,u1_0.last_name,u1_0.password,u1_0.phone,u1_0.role from users u1_0 where u1_0.email=?
Hibernate: select u1_0.id,u1_0.email,u1_0.first_name,u1_0.last_name,u1_0.password,u1_0.phone,u1_0.role from users u1_0 where u1_0.email=?
Hibernate: select count(n1_0.id) from notifications n1_0 where n1_0.user_id=? and not(n1_0.is_read)
Hibernate: select u1_0.id,u1_0.email,u1_0.first_name,u1_0.last_name,u1_0.password,u1_0.phone,u1_0.role from users u1_0 where u1_0.email=?
Hibernate: select u1_0.id,u1_0.email,u1_0.first_name,u1_0.last_name,u1_0.password,u1_0.phone,u1_0.role from users u1_0 where u1_0.email=?
Hibernate: select sc1_0.id,sc1_0.description,sc1_0.icon_url,sc1_0.is_active,sc1_0.name from service_categories sc1_0
Hibernate: select b1_0.id,b1_0.address_id,b1_0.category_id,b1_0.customer_id,b1_0.customer_latitude,b1_0.customer_longitude,b1_0.is_emergency,b1_0.notes,b1_0.partner_id,b1_0.partner_latitude,b1_0.partner_longitude,b1_0.scheduled_date,b1_0.status,b1_0.total_amount from bookings b1_0 where b1_0.partner_id=?
Hibernate: select spp1_0.id,spp1_0.current_latitude,spp1_0.current_longitude,spp1_0.experience_years,spp1_0.hourly_rate,spp1_0.is_available,spp1_0.is_online,spp1_0.kyc_document_ref,spp1_0.kyc_status,spp1_0.last_location_update,spp1_0.smart_service_score,spp1_0.total_reviews,spp1_0.user_id from partner_profiles spp1_0 where spp1_0.user_id=?
Hibernate: select u1_0.id,u1_0.email,u1_0.first_name,u1_0.last_name,u1_0.password,u1_0.phone,u1_0.role from users u1_0 where u1_0.id=?
Hibernate: select s1_0.profile_id,s1_0.skill from partner_skills s1_0 where s1_0.profile_id=?
Hibernate: select n1_0.id,n1_0.booking_id,n1_0.created_at,n1_0.is_read,n1_0.message,n1_0.title,n1_0.type,n1_0.user_id from notifications n1_0 where n1_0.user_id=? order by n1_0.created_at desc
Hibernate: select u1_0.id,u1_0.email,u1_0.first_name,u1_0.last_name,u1_0.password,u1_0.phone,u1_0.role from users u1_0 where u1_0.id=?
Hibernate: select sc1_0.id,sc1_0.description,sc1_0.icon_url,sc1_0.is_active,sc1_0.name from service_categories sc1_0 where sc1_0.id=?
Hibernate: select a1_0.id,a1_0.city,a1_0.country,a1_0.is_default,a1_0.latitude,a1_0.longitude,a1_0.state,a1_0.street,a1_0.user_id,a1_0.zip_code from addresses a1_0 where a1_0.id=?
Hibernate: select u1_0.id,u1_0.email,u1_0.first_name,u1_0.last_name,u1_0.password,u1_0.phone,u1_0.role from users u1_0 where u1_0.email=?
Hibernate: select count(n1_0.id) from notifications n1_0 where n1_0.user_id=? and not(n1_0.is_read)
2026-08-18T18:01:32.432+05:30  INFO 20852 --- [fixmate-backend] [trap-executor-0] c.n.d.s.r.aws.ConfigClusterResolver      : Resolving eureka endpoints via configuration
Hibernate: select u1_0.id,u1_0.email,u1_0.first_name,u1_0.last_name,u1_0.password,u1_0.phone,u1_0.role from users u1_0 where u1_0.email=?
Hibernate: select count(n1_0.id) from notifications n1_0 where n1_0.user_id=? and not(n1_0.is_read)
Hibernate: select u1_0.id,u1_0.email,u1_0.first_name,u1_0.last_name,u1_0.password,u1_0.phone,u1_0.role from users u1_0 where u1_0.email=?
Hibernate: select count(n1_0.id) from notifications n1_0 where n1_0.user_id=? and not(n1_0.is_read)
Hibernate: select u1_0.id,u1_0.email,u1_0.first_name,u1_0.last_name,u1_0.password,u1_0.phone,u1_0.role from users u1_0 where u1_0.email=?
Hibernate: select count(n1_0.id) from notifications n1_0 where n1_0.user_id=? and not(n1_0.is_read)
Hibernate: select u1_0.id,u1_0.email,u1_0.first_name,u1_0.last_name,u1_0.password,u1_0.phone,u1_0.role from users u1_0 where u1_0.email=?
Hibernate: select count(n1_0.id) from notifications n1_0 where n1_0.user_id=? and not(n1_0.is_read)
Hibernate: select u1_0.id,u1_0.email,u1_0.first_name,u1_0.last_name,u1_0.password,u1_0.phone,u1_0.role from users u1_0 where u1_0.email=?
Hibernate: select count(n1_0.id) from notifications n1_0 where n1_0.user_id=? and not(n1_0.is_read)
Hibernate: select u1_0.id,u1_0.email,u1_0.first_name,u1_0.last_name,u1_0.password,u1_0.phone,u1_0.role from users u1_0 where u1_0.email=?
Hibernate: select count(n1_0.id) from notifications n1_0 where n1_0.user_id=? and not(n1_0.is_read)
Hibernate: select u1_0.id,u1_0.email,u1_0.first_name,u1_0.last_name,u1_0.password,u1_0.phone,u1_0.role from users u1_0 where u1_0.email=?
Hibernate: select count(n1_0.id) from notifications n1_0 where n1_0.user_id=? and not(n1_0.is_read)
Hibernate: select u1_0.id,u1_0.email,u1_0.first_name,u1_0.last_name,u1_0.password,u1_0.phone,u1_0.role from users u1_0 where u1_0.email=?
Hibernate: select count(n1_0.id) from notifications n1_0 where n1_0.user_id=? and not(n1_0.is_read)
Hibernate: select u1_0.id,u1_0.email,u1_0.first_name,u1_0.last_name,u1_0.password,u1_0.phone,u1_0.role from users u1_0 where u1_0.email=?
Hibernate: select count(n1_0.id) from notifications n1_0 where n1_0.user_id=? and not(n1_0.is_read)
Hibernate: select u1_0.id,u1_0.email,u1_0.first_name,u1_0.last_name,u1_0.password,u1_0.phone,u1_0.role from users u1_0 where u1_0.email=?
Hibernate: select count(n1_0.id) from notifications n1_0 where n1_0.user_id=? and not(n1_0.is_read)
Hibernate: select u1_0.id,u1_0.email,u1_0.first_name,u1_0.last_name,u1_0.password,u1_0.phone,u1_0.role from users u1_0 where u1_0.email=?
Hibernate: select count(n1_0.id) from notifications n1_0 where n1_0.user_id=? and not(n1_0.is_read)
Hibernate: select u1_0.id,u1_0.email,u1_0.first_name,u1_0.last_name,u1_0.password,u1_0.phone,u1_0.role from users u1_0 where u1_0.email=?
Hibernate: select count(n1_0.id) from notifications n1_0 where n1_0.user_id=? and not(n1_0.is_read)
